zona,SUM de PrecioActual,,habitaciones,COUNTA de titulo,,,COUNTA de titulo,zona,,,,,,,,,,,,,,,,,,,,
arganzuela,€182.141.969,,1,"14,44%",,,provincia,arganzuela,barajas,barrio-de-salamanca,carabanchel,centro,chamartin,chamberi,ciudad-lineal,fuencarral,hortaleza,latina,moncloa,moratalaz,puente-de-vallecas,retiro,san-blas,tetuan,usera,vicalvaro,villa-de-vallecas,villaverde
barajas,€52.198.689,,2,"30,08%",,,madrid,365,94,1992,558,1733,666,753,522,368,391,323,505,96,509,502,315,558,289,192,206,309
barrio-de-salamanca,€3.917.561.030,,3,"33,51%",,,,,,,,,,,,,,,,,,,,,,,,
carabanchel,€151.750.982,,4,"13,25%",,,,,,,,,,,,,,,,,,,,,,,,
centro,€1.515.082.365,,5,"6,14%",,,,,,,,,,,,,,,,,,,,,,,,
chamartin,€1.110.567.170,,6,"2,59%",,,,,,,,,,,,,,,,,,,,,,,,
chamberi,€1.157.453.241,,,,,,,,,,,,,,,,,,,,,,,,,,,
ciudad-lineal,€284.042.254,,,,,,,,,,,,,,,,,,,,,,,,,,,
fuencarral,€309.602.800,,localizacion,titulo,SUM de PrecioActual,,,,,,,,,,,,,,,,,,,,,,,
hortaleza,€430.367.529,,EXTERIOR,"Ático en Acacias, Madrid",€950.000,,,,,,,,,,,,,,,,,,,,,,,
latina,€97.591.899,,,"Ático en Adelfas, Madrid",€895.000,,,,,,,,,,,,,,,,,,,,,,,
moncloa,€682.911.286,,,"Ático en Alameda de Osuna, Madrid",€1.770.000,,,,,,,,,,,,,,,,,,,,,,,
moratalaz,€28.651.899,,,"Ático en Almagro, Madrid",€45.940.000,,,,,,,,,,,,,,,,,,,,,,,
puente-de-vallecas,€97.620.994,,,"Ático en almirante, Chueca-Justicia, Madrid",€2.460.000,,,,,,,,,,,,,,,,,,,,,,,
retiro,€644.217.125,,,"Ático en Alonso Cano, 68, Nuevos Ministerios-Ríos Rosas, Madrid",€1.822.670,,,,,,,,,,,,,,,,,,,,,,,
san-blas,€128.467.109,,,"Ático en Ángel Beato, 3, Peñagrande, Madrid",€990.000,,,,,,,,,,,,,,,,,,,,,,,
tetuan,€331.360.683,,,"Ático en angel, 9, Palacio, Madrid",€498.000,,,,,,,,,,,,,,,,,,,,,,,
usera,€72.989.775,,,"Ático en Antonia Ruiz Soro, 16, Guindalera, Madrid",€780.000,,,,,,,,,,,,,,,,,,,,,,,
vicalvaro,€68.540.473,,,"Ático en Antonio Pérez, 24, El Viso, Madrid",€6.900.000,,,,,,,,,,,,,,,,,,,,,,,
villa-de-vallecas,€62.109.417,,,"Ático en Arapiles, Madrid",€1.830.000,,,,,,,,,,,,,,,,,,,,,,,
villaverde,€61.649.003,,,"Ático en Aravaca, Madrid",€4.750.000,,,,,,,,,,,,,,,,,,,,,,,
,,,,"Ático en Arcos, Madrid",€455.000,,,,,,,,,,,,,,,,,,,,,,,
,,,,"Ático en Argüelles, Madrid",€5.495.000,,,,,,,,,,,,,,,,,,,,,,,
,,,,"Ático en Arroyo del Cañaveral, 127, El Cañaveral, Madrid",€1.320.000,,,,,,,,,,,,,,,,,,,,,,,
,,,,"Ático en Arroyo del Fresno, Madrid",€1.450.000,,,,,,,,,,,,,,,,,,,,,,,
,,,,"Ático en Atalaya, Madrid",€2.600.000,,,,,,,,,,,,,,,,,,,,,,,
,,,,"Ático en avenida Burgos, 5, Castilla, Madrid",€2.515.000,,,,,,,,,,,,,,,,,,,,,,,
,,,,"Ático en avenida de Alfonso XIII, 139, Nueva España, Madrid",€790.000,,,,,,,,,,,,,,,,,,,,,,,
,,,,"Ático en avenida de América, 37, Prosperidad, Madrid",€1.800.000,,,,,,,,,,,,,,,,,,,,,,,
,,,,"Ático en avenida de Burgos, 42, Castilla, Madrid",€994.000,,,,,,,,,,,,,,,,,,,,,,,
,,,,"Ático en avenida de Córdoba, 29, Almendrales, Madrid",€798.000,,,,,,,,,,,,,,,,,,,,,,,
,,,,"Ático en avenida de Europa, Aravaca, Madrid",€995.000,,,,,,,,,,,,,,,,,,,,,,,
,,,,"Ático en avenida de Guadalajara, Arcos, Madrid",€569.000,,,,,,,,,,,,,,,,,,,,,,,
,,,,"Ático en avenida de la Albufera, Palomeras sureste, Madrid",€515.000,,,,,,,,,,,,,,,,,,,,,,,
,,,,"Ático en avenida de la Ciudad de Barcelona, 108, Pacífico, Madrid",€790.000,,,,,,,,,,,,,,,,,,,,,,,
,,,,"Ático en avenida de la Ciudad de Barcelona, Adelfas, Madrid",€499.000,,,,,,,,,,,,,,,,,,,,,,,
,,,,"Ático en avenida de la Gran Vía del Sureste, 31, Ensanche de Vallecas - La Gavia, Madrid",€298.000,,,,,,,,,,,,,,,,,,,,,,,
,,,,"Ático en avenida de la Peseta, Pau de Carabanchel, Madrid",€1.500.000,,,,,,,,,,,,,,,,,,,,,,,
,,,,"Ático en avenida de los Andes, Conde Orgaz-Piovera, Madrid",€1.330.000,,,,,,,,,,,,,,,,,,,,,,,
,,,,"Ático en avenida de los Prunos, 5, Palomas, Madrid",€830.000,,,,,,,,,,,,,,,,,,,,,,,
,,,,"Ático en avenida de los Prunos, Palomas, Madrid",€5.950.000,,,,,,,,,,,,,,,,,,,,,,,
,,,,"Ático en avenida de Machupichu, Conde Orgaz-Piovera, Madrid",€980.000,,,,,,,,,,,,,,,,,,,,,,,
,,,,"Ático en avenida de Machupichu, s/n, Conde Orgaz-Piovera, Madrid",€1.050.000,,,,,,,,,,,,,,,,,,,,,,,
,,,,"Ático en avenida de Manoteras, 30, Virgen del Cortijo - Manoteras, Madrid",€295.000,,,,,,,,,,,,,,,,,,,,,,,
,,,,"Ático en avenida del Cerro Milano, Ensanche de Vallecas - La Gavia, Madrid",€585.000,,,,,,,,,,,,,,,,,,,,,,,
,,,,"Ático en avenida del Doctor Arce, El Viso, Madrid",€7.600.000,,,,,,,,,,,,,,,,,,,,,,,
,,,,"Ático en avenida del Ensanche de Vallecas, 101, Ensanche de Vallecas - La Gavia, Madrid",€379.000,,,,,,,,,,,,,,,,,,,,,,,
,,,,"Ático en avenida del Ensanche de Vallecas, 106, Ensanche de Vallecas - La Gavia, Madrid",€295.000,,,,,,,,,,,,,,,,,,,,,,,
,,,,"Ático en avenida del Ensanche de Vallecas, 78, Ensanche de Vallecas - La Gavia, Madrid",€575.000,,,,,,,,,,,,,,,,,,,,,,,
,,,,"Ático en avenida del Ensanche de Vallecas, Ensanche de Vallecas - La Gavia, Madrid",€980.000,,,,,,,,,,,,,,,,,,,,,,,
,,,,"Ático en avenida del Manzanares, Comillas, Madrid",€600.000,,,,,,,,,,,,,,,,,,,,,,,
,,,,"Ático en avenida del Manzanares, Moscardó, Madrid",€229.000,,,,,,,,,,,,,,,,,,,,,,,
,,,,"Ático en avenida del Mediterráneo, Estrella, Madrid",€920.000,,,,,,,,,,,,,,,,,,,,,,,
,,,,"Ático en avenida del Mediterráneo, Pacífico, Madrid",€850.000,,,,,,,,,,,,,,,,,,,,,,,
,,,,"Ático en avenida del Planetario, 34, Legazpi, Madrid",€580.000,,,,,,,,,,,,,,,,,,,,,,,
,,,,"Ático en avenida del Talgo, 127, Aravaca, Madrid",€750.000,,,,,,,,,,,,,,,,,,,,,,,
,,,,"Ático en avenida Juan Antonio Samaranch, s/n, Valdebebas - Valdefuentes, Madrid",€1.783.000,,,,,,,,,,,,,,,,,,,,,,,
,,,,"Ático en avenida Provisional Ahijones Nueve, 90, Los Ahijones, Madrid",€586.500,,,,,,,,,,,,,,,,,,,,,,,
,,,,"Ático en avenida Real de Pinto, Villaverde Alto, Madrid",€346.000,,,,,,,,,,,,,,,,,,,,,,,
,,,,"Ático en avenida Séptima, Rejas, Madrid",€725.000,,,,,,,,,,,,,,,,,,,,,,,
,,,,"Ático en Bellas Vistas, Madrid",€219.000,,,,,,,,,,,,,,,,,,,,,,,
,,,,"Ático en Bernabéu-Hispanoamérica, Madrid",€2.330.000,,,,,,,,,,,,,,,,,,,,,,,
,,,,"Ático en Berruguete, Madrid",€545.000,,,,,,,,,,,,,,,,,,,,,,,
,,,,"Ático en Butarque, Madrid",€339.900,,,,,,,,,,,,,,,,,,,,,,,
,,,,"Ático en calle Alameda del Valle, 27, Ensanche de Vallecas - La Gavia, Madrid",€610.000,,,,,,,,,,,,,,,,,,,,,,,
,,,,"Ático en calle Alejandro Sánchez, 100 b, Opañel, Madrid",€240.000,,,,,,,,,,,,,,,,,,,,,,,
,,,,"Ático en calle Alfredo Aleix, 26, Buena Vista, Madrid",€709.800,,,,,,,,,,,,,,,,,,,,,,,
,,,,"Ático en calle Allendesalazar, 2, Colina, Madrid",€1.510.824,,,,,,,,,,,,,,,,,,,,,,,
,,,,"Ático en calle Almazán, 8, Lucero, Madrid",€852.396,,,,,,,,,,,,,,,,,,,,,,,
,,,,"Ático en calle Ángel Beato, 3, Peñagrande, Madrid",€990.000,,,,,,,,,,,,,,,,,,,,,,,
,,,,"Ático en calle Antolina Merino, 12, Vista Alegre, Madrid",€300.000,,,,,,,,,,,,,,,,,,,,,,,
,,,,"Ático en calle Antonio Prieto, Zofío, Madrid",€255.000,,,,,,,,,,,,,,,,,,,,,,,
,,,,"Ático en calle Ardales, Aravaca, Madrid",€1.300.000,,,,,,,,,,,,,,,,,,,,,,,
,,,,"Ático en calle Arroyo del Cañaveral, 114, El Cañaveral, Madrid",€646.000,,,,,,,,,,,,,,,,,,,,,,,
,,,,"Ático en calle Arte Expresionista, 24, Ensanche de Vallecas - La Gavia, Madrid",€299.000,,,,,,,,,,,,,,,,,,,,,,,
,,,,"Ático en calle Arte Expresionista, Ensanche de Vallecas - La Gavia, Madrid",€299.000,,,,,,,,,,,,,,,,,,,,,,,
,,,,"Ático en calle Arte Figurativo, s/n, Ensanche de Vallecas - La Gavia, Madrid",€599.900,,,,,,,,,,,,,,,,,,,,,,,
,,,,"Ático en calle Arturo Soria, 161, Colina, Madrid",€4.560.000,,,,,,,,,,,,,,,,,,,,,,,
,,,,"Ático en calle Azucenas, 72, Valdeacederas, Madrid",€350.000,,,,,,,,,,,,,,,,,,,,,,,
,,,,"Ático en calle Bandera, s/n, San Isidro, Madrid",€289.999,,,,,,,,,,,,,,,,,,,,,,,
,,,,"Ático en calle Barranco del Novillo, s/n, Ensanche de Vallecas - La Gavia, Madrid",€576.000,,,,,,,,,,,,,,,,,,,,,,,
,,,,"Ático en calle Bausá, 13, Costillares, Madrid",€2.595.000,,,,,,,,,,,,,,,,,,,,,,,
,,,,"Ático en calle Caleruega, 79, Costillares, Madrid",€1.800.000,,,,,,,,,,,,,,,,,,,,,,,
,,,,"Ático en calle Castillo, Trafalgar, Madrid",€1.050.000,,,,,,,,,,,,,,,,,,,,,,,
,,,,"Ático en calle de Abtao, Pacífico, Madrid",€945.000,,,,,,,,,,,,,,,,,,,,,,,
,,,,"Ático en calle de Agastia, San Pascual, Madrid",€890.000,,,,,,,,,,,,,,,,,,,,,,,
,,,,"Ático en calle de Alcalá, 175, Goya, Madrid",€1.190.000,,,,,,,,,,,,,,,,,,,,,,,
,,,,"Ático en calle de Alcalá, 412, Pueblo Nuevo, Madrid",€1.300.000,,,,,,,,,,,,,,,,,,,,,,,
,,,,"Ático en calle de Alcalá, Canillejas, Madrid",€854.000,,,,,,,,,,,,,,,,,,,,,,,
,,,,"Ático en calle de Alcalá, Goya, Madrid",€3.960.000,,,,,,,,,,,,,,,,,,,,,,,
,,,,"Ático en calle de Alcalá, Guindalera, Madrid",€1.195.000,,,,,,,,,,,,,,,,,,,,,,,
,,,,"Ático en calle de Alcántara, s/n, Lista, Madrid",€1.200.000,,,,,,,,,,,,,,,,,,,,,,,
,,,,"Ático en calle de Alfonso VI, 5, Palacio, Madrid",€380.000,,,,,,,,,,,,,,,,,,,,,,,
,,,,"Ático en calle de Alfonso VI, Palacio, Madrid",€395.000,,,,,,,,,,,,,,,,,,,,,,,
,,,,"Ático en calle de Alfonso X, Almagro, Madrid",€1.150.000,,,,,,,,,,,,,,,,,,,,,,,
,,,,"Ático en calle de Algemesí, Timón, Madrid",€1.070.000,,,,,,,,,,,,,,,,,,,,,,,
,,,,"Ático en calle de Almendrales, 33, Almendrales, Madrid",€1.015.000,,,,,,,,,,,,,,,,,,,,,,,
,,,,"Ático en calle de Alonso Cano, Nuevos Ministerios-Ríos Rosas, Madrid",€1.990.000,,,,,,,,,,,,,,,,,,,,,,,
,,,,"Ático en calle de Alonso Carbonell, Chopera, Madrid",€590.000,,,,,,,,,,,,,,,,,,,,,,,
,,,,"Ático en calle de Alustante, Prosperidad, Madrid",€2.678.000,,,,,,,,,,,,,,,,,,,,,,,
,,,,"Ático en calle de Américo Castro, Sanchinarro, Madrid",€1.200.000,,,,,,,,,,,,,,,,,,,,,,,
,,,,"Ático en calle de Andrés Mellado, Gaztambide, Madrid",€1.350.000,,,,,,,,,,,,,,,,,,,,,,,
,,,,"Ático en calle de Andrés Obispo, Canillas, Madrid",€485.000,,,,,,,,,,,,,,,,,,,,,,,
,,,,"Ático en calle de Antonio Acuña, Goya, Madrid",€2.550.000,,,,,,,,,,,,,,,,,,,,,,,
,,,,"Ático en calle de Antonio Acuña, Ibiza, Madrid",€2.150.000,,,,,,,,,,,,,,,,,,,,,,,
,,,,"Ático en calle de Antonio Acuña, s/n, Goya, Madrid",€1.999.000,,,,,,,,,,,,,,,,,,,,,,,
,,,,"Ático en calle de Antonio Gades, s/n, Ensanche de Vallecas - La Gavia, Madrid",€379.000,,,,,,,,,,,,,,,,,,,,,,,
,,,,"Ático en calle de Arturo Soria, 125, Colina, Madrid",€1.490.000,,,,,,,,,,,,,,,,,,,,,,,
,,,,"Ático en calle de Atocha, Huertas-Cortes, Madrid",€1.100.000,,,,,,,,,,,,,,,,,,,,,,,
,,,,"Ático en calle de Ayala, Goya, Madrid",€1.085.000,,,,,,,,,,,,,,,,,,,,,,,
,,,,"Ático en calle de Bárbara de Braganza, Chueca-Justicia, Madrid",€2.090.000,,,,,,,,,,,,,,,,,,,,,,,
,,,,"Ático en calle de Beire, Bellas Vistas, Madrid",€425.000,,,,,,,,,,,,,,,,,,,,,,,
,,,,"Ático en calle de Benigno Soto, Ciudad Jardín, Madrid",€590.000,,,,,,,,,,,,,,,,,,,,,,,
,,,,"Ático en calle de Benita López, Los Rosales, Madrid",€900.000,,,,,,,,,,,,,,,,,,,,,,,
,,,,"Ático en calle de Bolivia, Bernabéu-Hispanoamérica, Madrid",€1.500.000,,,,,,,,,,,,,,,,,,,,,,,
,,,,"Ático en calle de Bravo Murillo, Cuatro Caminos, Madrid",€770.000,,,,,,,,,,,,,,,,,,,,,,,
,,,,"Ático en calle de Caleruega, Costillares, Madrid",€870.000,,,,,,,,,,,,,,,,,,,,,,,
,,,,"Ático en calle de Callejo, 10, San Diego, Madrid",€225.000,,,,,,,,,,,,,,,,,,,,,,,
,,,,"Ático en calle de Canarias, 82, Palos de la Frontera, Madrid",€990.000,,,,,,,,,,,,,,,,,,,,,,,
,,,,"Ático en calle de Canillas, Prosperidad, Madrid",€650.000,,,,,,,,,,,,,,,,,,,,,,,
,,,,"Ático en calle de Carretas, 15, Sol, Madrid",€1.990.000,,,,,,,,,,,,,,,,,,,,,,,
,,,,"Ático en calle de Cartagena, 1, Guindalera, Madrid",€399.000,,,,,,,,,,,,,,,,,,,,,,,
,,,,"Ático en calle de Castiello de Jaca, 14, Las Tablas, Madrid",€850.000,,,,,,,,,,,,,,,,,,,,,,,
,,,,"Ático en calle de Cea Bermúdez, 63, Vallehermoso, Madrid",€890.000,,,,,,,,,,,,,,,,,,,,,,,
,,,,"Ático en calle de Claudio Coello, Castellana, Madrid",€3.600.000,,,,,,,,,,,,,,,,,,,,,,,
,,,,"Ático en calle de Claudio Coello, Recoletos, Madrid",€3.900.000,,,,,,,,,,,,,,,,,,,,,,,
,,,,"Ático en calle de Cyesa, Ventas, Madrid",€450.000,,,,,,,,,,,,,,,,,,,,,,,
,,,,"Ático en calle de Don Ramón de la Cruz, Goya, Madrid",€6.887.000,,,,,,,,,,,,,,,,,,,,,,,
,,,,"Ático en calle de Don Ramón de la Cruz, Lista, Madrid",€4.950.000,,,,,,,,,,,,,,,,,,,,,,,
,,,,"Ático en calle de Dulce Chacón, 33, Virgen del Cortijo - Manoteras, Madrid",€1.450.000,,,,,,,,,,,,,,,,,,,,,,,
,,,,"Ático en calle de Dulce Chacón, Virgen del Cortijo - Manoteras, Madrid",€1.395.000,,,,,,,,,,,,,,,,,,,,,,,
,,,,"Ático en calle de Elvira, Fuente del Berro, Madrid",€345.000,,,,,,,,,,,,,,,,,,,,,,,
,,,,"Ático en calle de Enrique de Aldama, 1, Peñagrande, Madrid",€1.225.000,,,,,,,,,,,,,,,,,,,,,,,
,,,,"Ático en calle de Ercilla, Acacias, Madrid",€900.000,,,,,,,,,,,,,,,,,,,,,,,
,,,,"Ático en calle de Evangelina Sobredo Galanes, Valdemarín, Madrid",€608.090,,,,,,,,,,,,,,,,,,,,,,,
,,,,"Ático en calle de Federica Montseny, 14, Arroyo del Fresno, Madrid",€1.225.000,,,,,,,,,,,,,,,,,,,,,,,
,,,,"Ático en calle de Fernán González, Ibiza, Madrid",€1.299.000,,,,,,,,,,,,,,,,,,,,,,,
,,,,"Ático en calle de Fernando el Católico, Arapiles, Madrid",€850.000,,,,,,,,,,,,,,,,,,,,,,,
,,,,"Ático en calle de Fernando el Católico, Gaztambide, Madrid",€360.000,,,,,,,,,,,,,,,,,,,,,,,
,,,,"Ático en calle de Fortuny, Almagro, Madrid",€6.400.000,,,,,,,,,,,,,,,,,,,,,,,
,,,,"Ático en calle de Francisco Navacerrada, Guindalera, Madrid",€439.000,,,,,,,,,,,,,,,,,,,,,,,
,,,,"Ático en calle de Francisco Remiro, 11, Guindalera, Madrid",€630.000,,,,,,,,,,,,,,,,,,,,,,,
,,,,"Ático en calle de Francisco Remiro, Guindalera, Madrid",€630.000,,,,,,,,,,,,,,,,,,,,,,,
,,,,"Ático en calle de Francisco Silvela, Lista, Madrid",€1.750.000,,,,,,,,,,,,,,,,,,,,,,,
,,,,"Ático en calle de Fray Ceferino González, Lavapiés-Embajadores, Madrid",€530.000,,,,,,,,,,,,,,,,,,,,,,,
,,,,"Ático en calle de Fuencarral, Chueca-Justicia, Madrid",€2.790.000,,,,,,,,,,,,,,,,,,,,,,,
,,,,"Ático en calle de Fuencarral, Malasaña-Universidad, Madrid",€1.980.000,,,,,,,,,,,,,,,,,,,,,,,
,,,,"Ático en calle de Fuentespina, Santa Eugenia, Madrid",€580.000,,,,,,,,,,,,,,,,,,,,,,,
,,,,"Ático en calle de García de Paredes, Trafalgar, Madrid",€1.900.000,,,,,,,,,,,,,,,,,,,,,,,
,,,,"Ático en calle de Granada, Pacífico, Madrid",€470.000,,,,,,,,,,,,,,,,,,,,,,,
,,,,"Ático en calle de Gutenberg, Pacífico, Madrid",€465.000,,,,,,,,,,,,,,,,,,,,,,,
,,,,"Ático en calle de Guzmán el Bueno, Gaztambide, Madrid",€2.499.000,,,,,,,,,,,,,,,,,,,,,,,
,,,,"Ático en calle de Hermosilla, 77, Goya, Madrid",€795.000,,,,,,,,,,,,,,,,,,,,,,,
,,,,"Ático en calle de Hermosilla, Goya, Madrid",€1.225.000,,,,,,,,,,,,,,,,,,,,,,,
,,,,"Ático en calle de Hermosilla, Recoletos, Madrid",€7.500.000,,,,,,,,,,,,,,,,,,,,,,,
,,,,"Ático en calle de Herreros de Tejada, 20, Bernabéu-Hispanoamérica, Madrid",€1.350.000,,,,,,,,,,,,,,,,,,,,,,,
,,,,"Ático en calle de Higinio Rodríguez, 62, Palomeras Bajas, Madrid",€227.000,,,,,,,,,,,,,,,,,,,,,,,
,,,,"Ático en calle de Hilarión Eslava, Gaztambide, Madrid",€2.034.000,,,,,,,,,,,,,,,,,,,,,,,
,,,,"Ático en calle de Hortaleza, Chueca-Justicia, Madrid",€409.000,,,,,,,,,,,,,,,,,,,,,,,
,,,,"Ático en calle de Ibiza, Ibiza, Madrid",€1.580.000,,,,,,,,,,,,,,,,,,,,,,,
,,,,"Ático en calle de Isaac Ramos, 4 D, Simancas, Madrid",€845.000,,,,,,,,,,,,,,,,,,,,,,,
,,,,"Ático en calle de Isabel Serrano, Valdeacederas, Madrid",€424.999,,,,,,,,,,,,,,,,,,,,,,,
,,,,"Ático en calle de Jacinto Verdaguer, Opañel, Madrid",€490.000,,,,,,,,,,,,,,,,,,,,,,,
,,,,"Ático en calle de Jorge Juan, Recoletos, Madrid",€630.000,,,,,,,,,,,,,,,,,,,,,,,
,,,,"Ático en calle de José Abascal, Nuevos Ministerios-Ríos Rosas, Madrid",€2.450.000,,,,,,,,,,,,,,,,,,,,,,,
,,,,"Ático en calle de José Ortega y Gasset, Castellana, Madrid",€16.000.000,,,,,,,,,,,,,,,,,,,,,,,
,,,,"Ático en calle de Juan de Austria, Trafalgar, Madrid",€1.240.000,,,,,,,,,,,,,,,,,,,,,,,
,,,,"Ático en calle de Juanelo, 21, Lavapiés-Embajadores, Madrid",€179.000,,,,,,,,,,,,,,,,,,,,,,,
,,,,"Ático en calle de Julián Hernández, 8, San Juan Bautista, Madrid",€1.750.000,,,,,,,,,,,,,,,,,,,,,,,
,,,,"Ático en calle de la Bahia de la Concha, 31, Campo de las Naciones-Corralejos, Madrid",€995.000,,,,,,,,,,,,,,,,,,,,,,,
,,,,"Ático en calle de la Bola, 9, Palacio, Madrid",€1.750.000,,,,,,,,,,,,,,,,,,,,,,,
,,,,"Ático en calle de la Cava Baja, 1, Palacio, Madrid",€360.000,,,,,,,,,,,,,,,,,,,,,,,
,,,,"Ático en calle de la Costa Brava, 13, Mirasierra, Madrid",€3.524.000,,,,,,,,,,,,,,,,,,,,,,,
,,,,"Ático en calle de la Encomienda, Lavapiés-Embajadores, Madrid",€475.000,,,,,,,,,,,,,,,,,,,,,,,
,,,,"Ático en calle de la Libertad, Chueca-Justicia, Madrid",€395.000,,,,,,,,,,,,,,,,,,,,,,,
,,,,"Ático en calle de la Luna, 12, Malasaña-Universidad, Madrid",€225.000,,,,,,,,,,,,,,,,,,,,,,,
,,,,"Ático en calle de la Montera, Sol, Madrid",€1.648.000,,,,,,,,,,,,,,,,,,,,,,,
,,,,"Ático en calle de la Princesa, 3, Argüelles, Madrid",€595.000,,,,,,,,,,,,,,,,,,,,,,,
,,,,"Ático en calle de la Sierra de Atapuerca, 3, Las Tablas, Madrid",€730.000,,,,,,,,,,,,,,,,,,,,,,,
,,,,"Ático en calle de la Unión, Palacio, Madrid",€1.183.000,,,,,,,,,,,,,,,,,,,,,,,
,,,,"Ático en calle de la Verja, Zofío, Madrid",€270.000,,,,,,,,,,,,,,,,,,,,,,,
,,,,"Ático en calle de la Virgen de los Peligros, Sol, Madrid",€2.250.000,,,,,,,,,,,,,,,,,,,,,,,
,,,,"Ático en calle de Lagasca, Recoletos, Madrid",€2.400.000,,,,,,,,,,,,,,,,,,,,,,,
,,,,"Ático en calle de las Hileras, Sol, Madrid",€1.980.000,,,,,,,,,,,,,,,,,,,,,,,
,,,,"Ático en calle de las Huertas, Huertas-Cortes, Madrid",€1.490.000,,,,,,,,,,,,,,,,,,,,,,,
,,,,"Ático en calle de las Maldonadas, Lavapiés-Embajadores, Madrid",€280.000,,,,,,,,,,,,,,,,,,,,,,,
,,,,"Ático en calle de las Mártires Concepcionistas, Lista, Madrid",€1.985.000,,,,,,,,,,,,,,,,,,,,,,,
,,,,"Ático en calle de las Mercedes, 16, Cuatro Caminos, Madrid",€270.000,,,,,,,,,,,,,,,,,,,,,,,
,,,,"Ático en calle de Lope de Rueda, 33, Ibiza, Madrid",€750.000,,,,,,,,,,,,,,,,,,,,,,,
,,,,"Ático en calle de Lorenza Correa, Bellas Vistas, Madrid",€715.000,,,,,,,,,,,,,,,,,,,,,,,
,,,,"Ático en calle de los Artistas, Cuatro Caminos, Madrid",€475.000,,,,,,,,,,,,,,,,,,,,,,,
,,,,"Ático en calle de los Cacereños, 41, Villaverde Alto, Madrid",€74.500,,,,,,,,,,,,,,,,,,,,,,,
,,,,"Ático en calle de los Fundadores, Fuente del Berro, Madrid",€950.000,,,,,,,,,,,,,,,,,,,,,,,
,,,,"Ático en calle de los Gavilanes, 2, Peñagrande, Madrid",€999.000,,,,,,,,,,,,,,,,,,,,,,,
,,,,"Ático en calle de los Madrazo, Huertas-Cortes, Madrid",€2.150.000,,,,,,,,,,,,,,,,,,,,,,,
,,,,"Ático en calle de los Relatores, Lavapiés-Embajadores, Madrid",€700.000,,,,,,,,,,,,,,,,,,,,,,,
,,,,"Ático en calle de Luchana, Trafalgar, Madrid",€2.650.000,,,,,,,,,,,,,,,,,,,,,,,
,,,,"Ático en calle de Luisa Fernanda, Argüelles, Madrid",€3.070.000,,,,,,,,,,,,,,,,,,,,,,,
,,,,"Ático en calle de Maldonado, Castellana, Madrid",€3.000.000,,,,,,,,,,,,,,,,,,,,,,,
,,,,"Ático en calle de Maldonado, Lista, Madrid",€1.555.000,,,,,,,,,,,,,,,,,,,,,,,
,,,,"Ático en calle de Manuel González Longoria, Trafalgar, Madrid",€4.400.000,,,,,,,,,,,,,,,,,,,,,,,
,,,,"Ático en calle de María de las Mercedes de Borbón, 282, Valdebebas - Valdefuentes, Madrid",€979.000,,,,,,,,,,,,,,,,,,,,,,,
,,,,"Ático en calle de María de las Mercedes de Borbón, Valdebebas - Valdefuentes, Madrid",€1.958.000,,,,,,,,,,,,,,,,,,,,,,,
,,,,"Ático en calle de María Zayas, 10, Berruguete, Madrid",€699.999,,,,,,,,,,,,,,,,,,,,,,,
,,,,"Ático en calle de Mauricio Legendre, Castilla, Madrid",€489.000,,,,,,,,,,,,,,,,,,,,,,,
,,,,"Ático en calle de Medina del Campo, 18, Cuatro Vientos, Madrid",€975.000,,,,,,,,,,,,,,,,,,,,,,,
,,,,"Ático en calle de Meléndez Valdés, 7, Gaztambide, Madrid",€260.000,,,,,,,,,,,,,,,,,,,,,,,
,,,,"Ático en calle de Núñez de Balboa, Castellana, Madrid",€4.648.000,,,,,,,,,,,,,,,,,,,,,,,
,,,,"Ático en calle de Núñez de Balboa, Recoletos, Madrid",€10.950.000,,,,,,,,,,,,,,,,,,,,,,,
,,,,"Ático en calle de Ortiz Campos, Pradolongo, Madrid",€429.000,,,,,,,,,,,,,,,,,,,,,,,
,,,,"Ático en calle de Oslo, Rosas, Madrid",€659.900,,,,,,,,,,,,,,,,,,,,,,,
,,,,"Ático en calle de Oviedo, Cuatro Caminos, Madrid",€740.000,,,,,,,,,,,,,,,,,,,,,,,
,,,,"Ático en calle de Pablo Vidal, Colina, Madrid",€1.050.000,,,,,,,,,,,,,,,,,,,,,,,
,,,,"Ático en calle de Padilla, Lista, Madrid",€2.798.000,,,,,,,,,,,,,,,,,,,,,,,
,,,,"Ático en calle de Pedro Rico, 31, La Paz, Madrid",€978.000,,,,,,,,,,,,,,,,,,,,,,,
,,,,"Ático en calle de Pelayo, 21, Chueca-Justicia, Madrid",€410.000,,,,,,,,,,,,,,,,,,,,,,,
,,,,"Ático en calle de Peñaranda de Bracamonte, Ensanche de Vallecas - La Gavia, Madrid",€529.000,,,,,,,,,,,,,,,,,,,,,,,
,,,,"Ático en calle de Pirra, Rejas, Madrid",€420.000,,,,,,,,,,,,,,,,,,,,,,,
,,,,"Ático en calle de Preciados, Sol, Madrid",€395.000,,,,,,,,,,,,,,,,,,,,,,,
,,,,"Ático en calle de Puenteareas, Prosperidad, Madrid",€835.000,,,,,,,,,,,,,,,,,,,,,,,
,,,,"Ático en calle de Quijada de Pandiellos, San Diego, Madrid",€219.000,,,,,,,,,,,,,,,,,,,,,,,
,,,,"Ático en calle de Rafael Bergamín, San Juan Bautista, Madrid",€470.000,,,,,,,,,,,,,,,,,,,,,,,
,,,,"Ático en calle de Rafael Calvo, Almagro, Madrid",€1.200.000,,,,,,,,,,,,,,,,,,,,,,,
,,,,"Ático en calle de Raimundo Fernández Villaverde, s/n, Cuatro Caminos, Madrid",€1.090.000,,,,,,,,,,,,,,,,,,,,,,,
,,,,"Ático en calle de Recoletos, Recoletos, Madrid",€2.590.000,,,,,,,,,,,,,,,,,,,,,,,
,,,,"Ático en calle de Roberto Domingo, Guindalera, Madrid",€1.595.000,,,,,,,,,,,,,,,,,,,,,,,
,,,,"Ático en calle de Romero Robledo, 13, Argüelles, Madrid",€1.170.000,,,,,,,,,,,,,,,,,,,,,,,
,,,,"Ático en calle de Rufino González, Simancas, Madrid",€849.900,,,,,,,,,,,,,,,,,,,,,,,
,,,,"Ático en calle de San Agustín, Huertas-Cortes, Madrid",€1.700.000,,,,,,,,,,,,,,,,,,,,,,,
,,,,"Ático en calle de San Cipriano, 65, Valdebernardo - Valderrivas, Madrid",€525.000,,,,,,,,,,,,,,,,,,,,,,,
,,,,"Ático en calle de San Hermenegildo, Malasaña-Universidad, Madrid",€625.000,,,,,,,,,,,,,,,,,,,,,,,
,,,,"Ático en calle de San Marcos, Chueca-Justicia, Madrid",€800.000,,,,,,,,,,,,,,,,,,,,,,,
,,,,"Ático en calle de San Máximo, 25, San Fermín, Madrid",€395.000,,,,,,,,,,,,,,,,,,,,,,,
,,,,"Ático en calle de San Romualdo, Simancas, Madrid",€420.000,,,,,,,,,,,,,,,,,,,,,,,
,,,,"Ático en calle de Sancho Dávila, Fuente del Berro, Madrid",€665.000,,,,,,,,,,,,,,,,,,,,,,,
,,,,"Ático en calle de Santa Isabel, Lavapiés-Embajadores, Madrid",€275.000,,,,,,,,,,,,,,,,,,,,,,,
,,,,"Ático en calle de Santa María Salomé, Casco Histórico de Vallecas, Madrid",€315.000,,,,,,,,,,,,,,,,,,,,,,,
,,,,"Ático en calle de Santa María, Huertas-Cortes, Madrid",€610.000,,,,,,,,,,,,,,,,,,,,,,,
,,,,"Ático en calle de Santa Susana, Pinar del Rey, Madrid",€295.000,,,,,,,,,,,,,,,,,,,,,,,
,,,,"Ático en calle de Serrano, 215, Bernabéu-Hispanoamérica, Madrid",€850.000,,,,,,,,,,,,,,,,,,,,,,,
,,,,"Ático en calle de Sofía, 10, Rosas, Madrid",€680.000,,,,,,,,,,,,,,,,,,,,,,,
,,,,"Ático en calle de Sta Hortensia, 58, Prosperidad, Madrid",€1.575.000,,,,,,,,,,,,,,,,,,,,,,,
,,,,"Ático en calle de Tarragona, Palos de la Frontera, Madrid",€1.755.000,,,,,,,,,,,,,,,,,,,,,,,
,,,,"Ático en calle de Toledo, 28, Sol, Madrid",€370.000,,,,,,,,,,,,,,,,,,,,,,,
,,,,"Ático en calle de Tomás López, Goya, Madrid",€639.000,,,,,,,,,,,,,,,,,,,,,,,
,,,,"Ático en calle de Urgel, 8, San Isidro, Madrid",€200.000,,,,,,,,,,,,,,,,,,,,,,,
,,,,"Ático en calle de Valcarlos, 14, Las Tablas, Madrid",€720.000,,,,,,,,,,,,,,,,,,,,,,,
,,,,"Ático en calle de Valcarlos, 29, Las Tablas, Madrid",€960.000,,,,,,,,,,,,,,,,,,,,,,,
,,,,"Ático en calle de Valverde, Malasaña-Universidad, Madrid",€6.200.000,,,,,,,,,,,,,,,,,,,,,,,
,,,,"Ático en calle de Velázquez, Castellana, Madrid",€4.200.000,,,,,,,,,,,,,,,,,,,,,,,
,,,,"Ático en calle de Velázquez, El Viso, Madrid",€2.300.000,,,,,,,,,,,,,,,,,,,,,,,
,,,,"Ático en calle de Víctor de la Serna, Bernabéu-Hispanoamérica, Madrid",€730.000,,,,,,,,,,,,,,,,,,,,,,,
,,,,"Ático en calle de Villaamil, 68, Berruguete, Madrid",€393.000,,,,,,,,,,,,,,,,,,,,,,,
,,,,"Ático en calle de Villacañas, 1, Casco Histórico de Vallecas, Madrid",€500.000,,,,,,,,,,,,,,,,,,,,,,,
,,,,"Ático en calle de Villalar, Recoletos, Madrid",€2.390.000,,,,,,,,,,,,,,,,,,,,,,,
,,,,"Ático en calle de Villamayor de Santiago, 23, Ensanche de Vallecas - La Gavia, Madrid",€509.900,,,,,,,,,,,,,,,,,,,,,,,
,,,,"Ático en calle de Villamayor de Santiago, Ensanche de Vallecas - La Gavia, Madrid",€539.000,,,,,,,,,,,,,,,,,,,,,,,
,,,,"Ático en calle de Vital Aza, Pueblo Nuevo, Madrid",€285.000,,,,,,,,,,,,,,,,,,,,,,,
,,,,"Ático en calle de Yocasta, Rejas, Madrid",€725.000,,,,,,,,,,,,,,,,,,,,,,,
,,,,"Ático en calle de Zabaleta, 68, Prosperidad, Madrid",€410.000,,,,,,,,,,,,,,,,,,,,,,,
,,,,"Ático en calle de Zurbano, Almagro, Madrid",€10.200.000,,,,,,,,,,,,,,,,,,,,,,,
,,,,"Ático en calle del Abedul, Nueva España, Madrid",€2.600.000,,,,,,,,,,,,,,,,,,,,,,,
,,,,"Ático en calle del Alcalde Sainz de Baranda, 88, Estrella, Madrid",€1.380.000,,,,,,,,,,,,,,,,,,,,,,,
,,,,"Ático en calle del Almanzora, Aravaca, Madrid",€1.530.000,,,,,,,,,,,,,,,,,,,,,,,
,,,,"Ático en calle del Áncora, Palos de la Frontera, Madrid",€340.000,,,,,,,,,,,,,,,,,,,,,,,
,,,,"Ático en calle del Aviador Zorita, 25, Cuatro Caminos, Madrid",€760.000,,,,,,,,,,,,,,,,,,,,,,,
,,,,"Ático en calle del Balandro, s/n, Alameda de Osuna, Madrid",€450.000,,,,,,,,,,,,,,,,,,,,,,,
,,,,"Ático en calle del Barquillo, Chueca-Justicia, Madrid",€749.000,,,,,,,,,,,,,,,,,,,,,,,
,,,,"Ático en calle del Carril de los Caleros, Aravaca, Madrid",€1.335.000,,,,,,,,,,,,,,,,,,,,,,,
,,,,"Ático en calle del Clavel, Chueca-Justicia, Madrid",€1.859.000,,,,,,,,,,,,,,,,,,,,,,,
,,,,"Ático en calle del Concejal Francisco José Jiménez Martín, 110, Los Cármenes, Madrid",€590.000,,,,,,,,,,,,,,,,,,,,,,,
,,,,"Ático en calle del Conde de Miranda, 1, Palacio, Madrid",€830.000,,,,,,,,,,,,,,,,,,,,,,,
,,,,"Ático en calle del Conde de Peñalver, Goya, Madrid",€6.300.000,,,,,,,,,,,,,,,,,,,,,,,
,,,,"Ático en calle del Conde de Peñalver, Lista, Madrid",€1.550.000,,,,,,,,,,,,,,,,,,,,,,,
,,,,"Ático en calle del Doctor Castelo, Ibiza, Madrid",€4.100.000,,,,,,,,,,,,,,,,,,,,,,,
,,,,"Ático en calle del Doctor Esquerdo, Niño Jesús, Madrid",€1.560.000,,,,,,,,,,,,,,,,,,,,,,,
,,,,"Ático en calle del Galeón, 28, Alameda de Osuna, Madrid",€538.000,,,,,,,,,,,,,,,,,,,,,,,
,,,,"Ático en calle del General Díaz Porlier, Lista, Madrid",€1.700.000,,,,,,,,,,,,,,,,,,,,,,,
,,,,"Ático en calle del General Pardiñas, Lista, Madrid",€3.735.000,,,,,,,,,,,,,,,,,,,,,,,
,,,,"Ático en calle del General Pardiñas, s/n, Lista, Madrid",€1.000.000,,,,,,,,,,,,,,,,,,,,,,,
,,,,"Ático en calle del Jardín de San Federico, Goya, Madrid",€1.300.000,,,,,,,,,,,,,,,,,,,,,,,
,,,,"Ático en calle del Jazmín, 29, Costillares, Madrid",€749.000,,,,,,,,,,,,,,,,,,,,,,,
,,,,"Ático en calle del Jazmín, Costillares, Madrid",€1.190.000,,,,,,,,,,,,,,,,,,,,,,,
,,,,"Ático en calle del León, 10, Huertas-Cortes, Madrid",€440.000,,,,,,,,,,,,,,,,,,,,,,,
,,,,"Ático en calle del León, 32, Huertas-Cortes, Madrid",€289.000,,,,,,,,,,,,,,,,,,,,,,,
,,,,"Ático en calle del Mar de Aral, 11, Pinar del Rey, Madrid",€399.000,,,,,,,,,,,,,,,,,,,,,,,
,,,,"Ático en calle del Molino de Viento, Malasaña-Universidad, Madrid",€490.000,,,,,,,,,,,,,,,,,,,,,,,
,,,,"Ático en calle del Monasterio de Poblet, Pau de Carabanchel, Madrid",€380.000,,,,,,,,,,,,,,,,,,,,,,,
,,,,"Ático en calle del Peso Hispano, 14, Pau de Carabanchel, Madrid",€639.000,,,,,,,,,,,,,,,,,,,,,,,
,,,,"Ático en calle del Poeta Joan Maragall, Cuatro Caminos, Madrid",€2.875.000,,,,,,,,,,,,,,,,,,,,,,,
,,,,"Ático en calle del Príncipe de Vergara, Goya, Madrid",€4.500.000,,,,,,,,,,,,,,,,,,,,,,,
,,,,"Ático en calle del Príncipe de Vergara, Lista, Madrid",€3.740.000,,,,,,,,,,,,,,,,,,,,,,,
,,,,"Ático en calle del Príncipe de Vergara, Nueva España, Madrid",€849.500,,,,,,,,,,,,,,,,,,,,,,,
,,,,"Ático en calle del Príncipe de Vergara, Recoletos, Madrid",€1.870.000,,,,,,,,,,,,,,,,,,,,,,,
,,,,"Ático en calle del Teniente Coronel Noreña, 22, Legazpi, Madrid",€1.250.000,,,,,,,,,,,,,,,,,,,,,,,
,,,,"Ático en calle del Torpedero Tucumán, Nueva España, Madrid",€950.000,,,,,,,,,,,,,,,,,,,,,,,
,,,,"Ático en calle del Tranvia de Arganda, 14, Palomeras sureste, Madrid",€398.000,,,,,,,,,,,,,,,,,,,,,,,
,,,,"Ático en calle Doctor Balmis, 45, Aravaca, Madrid",€1.415.000,,,,,,,,,,,,,,,,,,,,,,,
,,,,"Ático en calle Doctor Balmis, Aravaca, Madrid",€785.000,,,,,,,,,,,,,,,,,,,,,,,
,,,,"Ático en calle Dodge, 3, Orcasitas, Madrid",€355.000,,,,,,,,,,,,,,,,,,,,,,,
,,,,"Ático en calle Durazno, 9, Puerta Bonita, Madrid",€412.500,,,,,,,,,,,,,,,,,,,,,,,
,,,,"Ático en calle Eduardo Dato, Almagro, Madrid",€7.250.000,,,,,,,,,,,,,,,,,,,,,,,
,,,,"Ático en calle Embalse de Valmayor, Ensanche de Vallecas - La Gavia, Madrid",€475.000,,,,,,,,,,,,,,,,,,,,,,,
,,,,"Ático en calle Emilio Raboso, 3, San Diego, Madrid",€360.000,,,,,,,,,,,,,,,,,,,,,,,
,,,,"Ático en calle Emilio Raboso, San Diego, Madrid",€360.000,,,,,,,,,,,,,,,,,,,,,,,
,,,,"Ático en calle Ferenc Puskas, El Cañaveral, Madrid",€609.000,,,,,,,,,,,,,,,,,,,,,,,
,,,,"Ático en calle Francisco Salas, 25, Bellas Vistas, Madrid",€560.000,,,,,,,,,,,,,,,,,,,,,,,
,,,,"Ático en calle Germán Pérez Carrasco, 40, Quintana, Madrid",€938.000,,,,,,,,,,,,,,,,,,,,,,,
,,,,"Ático en calle Grañón, 20, Las Tablas, Madrid",€397.000,,,,,,,,,,,,,,,,,,,,,,,
,,,,"Ático en calle Helsinki, Rosas, Madrid",€460.000,,,,,,,,,,,,,,,,,,,,,,,
,,,,"Ático en calle Hernández de Tejada, 10, San Pascual, Madrid",€1.320.000,,,,,,,,,,,,,,,,,,,,,,,
,,,,"Ático en calle Ignacio Santos Vinuelas, 19, Los Rosales, Madrid",€245.000,,,,,,,,,,,,,,,,,,,,,,,
,,,,"Ático en calle Imperial, Sol, Madrid",€1.839.000,,,,,,,,,,,,,,,,,,,,,,,
,,,,"Ático en calle Javier Ferrero, 1, Ciudad Jardín, Madrid",€2.012.998,,,,,,,,,,,,,,,,,,,,,,,
,,,,"Ático en calle Jorge Juan, 171, Fuente del Berro, Madrid",€5.200.000,,,,,,,,,,,,,,,,,,,,,,,
,,,,"Ático en calle José Antonio Zapata, Legazpi, Madrid",€576.000,,,,,,,,,,,,,,,,,,,,,,,
,,,,"Ático en calle José María de Castro, Cuatro Caminos, Madrid",€499.000,,,,,,,,,,,,,,,,,,,,,,,
,,,,"Ático en calle José María Lozano Sáinz, 11, Los Ángeles, Madrid",€1.277.000,,,,,,,,,,,,,,,,,,,,,,,
,,,,"Ático en calle Julia Nebot, Vista Alegre, Madrid",€255.000,,,,,,,,,,,,,,,,,,,,,,,
,,,,"Ático en calle la Escuela de Vallecas, 58, Ensanche de Vallecas - La Gavia, Madrid",€546.000,,,,,,,,,,,,,,,,,,,,,,,
,,,,"Ático en calle Laguna del Marquesado, 9, Villaverde Alto, Madrid",€300.000,,,,,,,,,,,,,,,,,,,,,,,
,,,,"Ático en calle Lenguas, 18, Villaverde Alto, Madrid",€270.000,,,,,,,,,,,,,,,,,,,,,,,
,,,,"Ático en calle Lenguas, 22, Villaverde Alto, Madrid",€220.000,,,,,,,,,,,,,,,,,,,,,,,
,,,,"Ático en calle Mariano Carderera, Puerta del Ángel, Madrid",€577.000,,,,,,,,,,,,,,,,,,,,,,,
,,,,"Ático en calle Mata del Agua, 4, Casco Histórico de Vallecas, Madrid",€398.000,,,,,,,,,,,,,,,,,,,,,,,
,,,,"Ático en calle Mayor, 35, Sol, Madrid",€825.000,,,,,,,,,,,,,,,,,,,,,,,
,,,,"Ático en calle Monasterio de Montesclaros, 7, Montecarmelo, Madrid",€890.000,,,,,,,,,,,,,,,,,,,,,,,
,,,,"Ático en calle Müller, 21, Valdeacederas, Madrid",€460.000,,,,,,,,,,,,,,,,,,,,,,,
,,,,"Ático en calle Narváez, 30, Ibiza, Madrid",€2.750.000,,,,,,,,,,,,,,,,,,,,,,,
,,,,"Ático en calle Noray, 15, Alameda de Osuna, Madrid",€340.000,,,,,,,,,,,,,,,,,,,,,,,
,,,,"Ático en calle Numancia, Bellas Vistas, Madrid",€1.750.000,,,,,,,,,,,,,,,,,,,,,,,
,,,,"Ático en calle Padilla, 66, Lista, Madrid",€3.300.000,,,,,,,,,,,,,,,,,,,,,,,
,,,,"Ático en calle Peñalara, 39, Aravaca, Madrid",€1.090.000,,,,,,,,,,,,,,,,,,,,,,,
,,,,"Ático en calle Población de Campos, 25, Las Tablas, Madrid",€740.000,,,,,,,,,,,,,,,,,,,,,,,
,,,,"Ático en calle Prim, Chueca-Justicia, Madrid",€695.000,,,,,,,,,,,,,,,,,,,,,,,
,,,,"Ático en calle Puerto de Maderi, San Diego, Madrid",€249.900,,,,,,,,,,,,,,,,,,,,,,,
,,,,"Ático en calle Rafael Vega, 7, 9, Canillas, Madrid",€407.000,,,,,,,,,,,,,,,,,,,,,,,
,,,,"Ático en calle Rafael Vega, 7, Canillas, Madrid",€407.000,,,,,,,,,,,,,,,,,,,,,,,
,,,,"Ático en calle Ramón Pulido, s/n, Peñagrande, Madrid",€1.399.000,,,,,,,,,,,,,,,,,,,,,,,
,,,,"Ático en calle Rio Matarrañán, s/n, Salvador, Madrid",€326.030,,,,,,,,,,,,,,,,,,,,,,,
,,,,"Ático en calle San Juan de Ortega, 18, Las Tablas, Madrid",€700.000,,,,,,,,,,,,,,,,,,,,,,,
,,,,"Ático en calle San Juan de Ortega, 34, Las Tablas, Madrid",€1.198.500,,,,,,,,,,,,,,,,,,,,,,,
,,,,"Ático en calle San Juan de Ortega, Las Tablas, Madrid",€7.842.500,,,,,,,,,,,,,,,,,,,,,,,
,,,,"Ático en calle Santa Engracia, 96, Almagro, Madrid",€1.809.522,,,,,,,,,,,,,,,,,,,,,,,
,,,,"Ático en calle Sauco, 19, Berruguete, Madrid",€389.000,,,,,,,,,,,,,,,,,,,,,,,
,,,,"Ático en calle Secoya, 3, Pau de Carabanchel, Madrid",€1.190.000,,,,,,,,,,,,,,,,,,,,,,,
,,,,"Ático en calle Tántalo, Butarque, Madrid",€339.900,,,,,,,,,,,,,,,,,,,,,,,
,,,,"Ático en calle Toledo, 23, Sol, Madrid",€300.000,,,,,,,,,,,,,,,,,,,,,,,
,,,,"Ático en calle Trole, Palomeras sureste, Madrid",€550.000,,,,,,,,,,,,,,,,,,,,,,,
,,,,"Ático en calle Urano, 22, Casco Histórico de Barajas, Madrid",€190.000,,,,,,,,,,,,,,,,,,,,,,,
,,,,"Ático en calle Valle de Pas, 26, Aravaca, Madrid",€750.000,,,,,,,,,,,,,,,,,,,,,,,
,,,,"Ático en calle Vicente Martín Arias, Comillas, Madrid",€320.000,,,,,,,,,,,,,,,,,,,,,,,
,,,,"Ático en calle Witerico, 17, Puerta Bonita, Madrid",€499.990,,,,,,,,,,,,,,,,,,,,,,,
,,,,"Ático en calle Zamenhof, 22, Salvador, Madrid",€1.870.000,,,,,,,,,,,,,,,,,,,,,,,
,,,,"Ático en Carmen Bordiú, 22, Villaverde Alto, Madrid",€485.000,,,,,,,,,,,,,,,,,,,,,,,
,,,,"Ático en Carmen, 16, Sol, Madrid",€405.000,,,,,,,,,,,,,,,,,,,,,,,
,,,,"Ático en Carrera de San Jerónimo, Huertas-Cortes, Madrid",€1.150.000,,,,,,,,,,,,,,,,,,,,,,,
,,,,"Ático en Carrera de San Jerónimo, Sol, Madrid",€1.025.000,,,,,,,,,,,,,,,,,,,,,,,
,,,,"Ático en Casco Histórico de Vicálvaro, Madrid",€990.000,,,,,,,,,,,,,,,,,,,,,,,
,,,,"Ático en Castellana, Madrid",€52.350.000,,,,,,,,,,,,,,,,,,,,,,,
,,,,"Ático en Cerro del Campo, 31, El Cañaveral, Madrid",€379.000,,,,,,,,,,,,,,,,,,,,,,,
,,,,"Ático en Chueca-Justicia, Madrid",€13.189.000,,,,,,,,,,,,,,,,,,,,,,,
,,,,"Ático en Ciudad Rodrigo, 2, Sol, Madrid",€650.000,,,,,,,,,,,,,,,,,,,,,,,
,,,,"Ático en Ciudad Universitaria, Madrid",€2.408.000,,,,,,,,,,,,,,,,,,,,,,,
,,,,"Ático en Colina, Madrid",€1.148.000,,,,,,,,,,,,,,,,,,,,,,,
,,,,"Ático en Comillas, Madrid",€360.000,,,,,,,,,,,,,,,,,,,,,,,
,,,,"Ático en Conde Orgaz-Piovera, Madrid",€5.950.000,,,,,,,,,,,,,,,,,,,,,,,
,,,,"Ático en Costillares, Madrid",€1.790.000,,,,,,,,,,,,,,,,,,,,,,,
,,,,"Ático en crisantemo, Valdeacederas, Madrid",€370.000,,,,,,,,,,,,,,,,,,,,,,,
,,,,"Ático en Cuatro Caminos, Madrid",€12.058.980,,,,,,,,,,,,,,,,,,,,,,,
,,,,"Ático en cuesta de Javalquinto, Palacio, Madrid",€1.499.000,,,,,,,,,,,,,,,,,,,,,,,
,,,,"Ático en cuesta de San Vicente, Argüelles, Madrid",€990.000,,,,,,,,,,,,,,,,,,,,,,,
,,,,"Ático en de la Democracia, 26, Santa Eugenia, Madrid",€455.000,,,,,,,,,,,,,,,,,,,,,,,
,,,,"Ático en de la Huerta del Obispo, Berruguete, Madrid",€395.000,,,,,,,,,,,,,,,,,,,,,,,
,,,,"Ático en de los Robles, San Diego, Madrid",€894.000,,,,,,,,,,,,,,,,,,,,,,,
,,,,"Ático en de Pedro Díez, 7, San Isidro, Madrid",€1.422.900,,,,,,,,,,,,,,,,,,,,,,,
,,,,"Ático en del Este, 30, Los Berrocales, Madrid",€1.005.000,,,,,,,,,,,,,,,,,,,,,,,
,,,,"Ático en del Platino, Los Rosales, Madrid",€194.500,,,,,,,,,,,,,,,,,,,,,,,
,,,,"Ático en Dr. Balmis, 45, Aravaca, Madrid",€1.415.000,,,,,,,,,,,,,,,,,,,,,,,
,,,,"Ático en El Viso, Madrid",€26.960.000,,,,,,,,,,,,,,,,,,,,,,,
,,,,"Ático en Ensanche de Vallecas - La Gavia, Madrid",€299.000,,,,,,,,,,,,,,,,,,,,,,,
,,,,"Ático en Estrella, Madrid",€1.380.000,,,,,,,,,,,,,,,,,,,,,,,
,,,,"Ático en Eugenia de Montijo, 73, Puerta Bonita, Madrid",€299.630,,,,,,,,,,,,,,,,,,,,,,,
,,,,"Ático en Fernández Caro, 7, Concepción, Madrid",€1.077.000,,,,,,,,,,,,,,,,,,,,,,,
,,,,"Ático en Fernando Mora, 10, San Isidro, Madrid",€325.000,,,,,,,,,,,,,,,,,,,,,,,
,,,,"Ático en Fernando Mora, 8, San Isidro, Madrid",€311.700,,,,,,,,,,,,,,,,,,,,,,,
,,,,"Ático en Filosofa Simone Well, 10, Numancia, Madrid",€459.000,,,,,,,,,,,,,,,,,,,,,,,
,,,,"Ático en Fuente del Berro, Madrid",€1.735.000,,,,,,,,,,,,,,,,,,,,,,,
,,,,"Ático en Gaztambide, Madrid",€4.120.000,,,,,,,,,,,,,,,,,,,,,,,
,,,,"Ático en glorieta de Rubén Darío, Almagro, Madrid",€1.350.000,,,,,,,,,,,,,,,,,,,,,,,
,,,,"Ático en glorieta de Ruiz Giménez, Malasaña-Universidad, Madrid",€1.150.000,,,,,,,,,,,,,,,,,,,,,,,
,,,,"Ático en Gomez de Arteche, 27, Buena Vista, Madrid",€775.000,,,,,,,,,,,,,,,,,,,,,,,
,,,,"Ático en González Soto, 21, Numancia, Madrid",€338.000,,,,,,,,,,,,,,,,,,,,,,,
,,,,"Ático en Goya, Madrid",€18.854.000,,,,,,,,,,,,,,,,,,,,,,,
,,,,"Ático en Guindalera, Madrid",€7.695.000,,,,,,,,,,,,,,,,,,,,,,,
,,,,"Ático en Huertas-Cortes, Madrid",€8.535.000,,,,,,,,,,,,,,,,,,,,,,,
,,,,"Ático en Ibiza, Madrid",€3.090.000,,,,,,,,,,,,,,,,,,,,,,,
,,,,"Ático en Indalecio Fernández, 40, 12 de Octubre-Orcasur, Madrid",€1.040.000,,,,,,,,,,,,,,,,,,,,,,,
,,,,"Ático en Jardín de San Federico, 3, Goya, Madrid",€1.350.000,,,,,,,,,,,,,,,,,,,,,,,
,,,,"Ático en Jerónimos, Madrid",€1.775.000,,,,,,,,,,,,,,,,,,,,,,,
,,,,"Ático en Juan de Vera, 13, Delicias, Madrid",€570.000,,,,,,,,,,,,,,,,,,,,,,,
,,,,"Ático en Las Tablas, Madrid",€5.039.500,,,,,,,,,,,,,,,,,,,,,,,
,,,,"Ático en Lavapiés-Embajadores, Madrid",€1.160.000,,,,,,,,,,,,,,,,,,,,,,,
,,,,"Ático en Lista, Madrid",€9.715.000,,,,,,,,,,,,,,,,,,,,,,,
,,,,"Ático en Los Berrocales, s/n, Los Berrocales, Madrid",€1.527.000,,,,,,,,,,,,,,,,,,,,,,,
,,,,"Ático en Los Cármenes, Madrid",€290.500,,,,,,,,,,,,,,,,,,,,,,,
,,,,"Ático en Malasaña-Universidad, Madrid",€5.688.000,,,,,,,,,,,,,,,,,,,,,,,
,,,,"Ático en Mirasierra, Madrid",€4.655.000,,,,,,,,,,,,,,,,,,,,,,,
,,,,"Ático en Montecarmelo, 1, Montecarmelo, Madrid",€940.000,,,,,,,,,,,,,,,,,,,,,,,
,,,,"Ático en Niño Jesús, Madrid",€3.754.000,,,,,,,,,,,,,,,,,,,,,,,
,,,,"Ático en Nueva España, Madrid",€8.865.000,,,,,,,,,,,,,,,,,,,,,,,
,,,,"Ático en Nuevos Ministerios-Ríos Rosas, Madrid",€5.580.000,,,,,,,,,,,,,,,,,,,,,,,
,,,,"Ático en Orquideas, 11, Valdeacederas, Madrid",€499.000,,,,,,,,,,,,,,,,,,,,,,,
,,,,"Ático en Palacio, Madrid",€2.085.000,,,,,,,,,,,,,,,,,,,,,,,
,,,,"Ático en Palomas, Madrid",€5.950.000,,,,,,,,,,,,,,,,,,,,,,,
,,,,"Ático en Palos de la Frontera, Madrid",€1.350.000,,,,,,,,,,,,,,,,,,,,,,,
,,,,"Ático en paseo de Eduardo Dato, Almagro, Madrid",€13.170.000,,,,,,,,,,,,,,,,,,,,,,,
,,,,"Ático en paseo de Extremadura, Puerta del Ángel, Madrid",€1.240.000,,,,,,,,,,,,,,,,,,,,,,,
,,,,"Ático en paseo de la Castellana, Cuzco-Castillejos, Madrid",€4.185.000,,,,,,,,,,,,,,,,,,,,,,,
,,,,"Ático en paseo de la Castellana, El Viso, Madrid",€7.900.000,,,,,,,,,,,,,,,,,,,,,,,
,,,,"Ático en paseo de la Castellana, s/n, Bernabéu-Hispanoamérica, Madrid",€3.000.000,,,,,,,,,,,,,,,,,,,,,,,
,,,,"Ático en paseo de las Delicias, 42, Palos de la Frontera, Madrid",€2.737.000,,,,,,,,,,,,,,,,,,,,,,,
,,,,"Ático en paseo de los Melancólicos, 18, Imperial, Madrid",€560.000,,,,,,,,,,,,,,,,,,,,,,,
,,,,"Ático en paseo de los Melancólicos, Imperial, Madrid",€560.000,,,,,,,,,,,,,,,,,,,,,,,
,,,,"Ático en paseo de San Francisco de Sales, 15, Vallehermoso, Madrid",€3.341.950,,,,,,,,,,,,,,,,,,,,,,,
,,,,"Ático en paseo de San Francisco de Sales, Vallehermoso, Madrid",€6.265.580,,,,,,,,,,,,,,,,,,,,,,,
,,,,"Ático en paseo de Santa María de la Cabeza, Palos de la Frontera, Madrid",€1.275.000,,,,,,,,,,,,,,,,,,,,,,,
,,,,"Ático en paseo del General Martínez Campos, Almagro, Madrid",€6.900.000,,,,,,,,,,,,,,,,,,,,,,,
,,,,"Ático en paseo del Pintor Rosales, 34, Argüelles, Madrid",€2.370.000,,,,,,,,,,,,,,,,,,,,,,,
,,,,"Ático en paseo del Pintor Rosales, Argüelles, Madrid",€2.650.000,,,,,,,,,,,,,,,,,,,,,,,
,,,,"Ático en paseo del Prado, Huertas-Cortes, Madrid",€1.870.000,,,,,,,,,,,,,,,,,,,,,,,
,,,,"Ático en paseo del Quince de Mayo, 22, San Isidro, Madrid",€465.000,,,,,,,,,,,,,,,,,,,,,,,
,,,,"Ático en paseo delicias, 33, Palos de la Frontera, Madrid",€560.000,,,,,,,,,,,,,,,,,,,,,,,
,,,,"Ático en Pau de Carabanchel, Madrid",€380.000,,,,,,,,,,,,,,,,,,,,,,,
,,,,"Ático en Peñagrande, Madrid",€5.525.200,,,,,,,,,,,,,,,,,,,,,,,
,,,,"Ático en Pinar del Rey, Madrid",€450.000,,,,,,,,,,,,,,,,,,,,,,,
,,,,"Ático en plaza Águeda Diez, San Isidro, Madrid",€499.000,,,,,,,,,,,,,,,,,,,,,,,
,,,,"Ático en plaza de Alsacia, 25, Pueblo Nuevo, Madrid",€905.000,,,,,,,,,,,,,,,,,,,,,,,
,,,,"Ático en plaza de la Independencia, 1, Recoletos, Madrid",€6.500.000,,,,,,,,,,,,,,,,,,,,,,,
,,,,"Ático en plaza de Pedro Zerolo, Chueca-Justicia, Madrid",€1.060.000,,,,,,,,,,,,,,,,,,,,,,,
,,,,"Ático en plaza de Puerta del Ángel, 33, Puerta del Ángel, Madrid",€620.000,,,,,,,,,,,,,,,,,,,,,,,
,,,,"Ático en plaza de San Juan de la Cruz, Nuevos Ministerios-Ríos Rosas, Madrid",€1.490.000,,,,,,,,,,,,,,,,,,,,,,,
,,,,"Ático en plaza de Santo Domingo, s/n, Palacio, Madrid",€299.900,,,,,,,,,,,,,,,,,,,,,,,
,,,,"Ático en plaza de Tirso de Molina, 16, Lavapiés-Embajadores, Madrid",€1.195.000,,,,,,,,,,,,,,,,,,,,,,,
,,,,"Ático en plaza del conde de toreno, Malasaña-Universidad, Madrid",€364.000,,,,,,,,,,,,,,,,,,,,,,,
,,,,"Ático en plaza Luca de Tena, Palos de la Frontera, Madrid",€950.000,,,,,,,,,,,,,,,,,,,,,,,
,,,,"Ático en plaza mariano de cavia, 1, Jerónimos, Madrid",€935.000,,,,,,,,,,,,,,,,,,,,,,,
,,,,"Ático en Poligono Uzp0203 los Ahijones, 32, Los Ahijones, Madrid",€1.604.000,,,,,,,,,,,,,,,,,,,,,,,
,,,,"Ático en Prosperidad, Madrid",€4.080.000,,,,,,,,,,,,,,,,,,,,,,,
,,,,"Ático en Pueblo Nuevo, Madrid",€285.000,,,,,,,,,,,,,,,,,,,,,,,
,,,,"Ático en Puerta Bonita, Madrid",€530.000,,,,,,,,,,,,,,,,,,,,,,,
,,,,"Ático en Puerta del Ángel, Madrid",€880.000,,,,,,,,,,,,,,,,,,,,,,,
,,,,"Ático en puerta del Sol, s/n, Sol, Madrid",€1.700.000,,,,,,,,,,,,,,,,,,,,,,,
,,,,"Ático en Recoletos, Madrid",€105.865.000,,,,,,,,,,,,,,,,,,,,,,,
,,,,"Ático en ronda de Valencia, Lavapiés-Embajadores, Madrid",€198.500,,,,,,,,,,,,,,,,,,,,,,,
,,,,"Ático en Rosas, Madrid",€1.275.000,,,,,,,,,,,,,,,,,,,,,,,
,,,,"Ático en Salamanca - Castellana, s/n, Castellana, Madrid",€6.100.000,,,,,,,,,,,,,,,,,,,,,,,
,,,,"Ático en Salamanca, Recoletos, Madrid",€6.700.000,,,,,,,,,,,,,,,,,,,,,,,
,,,,"Ático en Salvador, Madrid",€995.000,,,,,,,,,,,,,,,,,,,,,,,
,,,,"Ático en San Bernardo, 126, Trafalgar, Madrid",€3.300.000,,,,,,,,,,,,,,,,,,,,,,,
,,,,"Ático en San Diego, Madrid",€630.000,,,,,,,,,,,,,,,,,,,,,,,
,,,,"Ático en San Marcos, Chueca-Justicia, Madrid",€770.000,,,,,,,,,,,,,,,,,,,,,,,
,,,,"Ático en Sanchinarro, Madrid",€449.000,,,,,,,,,,,,,,,,,,,,,,,
,,,,"Ático en Simancas, Madrid",€1.569.000,,,,,,,,,,,,,,,,,,,,,,,
,,,,"Ático en Sol, Madrid",€11.723.000,,,,,,,,,,,,,,,,,,,,,,,
,,,,"Ático en Trafalgar, Madrid",€4.610.000,,,,,,,,,,,,,,,,,,,,,,,
,,,,"Ático en travesía Alaró, Timón, Madrid",€328.000,,,,,,,,,,,,,,,,,,,,,,,
,,,,"Ático en travesía Alejandro Sánchez, Opañel, Madrid",€230.000,,,,,,,,,,,,,,,,,,,,,,,
,,,,"Ático en travesía de Algemesí, Timón, Madrid",€520.000,,,,,,,,,,,,,,,,,,,,,,,
,,,,"Ático en travesía del Conde Duque, s/n, Malasaña-Universidad, Madrid",€1.400.000,,,,,,,,,,,,,,,,,,,,,,,
,,,,"Ático en Valdeacederas, Madrid",€1.777.000,,,,,,,,,,,,,,,,,,,,,,,
,,,,"Ático en Valdebebas - Valdefuentes, Madrid",€2.219.000,,,,,,,,,,,,,,,,,,,,,,,
,,,,"Ático en Valdemarín, Madrid",€11.980.000,,,,,,,,,,,,,,,,,,,,,,,
,,,,"Ático en Vallehermoso, Madrid",€1.100.000,,,,,,,,,,,,,,,,,,,,,,,
,,,,"Ático en Velarde, 16, Malasaña-Universidad, Madrid",€225.000,,,,,,,,,,,,,,,,,,,,,,,
,,,,"Ático en Ventilla-Almenara, Madrid",€599.000,,,,,,,,,,,,,,,,,,,,,,,
,,,,"Ático en vereda de la Cebolla, s/n, El Cañaveral, Madrid",€642.900,,,,,,,,,,,,,,,,,,,,,,,
,,,,"Ático en via Gran Vía, Malasaña-Universidad, Madrid",€3.650.000,,,,,,,,,,,,,,,,,,,,,,,
,,,,"Ático en Villaescusa, 62, Pueblo Nuevo, Madrid",€831.500,,,,,,,,,,,,,,,,,,,,,,,
,,,,"Ático en Villaverde Alto, Madrid",€1.025.000,,,,,,,,,,,,,,,,,,,,,,,
,,,,"Ático en Vista Alegre, Madrid",€307.800,,,,,,,,,,,,,,,,,,,,,,,
,,,,"Dúplex en Almagro, Madrid",€3.200.000,,,,,,,,,,,,,,,,,,,,,,,
,,,,"Dúplex en Almendrales, Madrid",€465.000,,,,,,,,,,,,,,,,,,,,,,,
,,,,"Dúplex en altozano, 2, Aravaca, Madrid",€655.000,,,,,,,,,,,,,,,,,,,,,,,
,,,,"Dúplex en Antonio Leyva, 71, Comillas, Madrid",€160.000,,,,,,,,,,,,,,,,,,,,,,,
,,,,"Dúplex en Aravaca, Madrid",€2.498.000,,,,,,,,,,,,,,,,,,,,,,,
,,,,"Dúplex en Arroyo del Cañaveral, 127, El Cañaveral, Madrid",€674.000,,,,,,,,,,,,,,,,,,,,,,,
,,,,"Dúplex en Atalaya, Madrid",€3.140.000,,,,,,,,,,,,,,,,,,,,,,,
,,,,"Dúplex en avenida de Brasil, 19, Cuzco-Castillejos, Madrid",€250.000,,,,,,,,,,,,,,,,,,,,,,,
,,,,"Dúplex en avenida de Europa, 32, Aravaca, Madrid",€895.000,,,,,,,,,,,,,,,,,,,,,,,
,,,,"Dúplex en avenida de la Aviación, 24, Cuatro Vientos, Madrid",€574.000,,,,,,,,,,,,,,,,,,,,,,,
,,,,"Dúplex en avenida de la Gran Vía del Sureste, Ensanche de Vallecas - La Gavia, Madrid",€216.000,,,,,,,,,,,,,,,,,,,,,,,
,,,,"Dúplex en avenida de Machupichu, Conde Orgaz-Piovera, Madrid",€980.000,,,,,,,,,,,,,,,,,,,,,,,
,,,,"Dúplex en avenida de Monforte de Lemos, Pilar, Madrid",€289.000,,,,,,,,,,,,,,,,,,,,,,,
,,,,"Dúplex en avenida de San Diego, San Diego, Madrid",€441.900,,,,,,,,,,,,,,,,,,,,,,,
,,,,"Dúplex en avenida de Valdemarín, Valdemarín, Madrid",€2.350.000,,,,,,,,,,,,,,,,,,,,,,,
,,,,"Dúplex en avenida del Doctor García Tapia, 11, Media Legua, Madrid",€170.000,,,,,,,,,,,,,,,,,,,,,,,
,,,,"Dúplex en avenida del General Perón, Cuatro Caminos, Madrid",€975.000,,,,,,,,,,,,,,,,,,,,,,,
,,,,"Dúplex en avenida Séptima, Rejas, Madrid",€1.450.000,,,,,,,,,,,,,,,,,,,,,,,
,,,,"Dúplex en Bellas Vistas, Madrid",€1.430.000,,,,,,,,,,,,,,,,,,,,,,,
,,,,"Dúplex en Bernabéu-Hispanoamérica, Madrid",€12.200.000,,,,,,,,,,,,,,,,,,,,,,,
,,,,"Dúplex en Berruguete, Madrid",€400.000,,,,,,,,,,,,,,,,,,,,,,,
,,,,"Dúplex en Butarque, Madrid",€435.000,,,,,,,,,,,,,,,,,,,,,,,
,,,,"Dúplex en calle Acamar, 17, Aravaca, Madrid",€980.000,,,,,,,,,,,,,,,,,,,,,,,
,,,,"Dúplex en calle Acamar, Aravaca, Madrid",€980.000,,,,,,,,,,,,,,,,,,,,,,,
,,,,"Dúplex en calle Alameda del Valle, 27, Ensanche de Vallecas - La Gavia, Madrid",€1.120.000,,,,,,,,,,,,,,,,,,,,,,,
,,,,"Dúplex en calle Albaricoque, 11, Buena Vista, Madrid",€760.000,,,,,,,,,,,,,,,,,,,,,,,
,,,,"Dúplex en calle Alonso Castrillo, Cuzco-Castillejos, Madrid",€795.000,,,,,,,,,,,,,,,,,,,,,,,
,,,,"Dúplex en calle Anguita, Casco Histórico de Barajas, Madrid",€1.150.000,,,,,,,,,,,,,,,,,,,,,,,
,,,,"Dúplex en calle arturo soria, 224, Atalaya, Madrid",€1.391.000,,,,,,,,,,,,,,,,,,,,,,,
,,,,"Dúplex en calle Balmis, 23, Aravaca, Madrid",€2.755.555,,,,,,,,,,,,,,,,,,,,,,,
,,,,"Dúplex en calle Bandera, San Isidro, Madrid",€538.950,,,,,,,,,,,,,,,,,,,,,,,
,,,,"Dúplex en calle Bergantín, Alameda de Osuna, Madrid",€870.000,,,,,,,,,,,,,,,,,,,,,,,
,,,,"Dúplex en calle Boyero, 3, Aravaca, Madrid",€700.128,,,,,,,,,,,,,,,,,,,,,,,
,,,,"Dúplex en calle Camarena, 181, Aluche, Madrid",€230.000,,,,,,,,,,,,,,,,,,,,,,,
,,,,"Dúplex en calle Canencia de la Sierra, Ensanche de Vallecas - La Gavia, Madrid",€600.000,,,,,,,,,,,,,,,,,,,,,,,
,,,,"Dúplex en calle Catamarán, Alameda de Osuna, Madrid",€630.000,,,,,,,,,,,,,,,,,,,,,,,
,,,,"Dúplex en calle Cerro del Murmullo, Ensanche de Vallecas - La Gavia, Madrid",€249.000,,,,,,,,,,,,,,,,,,,,,,,
,,,,"Dúplex en calle Cometa, 7, Casco Histórico de Barajas, Madrid",€376.700,,,,,,,,,,,,,,,,,,,,,,,
,,,,"Dúplex en calle Costa Brava, Mirasierra, Madrid",€2.100.000,,,,,,,,,,,,,,,,,,,,,,,
,,,,"Dúplex en calle de Alcalá, 145, Goya, Madrid",€3.850.000,,,,,,,,,,,,,,,,,,,,,,,
,,,,"Dúplex en calle de Alesanco, Valdezarza, Madrid",€195.000,,,,,,,,,,,,,,,,,,,,,,,
,,,,"Dúplex en calle de Algemesí, 29, Timón, Madrid",€520.000,,,,,,,,,,,,,,,,,,,,,,,
,,,,"Dúplex en calle de Amado Nervo, Niño Jesús, Madrid",€1.950.000,,,,,,,,,,,,,,,,,,,,,,,
,,,,"Dúplex en calle de Amara, San Pascual, Madrid",€1.795.000,,,,,,,,,,,,,,,,,,,,,,,
,,,,"Dúplex en calle de Andorra, Canillas, Madrid",€230.000,,,,,,,,,,,,,,,,,,,,,,,
,,,,"Dúplex en calle de Ángel Muñoz, San Juan Bautista, Madrid",€1.560.000,,,,,,,,,,,,,,,,,,,,,,,
,,,,"Dúplex en calle de Cadarso, Argüelles, Madrid",€2.000.000,,,,,,,,,,,,,,,,,,,,,,,
,,,,"Dúplex en calle de Calatrava, Palacio, Madrid",€415.000,,,,,,,,,,,,,,,,,,,,,,,
,,,,"Dúplex en calle de César Cort Botí, 87, Valdebebas - Valdefuentes, Madrid",€1.240.000,,,,,,,,,,,,,,,,,,,,,,,
,,,,"Dúplex en calle de Claudio Coello, 125, Castellana, Madrid",€890.000,,,,,,,,,,,,,,,,,,,,,,,
,,,,"Dúplex en calle de Claudio Coello, Castellana, Madrid",€2.600.000,,,,,,,,,,,,,,,,,,,,,,,
,,,,"Dúplex en calle de Cronos, Simancas, Madrid",€640.000,,,,,,,,,,,,,,,,,,,,,,,
,,,,"Dúplex en calle de Darío Aparicio, Valdemarín, Madrid",€724.900,,,,,,,,,,,,,,,,,,,,,,,
,,,,"Dúplex en calle de Don Pedro, Palacio, Madrid",€395.000,,,,,,,,,,,,,,,,,,,,,,,
,,,,"Dúplex en calle de Doña Juana I de Castilla, Salvador, Madrid",€4.760.000,,,,,,,,,,,,,,,,,,,,,,,
,,,,"Dúplex en calle de Dulce Chacón, Virgen del Cortijo - Manoteras, Madrid",€1.395.000,,,,,,,,,,,,,,,,,,,,,,,
,,,,"Dúplex en calle de Eduardo Barreiros, 12 de Octubre-Orcasur, Madrid",€449.000,,,,,,,,,,,,,,,,,,,,,,,
,,,,"Dúplex en calle de El Yesero, Palomeras sureste, Madrid",€1.080.000,,,,,,,,,,,,,,,,,,,,,,,
,,,,"Dúplex en calle de Elfo, Quintana, Madrid",€350.000,,,,,,,,,,,,,,,,,,,,,,,
,,,,"Dúplex en calle de Embajadores, Lavapiés-Embajadores, Madrid",€595.000,,,,,,,,,,,,,,,,,,,,,,,
,,,,"Dúplex en calle de Emilio Ferrari, 44, Pueblo Nuevo, Madrid",€250.000,,,,,,,,,,,,,,,,,,,,,,,
,,,,"Dúplex en calle de Esteban Carros, 34, Entrevías, Madrid",€184.900,,,,,,,,,,,,,,,,,,,,,,,
,,,,"Dúplex en calle de Fermín Izquierdo, Valdeacederas, Madrid",€370.000,,,,,,,,,,,,,,,,,,,,,,,
,,,,"Dúplex en calle de Fernando VI, Chueca-Justicia, Madrid",€2.100.000,,,,,,,,,,,,,,,,,,,,,,,
,,,,"Dúplex en calle de Florencio Llorente, 27, Quintana, Madrid",€669.000,,,,,,,,,,,,,,,,,,,,,,,
,,,,"Dúplex en calle de Florencio Llorente, Quintana, Madrid",€669.000,,,,,,,,,,,,,,,,,,,,,,,
,,,,"Dúplex en calle de Francisco Paíno, Abrantes, Madrid",€338.000,,,,,,,,,,,,,,,,,,,,,,,
,,,,"Dúplex en calle de Francisco Remiro, Guindalera, Madrid",€330.000,,,,,,,,,,,,,,,,,,,,,,,
,,,,"Dúplex en calle de Francisco Silvela, Lista, Madrid",€820.000,,,,,,,,,,,,,,,,,,,,,,,
,,,,"Dúplex en calle de Fuencarral, Chueca-Justicia, Madrid",€3.600.000,,,,,,,,,,,,,,,,,,,,,,,
,,,,"Dúplex en calle de Fuencarral, Trafalgar, Madrid",€2.900.000,,,,,,,,,,,,,,,,,,,,,,,
,,,,"Dúplex en calle de Galicia, Campamento, Madrid",€225.000,,,,,,,,,,,,,,,,,,,,,,,
,,,,"Dúplex en calle de Galileo, 73, Arapiles, Madrid",€295.000,,,,,,,,,,,,,,,,,,,,,,,
,,,,"Dúplex en calle de Gallur, Los Cármenes, Madrid",€340.000,,,,,,,,,,,,,,,,,,,,,,,
,,,,"Dúplex en calle de Gerona, Sol, Madrid",€340.000,,,,,,,,,,,,,,,,,,,,,,,
,,,,"Dúplex en calle de González Soto, Numancia, Madrid",€500.000,,,,,,,,,,,,,,,,,,,,,,,
,,,,"Dúplex en calle de Goya, Recoletos, Madrid",€1.349.000,,,,,,,,,,,,,,,,,,,,,,,
,,,,"Dúplex en calle de Granada, Pacífico, Madrid",€513.000,,,,,,,,,,,,,,,,,,,,,,,
,,,,"Dúplex en calle de Henri Dunant, Nueva España, Madrid",€2.990.000,,,,,,,,,,,,,,,,,,,,,,,
,,,,"Dúplex en calle de Hortaleza, 25, Chueca-Justicia, Madrid",€409.000,,,,,,,,,,,,,,,,,,,,,,,
,,,,"Dúplex en calle de Ibros, 1, Entrevías, Madrid",€265.000,,,,,,,,,,,,,,,,,,,,,,,
,,,,"Dúplex en calle de Jerónima Llorente, 40, Bellas Vistas, Madrid",€155.000,,,,,,,,,,,,,,,,,,,,,,,
,,,,"Dúplex en calle de José Bastos, Valdemarín, Madrid",€1.560.000,,,,,,,,,,,,,,,,,,,,,,,
,,,,"Dúplex en calle de José María Fernández Lanseros, Ventas, Madrid",€217.000,,,,,,,,,,,,,,,,,,,,,,,
,,,,"Dúplex en calle de La Bañeza, Peñagrande, Madrid",€585.000,,,,,,,,,,,,,,,,,,,,,,,
,,,,"Dúplex en calle de la Isla de Java, 30, Tres Olivos - Valverde, Madrid",€180.000,,,,,,,,,,,,,,,,,,,,,,,
,,,,"Dúplex en calle de la Libertad, 15, Chueca-Justicia, Madrid",€995.000,,,,,,,,,,,,,,,,,,,,,,,
,,,,"Dúplex en calle de la Mandarina, Quintana, Madrid",€239.000,,,,,,,,,,,,,,,,,,,,,,,
,,,,"Dúplex en calle de La Masó, Mirasierra, Madrid",€1.500.000,,,,,,,,,,,,,,,,,,,,,,,
,,,,"Dúplex en calle de la Miosotis, Valdeacederas, Madrid",€325.000,,,,,,,,,,,,,,,,,,,,,,,
,,,,"Dúplex en calle de la Montera, Sol, Madrid",€459.000,,,,,,,,,,,,,,,,,,,,,,,
,,,,"Dúplex en calle de la Toronga, Conde Orgaz-Piovera, Madrid",€695.000,,,,,,,,,,,,,,,,,,,,,,,
,,,,"Dúplex en calle de la Verja, Zofío, Madrid",€295.000,,,,,,,,,,,,,,,,,,,,,,,
,,,,"Dúplex en calle de la Villa, Palacio, Madrid",€425.000,,,,,,,,,,,,,,,,,,,,,,,
,,,,"Dúplex en calle de la Vinca, 6, Ventilla-Almenara, Madrid",€590.000,,,,,,,,,,,,,,,,,,,,,,,
,,,,"Dúplex en calle de Lagasca, Recoletos, Madrid",€2.400.000,,,,,,,,,,,,,,,,,,,,,,,
,,,,"Dúplex en calle de las Eras Altas, Casco Histórico de Vallecas, Madrid",€244.500,,,,,,,,,,,,,,,,,,,,,,,
,,,,"Dúplex en calle de las Fuentes, Palacio, Madrid",€820.000,,,,,,,,,,,,,,,,,,,,,,,
,,,,"Dúplex en calle de las Islas Gilbert, 13, Berruguete, Madrid",€465.000,,,,,,,,,,,,,,,,,,,,,,,
,,,,"Dúplex en calle de las Minas, 22, Malasaña-Universidad, Madrid",€358.000,,,,,,,,,,,,,,,,,,,,,,,
,,,,"Dúplex en calle de Lavapiés, Lavapiés-Embajadores, Madrid",€599.000,,,,,,,,,,,,,,,,,,,,,,,
,,,,"Dúplex en calle de los Artistas, Cuatro Caminos, Madrid",€245.000,,,,,,,,,,,,,,,,,,,,,,,
,,,,"Dúplex en calle de los Peñascales, Fuente del Berro, Madrid",€384.600,,,,,,,,,,,,,,,,,,,,,,,
,,,,"Dúplex en calle de los Reyes Magos, 2, Niño Jesús, Madrid",€365.000,,,,,,,,,,,,,,,,,,,,,,,
,,,,"Dúplex en calle de Manuel Gutiérrez Mellado, Valdebebas - Valdefuentes, Madrid",€950.000,,,,,,,,,,,,,,,,,,,,,,,
,,,,"Dúplex en calle de Manuel Pombo Angulo, Sanchinarro, Madrid",€795.000,,,,,,,,,,,,,,,,,,,,,,,
,,,,"Dúplex en calle de Méjico, 7, Guindalera, Madrid",€899.000,,,,,,,,,,,,,,,,,,,,,,,
,,,,"Dúplex en calle de Miguel Yuste, 21, Simancas, Madrid",€292.000,,,,,,,,,,,,,,,,,,,,,,,
,,,,"Dúplex en calle de Montalbán, 11, Jerónimos, Madrid",€5.400.000,,,,,,,,,,,,,,,,,,,,,,,
,,,,"Dúplex en calle de Montalbán, Jerónimos, Madrid",€2.700.000,,,,,,,,,,,,,,,,,,,,,,,
,,,,"Dúplex en calle de Nanclares de Oca, 1, Rejas, Madrid",€360.000,,,,,,,,,,,,,,,,,,,,,,,
,,,,"Dúplex en calle de Nieremberg, Ciudad Jardín, Madrid",€2.500.000,,,,,,,,,,,,,,,,,,,,,,,
,,,,"Dúplex en calle de Numancia, 2, Bellas Vistas, Madrid",€1.700.000,,,,,,,,,,,,,,,,,,,,,,,
,,,,"Dúplex en calle de Palencia, Cuatro Caminos, Madrid",€335.000,,,,,,,,,,,,,,,,,,,,,,,
,,,,"Dúplex en calle de Pedro Antonio de Alarcón, Pueblo Nuevo, Madrid",€498.000,,,,,,,,,,,,,,,,,,,,,,,
,,,,"Dúplex en calle de Ponce de León, Almagro, Madrid",€1.710.000,,,,,,,,,,,,,,,,,,,,,,,
,,,,"Dúplex en calle de Rafael Bergamín, 20, San Juan Bautista, Madrid",€300.000,,,,,,,,,,,,,,,,,,,,,,,
,,,,"Dúplex en calle de Raimundo Fernández Villaverde, Nuevos Ministerios-Ríos Rosas, Madrid",€1.600.000,,,,,,,,,,,,,,,,,,,,,,,
,,,,"Dúplex en calle de Ramón Luján, 86, Almendrales, Madrid",€350.000,,,,,,,,,,,,,,,,,,,,,,,
,,,,"Dúplex en calle de Rosario Pino, Cuzco-Castillejos, Madrid",€1.490.000,,,,,,,,,,,,,,,,,,,,,,,
,,,,"Dúplex en calle de Rosendo Conde, Valdeacederas, Madrid",€339.000,,,,,,,,,,,,,,,,,,,,,,,
,,,,"Dúplex en calle de Rufino Blanco, Fuente del Berro, Madrid",€2.650.000,,,,,,,,,,,,,,,,,,,,,,,
,,,,"Dúplex en calle de San Andrés, 36, Malasaña-Universidad, Madrid",€830.000,,,,,,,,,,,,,,,,,,,,,,,
,,,,"Dúplex en calle de San Rogelio, 9, Bellas Vistas, Madrid",€625.000,,,,,,,,,,,,,,,,,,,,,,,
,,,,"Dúplex en calle de Sánchez Barcáiztegui, Pacífico, Madrid",€605.000,,,,,,,,,,,,,,,,,,,,,,,
,,,,"Dúplex en calle de Sancho Dávila, 3, Fuente del Berro, Madrid",€330.000,,,,,,,,,,,,,,,,,,,,,,,
,,,,"Dúplex en calle de Sancho Dávila, Fuente del Berro, Madrid",€310.000,,,,,,,,,,,,,,,,,,,,,,,
,,,,"Dúplex en calle de Santa Engracia, 137, Nuevos Ministerios-Ríos Rosas, Madrid",€388.000,,,,,,,,,,,,,,,,,,,,,,,
,,,,"Dúplex en calle de Santa Polonia, Huertas-Cortes, Madrid",€570.000,,,,,,,,,,,,,,,,,,,,,,,
,,,,"Dúplex en calle de Santiago Cordero, Valdeacederas, Madrid",€530.000,,,,,,,,,,,,,,,,,,,,,,,
,,,,"Dúplex en calle de Santiago, Palacio, Madrid",€1.490.000,,,,,,,,,,,,,,,,,,,,,,,
,,,,"Dúplex en calle de Segovia, 21, Palacio, Madrid",€1.399.000,,,,,,,,,,,,,,,,,,,,,,,
,,,,"Dúplex en calle de Sierra Gádor, 39, Casco Histórico de Vallecas, Madrid",€679.000,,,,,,,,,,,,,,,,,,,,,,,
,,,,"Dúplex en calle de Sierra Gádor, Casco Histórico de Vallecas, Madrid",€244.500,,,,,,,,,,,,,,,,,,,,,,,
,,,,"Dúplex en calle de Tomás Esteban, San Diego, Madrid",€215.000,,,,,,,,,,,,,,,,,,,,,,,
,,,,"Dúplex en calle de Torrelaguna, San Pascual, Madrid",€1.150.000,,,,,,,,,,,,,,,,,,,,,,,
,,,,"Dúplex en calle de Trefacio, Canillas, Madrid",€275.000,,,,,,,,,,,,,,,,,,,,,,,
,,,,"Dúplex en calle de Valderrebollo, Ensanche de Vallecas - La Gavia, Madrid",€279.000,,,,,,,,,,,,,,,,,,,,,,,
,,,,"Dúplex en calle de Valle Inclán, Águilas, Madrid",€660.000,,,,,,,,,,,,,,,,,,,,,,,
,,,,"Dúplex en calle de Vedra, 15, Entrevías, Madrid",€199.000,,,,,,,,,,,,,,,,,,,,,,,
,,,,"Dúplex en calle de Vedra, 22, Entrevías, Madrid",€198.000,,,,,,,,,,,,,,,,,,,,,,,
,,,,"Dúplex en calle de Velázquez, s/n, Castellana, Madrid",€4.000.000,,,,,,,,,,,,,,,,,,,,,,,
,,,,"Dúplex en calle de Ventura de la Vega, Huertas-Cortes, Madrid",€1.589.000,,,,,,,,,,,,,,,,,,,,,,,
,,,,"Dúplex en calle de Villaamil, 68, Berruguete, Madrid",€1.292.000,,,,,,,,,,,,,,,,,,,,,,,
,,,,"Dúplex en calle de Villalar, Recoletos, Madrid",€7.100.000,,,,,,,,,,,,,,,,,,,,,,,
,,,,"Dúplex en calle de Yécora, 57, Rejas, Madrid",€639.000,,,,,,,,,,,,,,,,,,,,,,,
,,,,"Dúplex en calle del Águila, Palacio, Madrid",€415.000,,,,,,,,,,,,,,,,,,,,,,,
,,,,"Dúplex en calle del Barquillo, 27, Chueca-Justicia, Madrid",€1.580.000,,,,,,,,,,,,,,,,,,,,,,,
,,,,"Dúplex en calle del Barquillo, Chueca-Justicia, Madrid",€2.169.000,,,,,,,,,,,,,,,,,,,,,,,
,,,,"Dúplex en calle del Camino de los Vinateros, 11, Media Legua, Madrid",€1.350.000,,,,,,,,,,,,,,,,,,,,,,,
,,,,"Dúplex en calle del Espíritu Santo, Malasaña-Universidad, Madrid",€320.000,,,,,,,,,,,,,,,,,,,,,,,
,,,,"Dúplex en calle del General Palanca, Delicias, Madrid",€316.990,,,,,,,,,,,,,,,,,,,,,,,
,,,,"Dúplex en calle del Gorrión, San Isidro, Madrid",€820.000,,,,,,,,,,,,,,,,,,,,,,,
,,,,"Dúplex en calle del Hachero, San Diego, Madrid",€175.000,,,,,,,,,,,,,,,,,,,,,,,
,,,,"Dúplex en calle del Luis de Oro, Pau de Carabanchel, Madrid",€643.000,,,,,,,,,,,,,,,,,,,,,,,
,,,,"Dúplex en calle del Maravedí, 10, Pau de Carabanchel, Madrid",€595.000,,,,,,,,,,,,,,,,,,,,,,,
,,,,"Dúplex en calle del Marqués de Jura Real, 9, Comillas, Madrid",€550.000,,,,,,,,,,,,,,,,,,,,,,,
,,,,"Dúplex en calle del Marqués de Leis, Cuzco-Castillejos, Madrid",€199.500,,,,,,,,,,,,,,,,,,,,,,,
,,,,"Dúplex en calle del Marqués de Monteagudo, Guindalera, Madrid",€830.000,,,,,,,,,,,,,,,,,,,,,,,
,,,,"Dúplex en calle del Nenúfar, Berruguete, Madrid",€279.900,,,,,,,,,,,,,,,,,,,,,,,
,,,,"Dúplex en calle del Padre Oltra, Comillas, Madrid",€250.000,,,,,,,,,,,,,,,,,,,,,,,
,,,,"Dúplex en calle del Padre Rubio, Ventilla-Almenara, Madrid",€380.000,,,,,,,,,,,,,,,,,,,,,,,
,,,,"Dúplex en calle del Pico Cejo, Numancia, Madrid",€218.000,,,,,,,,,,,,,,,,,,,,,,,
,,,,"Dúplex en calle del Poeta Joan Maragall, Cuatro Caminos, Madrid",€2.875.000,,,,,,,,,,,,,,,,,,,,,,,
,,,,"Dúplex en calle del Príncipe de Vergara, El Viso, Madrid",€1.190.000,,,,,,,,,,,,,,,,,,,,,,,
,,,,"Dúplex en calle del Valle de Enmedio, Arroyo del Fresno, Madrid",€1.020.000,,,,,,,,,,,,,,,,,,,,,,,
,,,,"Dúplex en calle Divino Vallés, Chopera, Madrid",€249.000,,,,,,,,,,,,,,,,,,,,,,,
,,,,"Dúplex en calle Doctor Guiu, 57, Peñagrande, Madrid",€2.200.000,,,,,,,,,,,,,,,,,,,,,,,
,,,,"Dúplex en calle Esteban de Arteaga, 4, Comillas, Madrid",€339.000,,,,,,,,,,,,,,,,,,,,,,,
,,,,"Dúplex en calle Guadarrama, 22, Puerta del Ángel, Madrid",€860.000,,,,,,,,,,,,,,,,,,,,,,,
,,,,"Dúplex en calle Gustavo Pérez Puig, s/n, Valdebebas - Valdefuentes, Madrid",€1.023.450,,,,,,,,,,,,,,,,,,,,,,,
,,,,"Dúplex en calle Javier Ferrero, 1, Ciudad Jardín, Madrid",€6.671.330,,,,,,,,,,,,,,,,,,,,,,,
,,,,"Dúplex en calle Jordi Solé Tura, Valdebebas - Valdefuentes, Madrid",€1.030.000,,,,,,,,,,,,,,,,,,,,,,,
,,,,"Dúplex en calle Laguna del Marquesado, 11, Villaverde Alto, Madrid",€180.000,,,,,,,,,,,,,,,,,,,,,,,
,,,,"Dúplex en calle Leonor González, Numancia, Madrid",€155.000,,,,,,,,,,,,,,,,,,,,,,,
,,,,"Dúplex en calle López de Aranda, 6, Quintana, Madrid",€835.000,,,,,,,,,,,,,,,,,,,,,,,
,,,,"Dúplex en calle Magdalena, Lavapiés-Embajadores, Madrid",€599.000,,,,,,,,,,,,,,,,,,,,,,,
,,,,"Dúplex en calle Miramadrid, Pradolongo, Madrid",€270.000,,,,,,,,,,,,,,,,,,,,,,,
,,,,"Dúplex en calle Narváez, 30, Ibiza, Madrid",€1.270.000,,,,,,,,,,,,,,,,,,,,,,,
,,,,"Dúplex en calle Navas del Rey, Puerta del Ángel, Madrid",€350.000,,,,,,,,,,,,,,,,,,,,,,,
,,,,"Dúplex en calle Nogales, Acacias, Madrid",€1.000.000,,,,,,,,,,,,,,,,,,,,,,,
,,,,"Dúplex en calle Paulina Odiaga, Madrid, s/n, San Isidro, Madrid",€180.000,,,,,,,,,,,,,,,,,,,,,,,
,,,,"Dúplex en calle Potasa, Butarque, Madrid",€169.000,,,,,,,,,,,,,,,,,,,,,,,
,,,,"Dúplex en calle Puentecillo, Canillas, Madrid",€696.000,,,,,,,,,,,,,,,,,,,,,,,
,,,,"Dúplex en calle Ruiz Palacios, 28, Berruguete, Madrid",€275.000,,,,,,,,,,,,,,,,,,,,,,,
,,,,"Dúplex en calle San Delfín, Comillas, Madrid",€335.000,,,,,,,,,,,,,,,,,,,,,,,
,,,,"Dúplex en calle san francisco de sales, Vallehermoso, Madrid",€1.023.740,,,,,,,,,,,,,,,,,,,,,,,
,,,,"Dúplex en calle San Martín de Porres, Ciudad Universitaria, Madrid",€582.600,,,,,,,,,,,,,,,,,,,,,,,
,,,,"Dúplex en calle San Sinforiano, 4, Casco Histórico de Barajas, Madrid",€388.000,,,,,,,,,,,,,,,,,,,,,,,
,,,,"Dúplex en calle Tablada, s/n, Berruguete, Madrid",€275.000,,,,,,,,,,,,,,,,,,,,,,,
,,,,"Dúplex en calle Teniente Muñoz Díaz, 7, Palomeras Bajas, Madrid",€275.000,,,,,,,,,,,,,,,,,,,,,,,
,,,,"Dúplex en calle Tineo, Ensanche de Vallecas - La Gavia, Madrid",€229.000,,,,,,,,,,,,,,,,,,,,,,,
,,,,"Dúplex en calle Velázquez, Castellana, Madrid",€2.750.000,,,,,,,,,,,,,,,,,,,,,,,
,,,,"Dúplex en camino de Perales, San Fermín, Madrid",€690.000,,,,,,,,,,,,,,,,,,,,,,,
,,,,"Dúplex en Canteras de Tilly, 19, Casco Histórico de Vicálvaro, Madrid",€749.000,,,,,,,,,,,,,,,,,,,,,,,
,,,,"Dúplex en carretera Fuencarral a Alcobendas, Las Tablas, Madrid",€395.000,,,,,,,,,,,,,,,,,,,,,,,
,,,,"Dúplex en Casco Histórico de Vallecas, Madrid",€500.000,,,,,,,,,,,,,,,,,,,,,,,
,,,,"Dúplex en Castellana, Madrid",€7.350.000,,,,,,,,,,,,,,,,,,,,,,,
,,,,"Dúplex en Chueca-Justicia, Madrid",€6.000.000,,,,,,,,,,,,,,,,,,,,,,,
,,,,"Dúplex en Colina, Madrid",€3.550.000,,,,,,,,,,,,,,,,,,,,,,,
,,,,"Dúplex en Concepción, Madrid",€1.020.000,,,,,,,,,,,,,,,,,,,,,,,
,,,,"Dúplex en Costillares, Madrid",€1.395.000,,,,,,,,,,,,,,,,,,,,,,,
,,,,"Dúplex en Cuatro Caminos, Madrid",€2.290.000,,,,,,,,,,,,,,,,,,,,,,,
,,,,"Dúplex en de Canillas, 102, Prosperidad, Madrid",€560.000,,,,,,,,,,,,,,,,,,,,,,,
,,,,"Dúplex en doctor arce, El Viso, Madrid",€3.800.000,,,,,,,,,,,,,,,,,,,,,,,
,,,,"Dúplex en El Viso, Madrid",€17.490.000,,,,,,,,,,,,,,,,,,,,,,,
,,,,"Dúplex en Filosofa Simone Well, 10, Numancia, Madrid",€335.000,,,,,,,,,,,,,,,,,,,,,,,
,,,,"Dúplex en Fontarrón, Madrid",€400.000,,,,,,,,,,,,,,,,,,,,,,,
,,,,"Dúplex en Gloria Fuertes, 59, Arroyo del Fresno, Madrid",€1.398.000,,,,,,,,,,,,,,,,,,,,,,,
,,,,"Dúplex en glorieta del General Álvarez de Castro, 3, Trafalgar, Madrid",€425.000,,,,,,,,,,,,,,,,,,,,,,,
,,,,"Dúplex en Gomez de Arteche, 27, Buena Vista, Madrid",€280.000,,,,,,,,,,,,,,,,,,,,,,,
,,,,"Dúplex en Goya, Madrid",€1.195.000,,,,,,,,,,,,,,,,,,,,,,,
,,,,"Dúplex en Hernán Cortés, s/n, Chueca-Justicia, Madrid",€520.000,,,,,,,,,,,,,,,,,,,,,,,
,,,,"Dúplex en Huertas-Cortes, Madrid",€735.000,,,,,,,,,,,,,,,,,,,,,,,
,,,,"Dúplex en Jerónimos, Madrid",€7.100.000,,,,,,,,,,,,,,,,,,,,,,,
,,,,"Dúplex en Lavapiés-Embajadores, Madrid",€1.695.000,,,,,,,,,,,,,,,,,,,,,,,
,,,,"Dúplex en Lista, Madrid",€1.850.000,,,,,,,,,,,,,,,,,,,,,,,
,,,,"Dúplex en Los Cármenes, Madrid",€295.000,,,,,,,,,,,,,,,,,,,,,,,
,,,,"Dúplex en Madre Teresa de Calcuta, Arroyo del Fresno, Madrid",€1.225.000,,,,,,,,,,,,,,,,,,,,,,,
,,,,"Dúplex en Malasaña-Universidad, Madrid",€2.070.000,,,,,,,,,,,,,,,,,,,,,,,
,,,,"Dúplex en Marcelino Alvarez, s/n, Ventas, Madrid",€1.335.000,,,,,,,,,,,,,,,,,,,,,,,
,,,,"Dúplex en Matías Turrión, 26, Canillas, Madrid",€1.750.000,,,,,,,,,,,,,,,,,,,,,,,
,,,,"Dúplex en Media Legua, Madrid",€399.500,,,,,,,,,,,,,,,,,,,,,,,
,,,,"Dúplex en Mirasierra, Madrid",€5.966.000,,,,,,,,,,,,,,,,,,,,,,,
,,,,"Dúplex en Moscardó, Madrid",€360.000,,,,,,,,,,,,,,,,,,,,,,,
,,,,"Dúplex en Nanclares de Oca, Rejas, Madrid",€290.000,,,,,,,,,,,,,,,,,,,,,,,
,,,,"Dúplex en Niño Jesús, Madrid",€1.499.000,,,,,,,,,,,,,,,,,,,,,,,
,,,,"Dúplex en Nueva España, Madrid",€5.650.000,,,,,,,,,,,,,,,,,,,,,,,
,,,,"Dúplex en Opañel, Madrid",€1.082.800,,,,,,,,,,,,,,,,,,,,,,,
,,,,"Dúplex en Orquideas, 11, Valdeacederas, Madrid",€399.000,,,,,,,,,,,,,,,,,,,,,,,
,,,,"Dúplex en Pacífico, Madrid",€990.000,,,,,,,,,,,,,,,,,,,,,,,
,,,,"Dúplex en Palacio, Madrid",€2.590.000,,,,,,,,,,,,,,,,,,,,,,,
,,,,"Dúplex en Palos de la Frontera, Madrid",€630.000,,,,,,,,,,,,,,,,,,,,,,,
,,,,"Dúplex en paseo de La Habana, Bernabéu-Hispanoamérica, Madrid",€19.200.000,,,,,,,,,,,,,,,,,,,,,,,
,,,,"Dúplex en paseo de La Habana, El Viso, Madrid",€995.000,,,,,,,,,,,,,,,,,,,,,,,
,,,,"Dúplex en paseo de las Delicias, 42, Palos de la Frontera, Madrid",€1.496.000,,,,,,,,,,,,,,,,,,,,,,,
,,,,"Dúplex en paseo de San Francisco de Sales, 15, Vallehermoso, Madrid",€1.956.130,,,,,,,,,,,,,,,,,,,,,,,
,,,,"Dúplex en paseo de San Francisco de Sales, Vallehermoso, Madrid",€5.992.560,,,,,,,,,,,,,,,,,,,,,,,
,,,,"Dúplex en paseo del Marqués de Zafra, Fuente del Berro, Madrid",€585.000,,,,,,,,,,,,,,,,,,,,,,,
,,,,"Dúplex en paseo del Prado, Jerónimos, Madrid",€1.399.000,,,,,,,,,,,,,,,,,,,,,,,
,,,,"Dúplex en paseo San Francisco de Sales, Vallehermoso, Madrid",€1.956.130,,,,,,,,,,,,,,,,,,,,,,,
,,,,"Dúplex en Pau de Carabanchel, Madrid",€195.000,,,,,,,,,,,,,,,,,,,,,,,
,,,,"Dúplex en Peñagrande, Madrid",€1.990.000,,,,,,,,,,,,,,,,,,,,,,,
,,,,"Dúplex en Pilar, Madrid",€251.000,,,,,,,,,,,,,,,,,,,,,,,
,,,,"Dúplex en plaza de los Reyes Magos, Niño Jesús, Madrid",€1.499.000,,,,,,,,,,,,,,,,,,,,,,,
,,,,"Dúplex en plaza de Tirso de Molina, Lavapiés-Embajadores, Madrid",€1.250.000,,,,,,,,,,,,,,,,,,,,,,,
,,,,"Dúplex en plaza del Alcalde Moreno Torres, Sanchinarro, Madrid",€950.000,,,,,,,,,,,,,,,,,,,,,,,
,,,,"Dúplex en plaza Gran Vía, Sol, Madrid",€1.600.000,,,,,,,,,,,,,,,,,,,,,,,
,,,,"Dúplex en plaza Marqués de Salamanca, 11, Lista, Madrid",€13.090.000,,,,,,,,,,,,,,,,,,,,,,,
,,,,"Dúplex en Portazgo, Madrid",€299.000,,,,,,,,,,,,,,,,,,,,,,,
,,,,"Dúplex en Pradolongo, Madrid",€545.000,,,,,,,,,,,,,,,,,,,,,,,
,,,,"Dúplex en Prosperidad, Madrid",€3.800.000,,,,,,,,,,,,,,,,,,,,,,,
,,,,"Dúplex en Quintana, Madrid",€380.000,,,,,,,,,,,,,,,,,,,,,,,
,,,,"Dúplex en Recoletos, Madrid",€3.200.000,,,,,,,,,,,,,,,,,,,,,,,
,,,,"Dúplex en Rejas, Madrid",€1.947.000,,,,,,,,,,,,,,,,,,,,,,,
,,,,"Dúplex en Ricardo Damas, 9, Legazpi, Madrid",€1.200.000,,,,,,,,,,,,,,,,,,,,,,,
,,,,"Dúplex en Robles, 1, San Diego, Madrid",€1.329.000,,,,,,,,,,,,,,,,,,,,,,,
,,,,"Dúplex en ronda de Atocha, Palos de la Frontera, Madrid",€630.000,,,,,,,,,,,,,,,,,,,,,,,
,,,,"Dúplex en San Dimas, 10, Malasaña-Universidad, Madrid",€525.000,,,,,,,,,,,,,,,,,,,,,,,
,,,,"Dúplex en San Juan Bautista, Madrid",€1.250.000,,,,,,,,,,,,,,,,,,,,,,,
,,,,"Dúplex en San Marcos, Sol, Madrid",€1.120.000,,,,,,,,,,,,,,,,,,,,,,,
,,,,"Dúplex en San Sinforiano, 4, Casco Histórico de Barajas, Madrid",€731.000,,,,,,,,,,,,,,,,,,,,,,,
,,,,"Dúplex en Sanchinarro, Madrid",€1.120.000,,,,,,,,,,,,,,,,,,,,,,,
,,,,"Dúplex en Simancas, Madrid",€420.000,,,,,,,,,,,,,,,,,,,,,,,
,,,,"Dúplex en Sol, Madrid",€876.000,,,,,,,,,,,,,,,,,,,,,,,
,,,,"Dúplex en Timón, Madrid",€520.000,,,,,,,,,,,,,,,,,,,,,,,
,,,,"Dúplex en travesía de Humanes, 41, Portazgo, Madrid",€350.000,,,,,,,,,,,,,,,,,,,,,,,
,,,,"Dúplex en travesía Huerta del Obispo, Berruguete, Madrid",€239.000,,,,,,,,,,,,,,,,,,,,,,,
,,,,"Dúplex en Ulises, Canillas, Madrid",€470.000,,,,,,,,,,,,,,,,,,,,,,,
,,,,"Dúplex en Valdebebas - Valdefuentes, Madrid",€2.025.000,,,,,,,,,,,,,,,,,,,,,,,
,,,,"Dúplex en Valdemarín, Madrid",€5.405.000,,,,,,,,,,,,,,,,,,,,,,,
,,,,"Dúplex en via Gran Vía, Malasaña-Universidad, Madrid",€3.700.000,,,,,,,,,,,,,,,,,,,,,,,
,,,,"Dúplex en Villaverde Alto, Madrid",€607.000,,,,,,,,,,,,,,,,,,,,,,,
,,,,"Dúplex en Virgen de los Peligros, 9, Sol, Madrid",€2.250.000,,,,,,,,,,,,,,,,,,,,,,,
,,,,"Dúplex en Vista Alegre, Madrid",€540.990,,,,,,,,,,,,,,,,,,,,,,,
,,,,"Piso en 12 de Octubre-Orcasur, Madrid",€229.500,,,,,,,,,,,,,,,,,,,,,,,
,,,,"Piso en A-4, Butarque, Madrid",€230.000,,,,,,,,,,,,,,,,,,,,,,,
,,,,"Piso en Abella, Buena Vista, Madrid",€175.000,,,,,,,,,,,,,,,,,,,,,,,
,,,,"Piso en Abrantes, Madrid",€1.590.500,,,,,,,,,,,,,,,,,,,,,,,
,,,,"Piso en Abtao, 40, Pacífico, Madrid",€495.000,,,,,,,,,,,,,,,,,,,,,,,
,,,,"Piso en Acacias, Madrid",€1.089.000,,,,,,,,,,,,,,,,,,,,,,,
,,,,"Piso en acceso Parque de la Elipa, Media Legua, Madrid",€357.500,,,,,,,,,,,,,,,,,,,,,,,
,,,,"Piso en Adelfas, Madrid",€4.270.000,,,,,,,,,,,,,,,,,,,,,,,
,,,,"Piso en Adelfas, Retiro, 36, Adelfas, Madrid",€365.000,,,,,,,,,,,,,,,,,,,,,,,
,,,,"Piso en Águilas, Madrid",€597.000,,,,,,,,,,,,,,,,,,,,,,,
,,,,"Piso en Alameda de Osuna, Madrid",€2.165.000,,,,,,,,,,,,,,,,,,,,,,,
,,,,"Piso en alameda del Valle, 27, Ensanche de Vallecas - La Gavia, Madrid",€1.883.600,,,,,,,,,,,,,,,,,,,,,,,
,,,,"Piso en alameda del Valle, Ensanche de Vallecas - La Gavia, Madrid",€765.000,,,,,,,,,,,,,,,,,,,,,,,
,,,,"Piso en Alberto Alcocer, Nueva España, Madrid",€3.000.000,,,,,,,,,,,,,,,,,,,,,,,
,,,,"Piso en Alcalá de Guadaira, 41, Palomeras Bajas, Madrid",€215.000,,,,,,,,,,,,,,,,,,,,,,,
,,,,"Piso en Alcalde Henche De La Plata, Sanchinarro, Madrid",€490.000,,,,,,,,,,,,,,,,,,,,,,,
,,,,"Piso en Almagro, Madrid",€250.968.000,,,,,,,,,,,,,,,,,,,,,,,
,,,,"Piso en Almendrales, Madrid",€385.740,,,,,,,,,,,,,,,,,,,,,,,
,,,,"Piso en Alonso Cano, 68, Nuevos Ministerios-Ríos Rosas, Madrid",€4.632.310,,,,,,,,,,,,,,,,,,,,,,,
,,,,"Piso en Aluche, Madrid",€3.436.000,,,,,,,,,,,,,,,,,,,,,,,
,,,,"Piso en Alvarado, 22, Bellas Vistas, Madrid",€290.000,,,,,,,,,,,,,,,,,,,,,,,
,,,,"Piso en Ambroz, Madrid",€192.260,,,,,,,,,,,,,,,,,,,,,,,
,,,,"Piso en Amposta, Madrid",€1.110.259,,,,,,,,,,,,,,,,,,,,,,,
,,,,"Piso en Antonia Ruiz Soro, 16, Guindalera, Madrid",€1.630.000,,,,,,,,,,,,,,,,,,,,,,,
,,,,"Piso en Antonio López, 67, Comillas, Madrid",€555.000,,,,,,,,,,,,,,,,,,,,,,,
,,,,"Piso en Antonio Pérez, 24, El Viso, Madrid",€1.650.000,,,,,,,,,,,,,,,,,,,,,,,
,,,,"Piso en antonio ponz, 1, Pueblo Nuevo, Madrid",€154.000,,,,,,,,,,,,,,,,,,,,,,,
,,,,"Piso en Apóstol Santiago, Madrid",€1.801.000,,,,,,,,,,,,,,,,,,,,,,,
,,,,"Piso en Arapiles, Madrid",€12.624.000,,,,,,,,,,,,,,,,,,,,,,,
,,,,"Piso en Aravaca, Madrid",€7.969.000,,,,,,,,,,,,,,,,,,,,,,,
,,,,"Piso en Arces, Palomas, Madrid",€795.000,,,,,,,,,,,,,,,,,,,,,,,
,,,,"Piso en Arcos, Madrid",€988.260,,,,,,,,,,,,,,,,,,,,,,,
,,,,"Piso en Argüelles, Madrid",€50.697.000,,,,,,,,,,,,,,,,,,,,,,,
,,,,"Piso en Arroyo belincoso, 26, Marroquina, Madrid",€250.000,,,,,,,,,,,,,,,,,,,,,,,
,,,,"Piso en Arroyo Bueno, 1, Villaverde Alto, Madrid",€1.712.000,,,,,,,,,,,,,,,,,,,,,,,
,,,,"Piso en Arroyo del Cañaveral, 127, El Cañaveral, Madrid",€3.294.000,,,,,,,,,,,,,,,,,,,,,,,
,,,,"Piso en avenida Avenue Avenue de Badajoz, 25, San Pascual, Madrid",€535.000,,,,,,,,,,,,,,,,,,,,,,,
,,,,"Piso en avenida Avenue de Ramón y Cajal, 81, Bernabéu-Hispanoamérica, Madrid",€449.000,,,,,,,,,,,,,,,,,,,,,,,
,,,,"Piso en avenida Canillejas, Arcos, Madrid",€280.000,,,,,,,,,,,,,,,,,,,,,,,
,,,,"Piso en avenida Cerro de los Ángeles, Zofío, Madrid",€189.000,,,,,,,,,,,,,,,,,,,,,,,
,,,,"Piso en avenida de Abrantes, 54, Abrantes, Madrid",€360.000,,,,,,,,,,,,,,,,,,,,,,,
,,,,"Piso en avenida de Abrantes, Abrantes, Madrid",€729.000,,,,,,,,,,,,,,,,,,,,,,,
,,,,"Piso en avenida de Alberto de Alcocer, Bernabéu-Hispanoamérica, Madrid",€990.000,,,,,,,,,,,,,,,,,,,,,,,
,,,,"Piso en avenida de Alberto de Alcocer, Nueva España, Madrid",€1.050.000,,,,,,,,,,,,,,,,,,,,,,,
,,,,"Piso en avenida de Alfonso XIII, Bernabéu-Hispanoamérica, Madrid",€449.000,,,,,,,,,,,,,,,,,,,,,,,
,,,,"Piso en avenida de Alfonso XIII, Ciudad Jardín, Madrid",€1.250.000,,,,,,,,,,,,,,,,,,,,,,,
,,,,"Piso en avenida de América, 33, Prosperidad, Madrid",€975.000,,,,,,,,,,,,,,,,,,,,,,,
,,,,"Piso en avenida de América, 37, Prosperidad, Madrid",€2.345.000,,,,,,,,,,,,,,,,,,,,,,,
,,,,"Piso en avenida de América, Guindalera, Madrid",€685.000,,,,,,,,,,,,,,,,,,,,,,,
,,,,"Piso en avenida de América, Prosperidad, Madrid",€7.783.000,,,,,,,,,,,,,,,,,,,,,,,
,,,,"Piso en avenida de Andalucia, 12 de Octubre-Orcasur, Madrid",€335.000,,,,,,,,,,,,,,,,,,,,,,,
,,,,"Piso en avenida de Badajoz, 23, San Pascual, Madrid",€580.000,,,,,,,,,,,,,,,,,,,,,,,
,,,,"Piso en avenida de Barranquilla, 11, Pinar del Rey, Madrid",€432.000,,,,,,,,,,,,,,,,,,,,,,,
,,,,"Piso en avenida de Baviera, Guindalera, Madrid",€1.450.000,,,,,,,,,,,,,,,,,,,,,,,
,,,,"Piso en avenida de Betanzos, 64, Pilar, Madrid",€600.000,,,,,,,,,,,,,,,,,,,,,,,
,,,,"Piso en avenida de Betanzos, Pilar, Madrid",€1.473.000,,,,,,,,,,,,,,,,,,,,,,,
,,,,"Piso en avenida de Brasilia, 21, Guindalera, Madrid",€635.000,,,,,,,,,,,,,,,,,,,,,,,
,,,,"Piso en avenida de Brasilia, Guindalera, Madrid",€840.000,,,,,,,,,,,,,,,,,,,,,,,
,,,,"Piso en avenida de Bruselas, 75, Guindalera, Madrid",€950.000,,,,,,,,,,,,,,,,,,,,,,,
,,,,"Piso en avenida de Bruselas, Guindalera, Madrid",€3.217.000,,,,,,,,,,,,,,,,,,,,,,,
,,,,"Piso en avenida de Buenos Aires, 62, Palomeras Bajas, Madrid",€178.000,,,,,,,,,,,,,,,,,,,,,,,
,,,,"Piso en avenida de Buenos Aires, Palomeras Bajas, Madrid",€91.400,,,,,,,,,,,,,,,,,,,,,,,
,,,,"Piso en avenida de Burgos, 16, Castilla, Madrid",€675.000,,,,,,,,,,,,,,,,,,,,,,,
,,,,"Piso en avenida de Burgos, 20, Castilla, Madrid",€680.000,,,,,,,,,,,,,,,,,,,,,,,
,,,,"Piso en avenida de Burgos, 28, Castilla, Madrid",€540.000,,,,,,,,,,,,,,,,,,,,,,,
,,,,"Piso en avenida de Burgos, 34, Castilla, Madrid",€330.000,,,,,,,,,,,,,,,,,,,,,,,
,,,,"Piso en avenida de Burgos, 41, Castilla, Madrid",€925.000,,,,,,,,,,,,,,,,,,,,,,,
,,,,"Piso en avenida de Burgos, Castilla, Madrid",€5.397.000,,,,,,,,,,,,,,,,,,,,,,,
,,,,"Piso en avenida de Canillejas a Vicálvaro, Rosas, Madrid",€355.000,,,,,,,,,,,,,,,,,,,,,,,
,,,,"Piso en avenida de Carabanchel Alto, 25, Buena Vista, Madrid",€260.000,,,,,,,,,,,,,,,,,,,,,,,
,,,,"Piso en avenida de Carabanchel Alto, Buena Vista, Madrid",€837.900,,,,,,,,,,,,,,,,,,,,,,,
,,,,"Piso en avenida de Concha Espina, 11, Bernabéu-Hispanoamérica, Madrid",€999.000,,,,,,,,,,,,,,,,,,,,,,,
,,,,"Piso en avenida de Concha Espina, 12, El Viso, Madrid",€1.300.000,,,,,,,,,,,,,,,,,,,,,,,
,,,,"Piso en avenida de Concha Espina, 35, El Viso, Madrid",€790.000,,,,,,,,,,,,,,,,,,,,,,,
,,,,"Piso en avenida de Concha Espina, Bernabéu-Hispanoamérica, Madrid",€3.550.000,,,,,,,,,,,,,,,,,,,,,,,
,,,,"Piso en avenida de Concha Espina, El Viso, Madrid",€8.050.000,,,,,,,,,,,,,,,,,,,,,,,
,,,,"Piso en avenida de Córdoba, Almendrales, Madrid",€235.750,,,,,,,,,,,,,,,,,,,,,,,
,,,,"Piso en avenida de Entrevías, 96, Entrevías, Madrid",€270.000,,,,,,,,,,,,,,,,,,,,,,,
,,,,"Piso en avenida de Entrevías, Entrevías, Madrid",€200.000,,,,,,,,,,,,,,,,,,,,,,,
,,,,"Piso en avenida de Europa, 32, Aravaca, Madrid",€1.305.000,,,,,,,,,,,,,,,,,,,,,,,
,,,,"Piso en avenida de Filipinas, Vallehermoso, Madrid",€820.000,,,,,,,,,,,,,,,,,,,,,,,
,,,,"Piso en avenida de francisco pi y margall, 7, Sanchinarro, Madrid",€730.000,,,,,,,,,,,,,,,,,,,,,,,
,,,,"Piso en avenida de Francisco Pi y Margall, 86, Sanchinarro, Madrid",€780.000,,,,,,,,,,,,,,,,,,,,,,,
,,,,"Piso en avenida de Francisco Pi y Margall, Sanchinarro, Madrid",€575.000,,,,,,,,,,,,,,,,,,,,,,,
,,,,"Piso en avenida de Guadalajara, 97, Arcos, Madrid",€220.000,,,,,,,,,,,,,,,,,,,,,,,
,,,,"Piso en avenida de Guadalajara, Arcos, Madrid",€1.020.000,,,,,,,,,,,,,,,,,,,,,,,
,,,,"Piso en avenida de Guadalajara, Rosas, Madrid",€434.000,,,,,,,,,,,,,,,,,,,,,,,
,,,,"Piso en avenida de José Antonio Corrales, 13, Valdebebas - Valdefuentes, Madrid",€1.150.000,,,,,,,,,,,,,,,,,,,,,,,
,,,,"Piso en avenida de la Albufera, Numancia, Madrid",€351.000,,,,,,,,,,,,,,,,,,,,,,,
,,,,"Piso en avenida de la Albufera, Palomeras Bajas, Madrid",€205.000,,,,,,,,,,,,,,,,,,,,,,,
,,,,"Piso en avenida de la Aviación, 34, Cuatro Vientos, Madrid",€550.000,,,,,,,,,,,,,,,,,,,,,,,
,,,,"Piso en avenida de la Aviación, Cuatro Vientos, Madrid",€280.000,,,,,,,,,,,,,,,,,,,,,,,
,,,,"Piso en avenida de la Aviación, Pau de Carabanchel, Madrid",€597.000,,,,,,,,,,,,,,,,,,,,,,,
,,,,"Piso en avenida de la Ciudad de Barcelona, 110, Pacífico, Madrid",€570.000,,,,,,,,,,,,,,,,,,,,,,,
,,,,"Piso en avenida de la Ciudad de Barcelona, 134, Pacífico, Madrid",€740.000,,,,,,,,,,,,,,,,,,,,,,,
,,,,"Piso en avenida de la Ciudad de Barcelona, 138, Pacífico, Madrid",€640.000,,,,,,,,,,,,,,,,,,,,,,,
,,,,"Piso en avenida de la Ciudad de Barcelona, Adelfas, Madrid",€1.640.000,,,,,,,,,,,,,,,,,,,,,,,
,,,,"Piso en avenida de la Ciudad de Barcelona, Pacífico, Madrid",€1.565.000,,,,,,,,,,,,,,,,,,,,,,,
,,,,"Piso en avenida de la Emperatriz Isabel, San Isidro, Madrid",€543.000,,,,,,,,,,,,,,,,,,,,,,,
,,,,"Piso en avenida de la Gavia, 14, Ensanche de Vallecas - La Gavia, Madrid",€298.000,,,,,,,,,,,,,,,,,,,,,,,
,,,,"Piso en avenida de la Gavia, 39, Ensanche de Vallecas - La Gavia, Madrid",€260.000,,,,,,,,,,,,,,,,,,,,,,,
,,,,"Piso en avenida de la Gran Vía del Sureste, Ensanche de Vallecas - La Gavia, Madrid",€210.000,,,,,,,,,,,,,,,,,,,,,,,
,,,,"Piso en avenida de la Peseta, Pau de Carabanchel, Madrid",€420.000,,,,,,,,,,,,,,,,,,,,,,,
,,,,"Piso en avenida de la Reina Victoria, 4, Bellas Vistas, Madrid",€998.000,,,,,,,,,,,,,,,,,,,,,,,
,,,,"Piso en avenida de la Reina Victoria, Vallehermoso, Madrid",€2.555.000,,,,,,,,,,,,,,,,,,,,,,,
,,,,"Piso en avenida de la Verbena de la Paloma, Los Ángeles, Madrid",€308.000,,,,,,,,,,,,,,,,,,,,,,,
,,,,"Piso en avenida de la Virgen del Carmen, Pinar del Rey, Madrid",€229.000,,,,,,,,,,,,,,,,,,,,,,,
,,,,"Piso en avenida de las Águilas, 67, Águilas, Madrid",€345.000,,,,,,,,,,,,,,,,,,,,,,,
,,,,"Piso en avenida de Las Águilas, Águilas, Madrid",€189.000,,,,,,,,,,,,,,,,,,,,,,,
,,,,"Piso en avenida de las Fuerzas Armadas, Valdebebas - Valdefuentes, Madrid",€397.600,,,,,,,,,,,,,,,,,,,,,,,
,,,,"Piso en avenida de las Glorietas, Entrevías, Madrid",€159.000,,,,,,,,,,,,,,,,,,,,,,,
,,,,"Piso en avenida de Logroño, Casco Histórico de Barajas, Madrid",€285.000,,,,,,,,,,,,,,,,,,,,,,,
,,,,"Piso en avenida de los Andes, 15, Conde Orgaz-Piovera, Madrid",€1.400.000,,,,,,,,,,,,,,,,,,,,,,,
,,,,"Piso en avenida de los Apóstoles, 11, Puerta del Ángel, Madrid",€335.000,,,,,,,,,,,,,,,,,,,,,,,
,,,,"Piso en avenida de los Apóstoles, Puerta del Ángel, Madrid",€305.000,,,,,,,,,,,,,,,,,,,,,,,
,,,,"Piso en avenida de los Arces, 1, Palomas, Madrid",€795.000,,,,,,,,,,,,,,,,,,,,,,,
,,,,"Piso en avenida de los Arces, 17, Palomas, Madrid",€830.000,,,,,,,,,,,,,,,,,,,,,,,
,,,,"Piso en avenida de los Arces, Palomas, Madrid",€1.690.000,,,,,,,,,,,,,,,,,,,,,,,
,,,,"Piso en avenida de los Madroños, Conde Orgaz-Piovera, Madrid",€3.670.000,,,,,,,,,,,,,,,,,,,,,,,
,,,,"Piso en avenida de los Prunos, Palomas, Madrid",€650.000,,,,,,,,,,,,,,,,,,,,,,,
,,,,"Piso en avenida de los Rosales, Butarque, Madrid",€858.000,,,,,,,,,,,,,,,,,,,,,,,
,,,,"Piso en avenida de los Toreros, 71, Guindalera, Madrid",€675.000,,,,,,,,,,,,,,,,,,,,,,,
,,,,"Piso en avenida de los Toreros, Guindalera, Madrid",€430.000,,,,,,,,,,,,,,,,,,,,,,,
,,,,"Piso en avenida de Menéndez Pelayo, 111, Pacífico, Madrid",€240.000,,,,,,,,,,,,,,,,,,,,,,,
,,,,"Piso en avenida de Menéndez Pelayo, 121, Pacífico, Madrid",€485.000,,,,,,,,,,,,,,,,,,,,,,,
,,,,"Piso en avenida de Menéndez Pelayo, 4, Recoletos, Madrid",€1.650.000,,,,,,,,,,,,,,,,,,,,,,,
,,,,"Piso en avenida de Miraflores, Ciudad Universitaria, Madrid",€2.800.000,,,,,,,,,,,,,,,,,,,,,,,
,,,,"Piso en avenida de Monforte de Lemos, 151, Pilar, Madrid",€330.000,,,,,,,,,,,,,,,,,,,,,,,
,,,,"Piso en avenida de Monforte de Lemos, Pilar, Madrid",€759.000,,,,,,,,,,,,,,,,,,,,,,,
,,,,"Piso en avenida de Moratalaz, 138, Media Legua, Madrid",€320.000,,,,,,,,,,,,,,,,,,,,,,,
,,,,"Piso en avenida de Moratalaz, 138, Vinateros, Madrid",€320.000,,,,,,,,,,,,,,,,,,,,,,,
,,,,"Piso en avenida de Moratalaz, Marroquina, Madrid",€1.379.000,,,,,,,,,,,,,,,,,,,,,,,
,,,,"Piso en avenida de Moratalaz, Vinateros, Madrid",€200.000,,,,,,,,,,,,,,,,,,,,,,,
,,,,"Piso en avenida de Nazaret, Niño Jesús, Madrid",€2.350.000,,,,,,,,,,,,,,,,,,,,,,,
,,,,"Piso en avenida de Niceto Alcalá Zamora, 91, Sanchinarro, Madrid",€750.000,,,,,,,,,,,,,,,,,,,,,,,
,,,,"Piso en avenida de Niceto Alcalá Zamora, Sanchinarro, Madrid",€1.959.000,,,,,,,,,,,,,,,,,,,,,,,
,,,,"Piso en avenida de Nuestra Señora de Fátima, Vista Alegre, Madrid",€1.988.500,,,,,,,,,,,,,,,,,,,,,,,
,,,,"Piso en avenida de Nuestra Señora de Valvanera, San Isidro, Madrid",€401.000,,,,,,,,,,,,,,,,,,,,,,,
,,,,"Piso en avenida de Oporto, 15, Abrantes, Madrid",€152.900,,,,,,,,,,,,,,,,,,,,,,,
,,,,"Piso en avenida de Oporto, Abrantes, Madrid",€286.000,,,,,,,,,,,,,,,,,,,,,,,
,,,,"Piso en avenida de Oporto, Opañel, Madrid",€298.000,,,,,,,,,,,,,,,,,,,,,,,
,,,,"Piso en avenida de Oporto, Puerta Bonita, Madrid",€220.000,,,,,,,,,,,,,,,,,,,,,,,
,,,,"Piso en avenida de Pablo Neruda, 120, Palomeras Bajas, Madrid",€318.000,,,,,,,,,,,,,,,,,,,,,,,
,,,,"Piso en avenida de Pablo Neruda, 87, Palomeras Bajas, Madrid",€315.000,,,,,,,,,,,,,,,,,,,,,,,
,,,,"Piso en avenida de Pablo Neruda, Palomeras Bajas, Madrid",€251.000,,,,,,,,,,,,,,,,,,,,,,,
,,,,"Piso en avenida de Pablo Neruda, Portazgo, Madrid",€269.000,,,,,,,,,,,,,,,,,,,,,,,
,,,,"Piso en avenida de Palomeras, 108, Palomeras Bajas, Madrid",€180.000,,,,,,,,,,,,,,,,,,,,,,,
,,,,"Piso en avenida de Palomeras, Palomeras Bajas, Madrid",€294.500,,,,,,,,,,,,,,,,,,,,,,,
,,,,"Piso en avenida de Peña Prieta, 75, Numancia, Madrid",€91.000,,,,,,,,,,,,,,,,,,,,,,,
,,,,"Piso en avenida de Pío XII, 97, Castilla, Madrid",€1.099.000,,,,,,,,,,,,,,,,,,,,,,,
,,,,"Piso en avenida de Pío XII, Castilla, Madrid",€2.045.000,,,,,,,,,,,,,,,,,,,,,,,
,,,,"Piso en avenida de Portugal, 7, Puerta del Ángel, Madrid",€590.000,,,,,,,,,,,,,,,,,,,,,,,
,,,,"Piso en avenida de Rafael Alberti, Palomeras sureste, Madrid",€280.000,,,,,,,,,,,,,,,,,,,,,,,
,,,,"Piso en avenida de Rafaela Ybarra, 30, Zofío, Madrid",€297.000,,,,,,,,,,,,,,,,,,,,,,,
,,,,"Piso en avenida de Rafaela Ybarra, 35, Pradolongo, Madrid",€280.000,,,,,,,,,,,,,,,,,,,,,,,
,,,,"Piso en avenida de Rafaela Ybarra, 72, Orcasitas, Madrid",€138.600,,,,,,,,,,,,,,,,,,,,,,,
,,,,"Piso en avenida de Rafaela Ybarra, Pradolongo, Madrid",€280.000,,,,,,,,,,,,,,,,,,,,,,,
,,,,"Piso en avenida de Ramón y Cajal, 83, Bernabéu-Hispanoamérica, Madrid",€449.000,,,,,,,,,,,,,,,,,,,,,,,
,,,,"Piso en avenida de Ramón y Cajal, Bernabéu-Hispanoamérica, Madrid",€1.853.000,,,,,,,,,,,,,,,,,,,,,,,
,,,,"Piso en avenida de Ramón y Cajal, Colina, Madrid",€663.000,,,,,,,,,,,,,,,,,,,,,,,
,,,,"Piso en avenida de San Diego, 41, San Diego, Madrid",€140.000,,,,,,,,,,,,,,,,,,,,,,,
,,,,"Piso en avenida de San Diego, San Diego, Madrid",€482.100,,,,,,,,,,,,,,,,,,,,,,,
,,,,"Piso en avenida de San Fermín, 1, San Fermín, Madrid",€152.900,,,,,,,,,,,,,,,,,,,,,,,
,,,,"Piso en avenida de San Luis, 13, Pinar del Rey, Madrid",€225.000,,,,,,,,,,,,,,,,,,,,,,,
,,,,"Piso en avenida de San Luis, Pinar del Rey, Madrid",€575.000,,,,,,,,,,,,,,,,,,,,,,,
,,,,"Piso en avenida de Santo Domingo de la Calzada, Las Tablas, Madrid",€290.000,,,,,,,,,,,,,,,,,,,,,,,
,,,,"Piso en avenida de Secundino Zuazo, 20, Valdebebas - Valdefuentes, Madrid",€1.190.000,,,,,,,,,,,,,,,,,,,,,,,
,,,,"Piso en avenida de Secundino Zuazo, Valdebebas - Valdefuentes, Madrid",€775.000,,,,,,,,,,,,,,,,,,,,,,,
,,,,"Piso en avenida de Trajano, Ciudad Universitaria, Madrid",€295.000,,,,,,,,,,,,,,,,,,,,,,,
,,,,"Piso en avenida de Valdemarín, Valdemarín, Madrid",€2.450.000,,,,,,,,,,,,,,,,,,,,,,,
,,,,"Piso en avenida de Valladolid, 37, Casa de Campo, Madrid",€810.000,,,,,,,,,,,,,,,,,,,,,,,
,,,,"Piso en avenida de Valladolid, Casa de Campo, Madrid",€625.000,,,,,,,,,,,,,,,,,,,,,,,
,,,,"Piso en avenida del Camino de Santiago, 1, Las Tablas, Madrid",€393.000,,,,,,,,,,,,,,,,,,,,,,,
,,,,"Piso en avenida del Cardenal Herrera Oria, 169, Pilar, Madrid",€785.000,,,,,,,,,,,,,,,,,,,,,,,
,,,,"Piso en avenida del Cardenal Herrera Oria, Tres Olivos - Valverde, Madrid",€230.000,,,,,,,,,,,,,,,,,,,,,,,
,,,,"Piso en avenida del Doctor García Tapia, 208, Marroquina, Madrid",€380.000,,,,,,,,,,,,,,,,,,,,,,,
,,,,"Piso en avenida del Doctor García Tapia, Horcajo, Madrid",€690.000,,,,,,,,,,,,,,,,,,,,,,,
,,,,"Piso en avenida del Doctor García Tapia, Marroquina, Madrid",€485.000,,,,,,,,,,,,,,,,,,,,,,,
,,,,"Piso en avenida del Ensanche de Vallecas, 83, Ensanche de Vallecas - La Gavia, Madrid",€425.000,,,,,,,,,,,,,,,,,,,,,,,
,,,,"Piso en avenida del Ensanche de Vallecas, Ensanche de Vallecas - La Gavia, Madrid",€1.320.000,,,,,,,,,,,,,,,,,,,,,,,
,,,,"Piso en avenida del General Perón, 13, Cuatro Caminos, Madrid",€850.000,,,,,,,,,,,,,,,,,,,,,,,
,,,,"Piso en avenida del Manzanares, 60, San Isidro, Madrid",€419.000,,,,,,,,,,,,,,,,,,,,,,,
,,,,"Piso en avenida del Manzanares, Los Cármenes, Madrid",€1.365.000,,,,,,,,,,,,,,,,,,,,,,,
,,,,"Piso en avenida del Manzanares, San Isidro, Madrid",€375.000,,,,,,,,,,,,,,,,,,,,,,,
,,,,"Piso en avenida del Marqués de Corbera, 24, Ventas, Madrid",€240.000,,,,,,,,,,,,,,,,,,,,,,,
,,,,"Piso en avenida del Marqués de Corbera, Ventas, Madrid",€242.000,,,,,,,,,,,,,,,,,,,,,,,
,,,,"Piso en avenida del Mayorazgo, 153, Ensanche de Vallecas - La Gavia, Madrid",€370.000,,,,,,,,,,,,,,,,,,,,,,,
,,,,"Piso en avenida del Mediterráneo, 43, Estrella, Madrid",€570.000,,,,,,,,,,,,,,,,,,,,,,,
,,,,"Piso en avenida del Mediterráneo, 50, Adelfas, Madrid",€525.700,,,,,,,,,,,,,,,,,,,,,,,
,,,,"Piso en avenida del Mediterráneo, 52, Adelfas, Madrid",€575.000,,,,,,,,,,,,,,,,,,,,,,,
,,,,"Piso en avenida del Mediterráneo, Adelfas, Madrid",€1.240.000,,,,,,,,,,,,,,,,,,,,,,,
,,,,"Piso en avenida del Mediterráneo, Estrella, Madrid",€510.000,,,,,,,,,,,,,,,,,,,,,,,
,,,,"Piso en avenida del Mediterráneo, Pacífico, Madrid",€2.840.000,,,,,,,,,,,,,,,,,,,,,,,
,,,,"Piso en avenida del Monasterio de El Escorial, Montecarmelo, Madrid",€650.000,,,,,,,,,,,,,,,,,,,,,,,
,,,,"Piso en avenida del Papa Negro, 120, Conde Orgaz-Piovera, Madrid",€1.050.000,,,,,,,,,,,,,,,,,,,,,,,
,,,,"Piso en avenida del Planetario, 36, Legazpi, Madrid",€680.000,,,,,,,,,,,,,,,,,,,,,,,
,,,,"Piso en avenida del Presidente Carmona, Cuatro Caminos, Madrid",€680.000,,,,,,,,,,,,,,,,,,,,,,,
,,,,"Piso en avenida del Talgo, 130, Aravaca, Madrid",€650.000,,,,,,,,,,,,,,,,,,,,,,,
,,,,"Piso en avenida del Talgo, Aravaca, Madrid",€2.100.000,,,,,,,,,,,,,,,,,,,,,,,
,,,,"Piso en avenida del Veinticinco de Septiembre, Salvador, Madrid",€484.900,,,,,,,,,,,,,,,,,,,,,,,
,,,,"Piso en avenida del Ventisquero de la Condesa, 7, Arroyo del Fresno, Madrid",€799.000,,,,,,,,,,,,,,,,,,,,,,,
,,,,"Piso en avenida del Ventisquero de la Condesa, Arroyo del Fresno, Madrid",€620.000,,,,,,,,,,,,,,,,,,,,,,,
,,,,"Piso en avenida Doctor Federico Rubio y Galí, Bellas Vistas, Madrid",€774.575,,,,,,,,,,,,,,,,,,,,,,,
,,,,"Piso en avenida Donostiarra, 10, Concepción, Madrid",€350.000,,,,,,,,,,,,,,,,,,,,,,,
,,,,"Piso en avenida Donostiarra, Concepción, Madrid",€1.030.000,,,,,,,,,,,,,,,,,,,,,,,
,,,,"Piso en avenida Donostiarra, s/n, Concepción, Madrid",€260.000,,,,,,,,,,,,,,,,,,,,,,,
,,,,"Piso en avenida ensanche de Vallecas, 89, Ensanche de Vallecas - La Gavia, Madrid",€265.000,,,,,,,,,,,,,,,,,,,,,,,
,,,,"Piso en avenida General, Casco Histórico de Barajas, Madrid",€519.000,,,,,,,,,,,,,,,,,,,,,,,
,,,,"Piso en avenida Gran Vía del Este, Valdebernardo - Valderrivas, Madrid",€329.000,,,,,,,,,,,,,,,,,,,,,,,
,,,,"Piso en avenida Manuel Fraga Iribarne, Valdebebas - Valdefuentes, Madrid",€950.000,,,,,,,,,,,,,,,,,,,,,,,
,,,,"Piso en avenida Provisional Ahijones Berrocales, 62, Los Berrocales, Madrid",€787.300,,,,,,,,,,,,,,,,,,,,,,,
,,,,"Piso en avenida Provisional Ahijones Nueve, 90, Los Ahijones, Madrid",€660.000,,,,,,,,,,,,,,,,,,,,,,,
,,,,"Piso en avenida Real de Pinto, 55, Villaverde Alto, Madrid",€220.000,,,,,,,,,,,,,,,,,,,,,,,
,,,,"Piso en avenida Santa Eugenia, 56, Santa Eugenia, Madrid",€290.000,,,,,,,,,,,,,,,,,,,,,,,
,,,,"Piso en avenida Séptima, Rejas, Madrid",€895.500,,,,,,,,,,,,,,,,,,,,,,,
,,,,"Piso en Bailen, 35, Palacio, Madrid",€650.000,,,,,,,,,,,,,,,,,,,,,,,
,,,,"Piso en Barrio del Pilar, 28029, La Paz, Madrid",€280.000,,,,,,,,,,,,,,,,,,,,,,,
,,,,"Piso en Basilio De Prado, s/n, Peñagrande, Madrid",€733.000,,,,,,,,,,,,,,,,,,,,,,,
,,,,"Piso en Bellas Vistas, Madrid",€4.350.990,,,,,,,,,,,,,,,,,,,,,,,
,,,,"Piso en Bernabéu-Hispanoamérica, Madrid",€69.509.000,,,,,,,,,,,,,,,,,,,,,,,
,,,,"Piso en Berruguete, Madrid",€4.079.000,,,,,,,,,,,,,,,,,,,,,,,
,,,,"Piso en Blanca de Navarra, 4, Almagro, Madrid",€2.847.800,,,,,,,,,,,,,,,,,,,,,,,
,,,,"Piso en Bravo Murillo, 335, Valdeacederas, Madrid",€2.378.000,,,,,,,,,,,,,,,,,,,,,,,
,,,,"Piso en Buena Vista, Madrid",€1.508.532,,,,,,,,,,,,,,,,,,,,,,,
,,,,"Piso en Buenavista, Buena Vista, Madrid",€300.000,,,,,,,,,,,,,,,,,,,,,,,
,,,,"Piso en c/Ballesta, 13, Malasaña-Universidad, Madrid",€850.000,,,,,,,,,,,,,,,,,,,,,,,
,,,,"Piso en calle Abejuela, Aluche, Madrid",€245.000,,,,,,,,,,,,,,,,,,,,,,,
,,,,"Piso en calle Abolengo, Vista Alegre, Madrid",€159.500,,,,,,,,,,,,,,,,,,,,,,,
,,,,"Piso en calle Acentejo, 5, Pueblo Nuevo, Madrid",€370.000,,,,,,,,,,,,,,,,,,,,,,,
,,,,"Piso en calle Acentejo, s/n, Pueblo Nuevo, Madrid",€215.000,,,,,,,,,,,,,,,,,,,,,,,
,,,,"Piso en calle Adora, 1, San Fermín, Madrid",€159.999,,,,,,,,,,,,,,,,,,,,,,,
,,,,"Piso en calle Afueras a San Roque, 1, Tres Olivos - Valverde, Madrid",€280.000,,,,,,,,,,,,,,,,,,,,,,,
,,,,"Piso en calle aguilon, 5, Chopera, Madrid",€420.000,,,,,,,,,,,,,,,,,,,,,,,
,,,,"Piso en calle Alagón, 20, Timón, Madrid",€156.000,,,,,,,,,,,,,,,,,,,,,,,
,,,,"Piso en calle Alagón, Timón, Madrid",€156.000,,,,,,,,,,,,,,,,,,,,,,,
,,,,"Piso en calle Albaricoque, 11, Buena Vista, Madrid",€1.446.000,,,,,,,,,,,,,,,,,,,,,,,
,,,,"Piso en calle Alberto Palacios, 12, Villaverde Alto, Madrid",€280.000,,,,,,,,,,,,,,,,,,,,,,,
,,,,"Piso en calle Alberto Palacios, 69, Villaverde Alto, Madrid",€143.000,,,,,,,,,,,,,,,,,,,,,,,
,,,,"Piso en calle Albuñuelas, 10, 12 de Octubre-Orcasur, Madrid",€171.900,,,,,,,,,,,,,,,,,,,,,,,
,,,,"Piso en calle Albuñuelas, 12, 12 de Octubre-Orcasur, Madrid",€170.150,,,,,,,,,,,,,,,,,,,,,,,
,,,,"Piso en calle Alcañiz, Timón, Madrid",€1.095.000,,,,,,,,,,,,,,,,,,,,,,,
,,,,"Piso en calle Alcaraván, Los Cármenes, Madrid",€95.000,,,,,,,,,,,,,,,,,,,,,,,
,,,,"Piso en calle Alcatraz, Opañel, Madrid",€377.000,,,,,,,,,,,,,,,,,,,,,,,
,,,,"Piso en calle Alcatraz, s/n, Opañel, Madrid",€199.000,,,,,,,,,,,,,,,,,,,,,,,
,,,,"Piso en calle Alcaudón, 47, San Isidro, Madrid",€219.000,,,,,,,,,,,,,,,,,,,,,,,
,,,,"Piso en calle Alcaudón, San Isidro, Madrid",€254.999,,,,,,,,,,,,,,,,,,,,,,,
,,,,"Piso en calle Aldeanueva de la Vera, 38, Águilas, Madrid",€249.900,,,,,,,,,,,,,,,,,,,,,,,
,,,,"Piso en calle Aldeanueva de la Vera, Águilas, Madrid",€280.000,,,,,,,,,,,,,,,,,,,,,,,
,,,,"Piso en calle Alegría de Oria, Salvador, Madrid",€240.000,,,,,,,,,,,,,,,,,,,,,,,
,,,,"Piso en calle Alejandrina Moran, Lucero, Madrid",€172.000,,,,,,,,,,,,,,,,,,,,,,,
,,,,"Piso en calle Alfredo Aleix, 15, Buena Vista, Madrid",€1.664.550,,,,,,,,,,,,,,,,,,,,,,,
,,,,"Piso en calle Alfredo Aleix, 26, Buena Vista, Madrid",€1.209.600,,,,,,,,,,,,,,,,,,,,,,,
,,,,"Piso en calle Alfredo Aleix, Buena Vista, Madrid",€185.000,,,,,,,,,,,,,,,,,,,,,,,
,,,,"Piso en calle Algaba, San Isidro, Madrid",€219.000,,,,,,,,,,,,,,,,,,,,,,,
,,,,"Piso en calle Algorta, San Isidro, Madrid",€275.000,,,,,,,,,,,,,,,,,,,,,,,
,,,,"Piso en calle alhambra, Lucero, Madrid",€594.000,,,,,,,,,,,,,,,,,,,,,,,
,,,,"Piso en calle Aliseda, Puerta Bonita, Madrid",€410.000,,,,,,,,,,,,,,,,,,,,,,,
,,,,"Piso en calle Allendesalazar, 2, Colina, Madrid",€7.381.808,,,,,,,,,,,,,,,,,,,,,,,
,,,,"Piso en calle Almagro, Almagro, Madrid",€2.950.000,,,,,,,,,,,,,,,,,,,,,,,
,,,,"Piso en calle Almazan, 27, Lucero, Madrid",€529.000,,,,,,,,,,,,,,,,,,,,,,,
,,,,"Piso en calle Almazán, 8, Lucero, Madrid",€553.653,,,,,,,,,,,,,,,,,,,,,,,
,,,,"Piso en calle Almendralejo, San Isidro, Madrid",€538.500,,,,,,,,,,,,,,,,,,,,,,,
,,,,"Piso en calle Almonacid, Numancia, Madrid",€337.900,,,,,,,,,,,,,,,,,,,,,,,
,,,,"Piso en calle Alondra, Vista Alegre, Madrid",€163.000,,,,,,,,,,,,,,,,,,,,,,,
,,,,"Piso en calle Altos de Lillo, Casco Histórico de Vallecas, Madrid",€147.900,,,,,,,,,,,,,,,,,,,,,,,
,,,,"Piso en calle Altos de Saceruela, Casco Histórico de Vallecas, Madrid",€288.000,,,,,,,,,,,,,,,,,,,,,,,
,,,,"Piso en calle Ambar, 3, Los Rosales, Madrid",€207.000,,,,,,,,,,,,,,,,,,,,,,,
,,,,"Piso en calle Amos de Escalante, Pueblo Nuevo, Madrid",€460.000,,,,,,,,,,,,,,,,,,,,,,,
,,,,"Piso en calle Ampuero, Los Ángeles, Madrid",€227.000,,,,,,,,,,,,,,,,,,,,,,,
,,,,"Piso en calle Ana Albi, s/n, Abrantes, Madrid",€150.000,,,,,,,,,,,,,,,,,,,,,,,
,,,,"Piso en calle Ana Teresa, 1, Aravaca, Madrid",€15.674.000,,,,,,,,,,,,,,,,,,,,,,,
,,,,"Piso en calle Andújar, Puerta del Ángel, Madrid",€230.000,,,,,,,,,,,,,,,,,,,,,,,
,,,,"Piso en calle Angelillo, 11, Palomeras sureste, Madrid",€178.500,,,,,,,,,,,,,,,,,,,,,,,
,,,,"Piso en calle Angosta, Villaverde Alto, Madrid",€150.000,,,,,,,,,,,,,,,,,,,,,,,
,,,,"Piso en calle Anguita, Casco Histórico de Barajas, Madrid",€330.000,,,,,,,,,,,,,,,,,,,,,,,
,,,,"Piso en calle Antonio Durán Tovar, Palomeras Bajas, Madrid",€168.000,,,,,,,,,,,,,,,,,,,,,,,
,,,,"Piso en calle Antonio Larrazabal, Conde Orgaz-Piovera, Madrid",€798.000,,,,,,,,,,,,,,,,,,,,,,,
,,,,"Piso en calle Antonio López Aguado, 9, La Paz, Madrid",€550.000,,,,,,,,,,,,,,,,,,,,,,,
,,,,"Piso en calle Antonio Prieto, 61, Zofío, Madrid",€174.900,,,,,,,,,,,,,,,,,,,,,,,
,,,,"Piso en calle Antonio Romero, 35, Abrantes, Madrid",€335.000,,,,,,,,,,,,,,,,,,,,,,,
,,,,"Piso en calle Antonio Vicent, Comillas, Madrid",€90.000,,,,,,,,,,,,,,,,,,,,,,,
,,,,"Piso en calle Antoñita Jiménez, 8, Opañel, Madrid",€165.000,,,,,,,,,,,,,,,,,,,,,,,
,,,,"Piso en calle Arama, Los Ángeles, Madrid",€349.000,,,,,,,,,,,,,,,,,,,,,,,
,,,,"Piso en calle Archiduque Alberto, Sanchinarro, Madrid",€680.000,,,,,,,,,,,,,,,,,,,,,,,
,,,,"Piso en calle Arcipreste de Hita, Gaztambide, Madrid",€860.000,,,,,,,,,,,,,,,,,,,,,,,
,,,,"Piso en calle Ardales, 4, Aravaca, Madrid",€2.050.000,,,,,,,,,,,,,,,,,,,,,,,
,,,,"Piso en calle Arechavaleta, 28, Los Ángeles, Madrid",€179.900,,,,,,,,,,,,,,,,,,,,,,,
,,,,"Piso en calle Arechavaleta, Los Ángeles, Madrid",€406.900,,,,,,,,,,,,,,,,,,,,,,,
,,,,"Piso en calle Arenaria, Zofío, Madrid",€280.000,,,,,,,,,,,,,,,,,,,,,,,
,,,,"Piso en calle Arizónicas, 10, 12 de Octubre-Orcasur, Madrid",€170.000,,,,,,,,,,,,,,,,,,,,,,,
,,,,"Piso en calle Arroyo del Cañaveral, 105, El Cañaveral, Madrid",€349.000,,,,,,,,,,,,,,,,,,,,,,,
,,,,"Piso en calle Arte Figurativo, s/n, Ensanche de Vallecas - La Gavia, Madrid",€2.533.500,,,,,,,,,,,,,,,,,,,,,,,
,,,,"Piso en calle Arturo Soria, 161, Colina, Madrid",€4.560.000,,,,,,,,,,,,,,,,,,,,,,,
,,,,"Piso en calle arturo soria, 224, Atalaya, Madrid",€1.611.000,,,,,,,,,,,,,,,,,,,,,,,
,,,,"Piso en calle arturo soria, 261, Costillares, Madrid",€840.000,,,,,,,,,,,,,,,,,,,,,,,
,,,,"Piso en calle Arturo Soria, 98, San Pascual, Madrid",€841.000,,,,,,,,,,,,,,,,,,,,,,,
,,,,"Piso en calle Arzobispo Morcillo, La Paz, Madrid",€1.478.000,,,,,,,,,,,,,,,,,,,,,,,
,,,,"Piso en calle Atenas, Pavones, Madrid",€485.000,,,,,,,,,,,,,,,,,,,,,,,
,,,,"Piso en calle Avecilla, 2, Vista Alegre, Madrid",€225.000,,,,,,,,,,,,,,,,,,,,,,,
,,,,"Piso en calle Avelino Fernández de la Poza, 9, Entrevías, Madrid",€198.000,,,,,,,,,,,,,,,,,,,,,,,
,,,,"Piso en calle Azagra, 14, Pinar del Rey, Madrid",€136.000,,,,,,,,,,,,,,,,,,,,,,,
,,,,"Piso en calle Azofra, Las Tablas, Madrid",€470.000,,,,,,,,,,,,,,,,,,,,,,,
,,,,"Piso en calle Baleares, 55, Comillas, Madrid",€240.000,,,,,,,,,,,,,,,,,,,,,,,
,,,,"Piso en calle Bandera, San Isidro, Madrid",€289.900,,,,,,,,,,,,,,,,,,,,,,,
,,,,"Piso en calle Baracaldo, 6, Valdeacederas, Madrid",€260.000,,,,,,,,,,,,,,,,,,,,,,,
,,,,"Piso en calle Baranoa, Pinar del Rey, Madrid",€250.000,,,,,,,,,,,,,,,,,,,,,,,
,,,,"Piso en calle Bariloche, 1, Campo de las Naciones-Corralejos, Madrid",€390.000,,,,,,,,,,,,,,,,,,,,,,,
,,,,"Piso en calle Bariloche, 7, Campo de las Naciones-Corralejos, Madrid",€375.000,,,,,,,,,,,,,,,,,,,,,,,
,,,,"Piso en calle Bausá, 13, Costillares, Madrid",€3.160.000,,,,,,,,,,,,,,,,,,,,,,,
,,,,"Piso en calle Bausa, 19, Costillares, Madrid",€468.000,,,,,,,,,,,,,,,,,,,,,,,
,,,,"Piso en calle Bausá, 19, Costillares, Madrid",€829.000,,,,,,,,,,,,,,,,,,,,,,,
,,,,"Piso en calle Bausá, Costillares, Madrid",€1.298.500,,,,,,,,,,,,,,,,,,,,,,,
,,,,"Piso en calle Belisana, 5, Colina, Madrid",€833.000,,,,,,,,,,,,,,,,,,,,,,,
,,,,"Piso en calle Belisana, 9, Colina, Madrid",€1.427.000,,,,,,,,,,,,,,,,,,,,,,,
,,,,"Piso en calle Benjamín, 27, Valdeacederas, Madrid",€214.900,,,,,,,,,,,,,,,,,,,,,,,
,,,,"Piso en calle Benjamín, Valdeacederas, Madrid",€248.000,,,,,,,,,,,,,,,,,,,,,,,
,,,,"Piso en calle Bergantín, Alameda de Osuna, Madrid",€650.000,,,,,,,,,,,,,,,,,,,,,,,
,,,,"Piso en calle Besolla, Abrantes, Madrid",€230.000,,,,,,,,,,,,,,,,,,,,,,,
,,,,"Piso en calle Biosca, Pinar del Rey, Madrid",€135.000,,,,,,,,,,,,,,,,,,,,,,,
,,,,"Piso en calle Blanca de Navarra, 4, Almagro, Madrid",€1.031.500,,,,,,,,,,,,,,,,,,,,,,,
,,,,"Piso en calle Blasón, 13, Puerta Bonita, Madrid",€75.000,,,,,,,,,,,,,,,,,,,,,,,
,,,,"Piso en calle Bohonal, Entrevías, Madrid",€180.000,,,,,,,,,,,,,,,,,,,,,,,
,,,,"Piso en calle Bretón de los Herreros, 23, Nuevos Ministerios-Ríos Rosas, Madrid",€8.305.000,,,,,,,,,,,,,,,,,,,,,,,
,,,,"Piso en calle Buendía, 23, Entrevías, Madrid",€80.700,,,,,,,,,,,,,,,,,,,,,,,
,,,,"Piso en calle Buendía, 68, Entrevías, Madrid",€237.500,,,,,,,,,,,,,,,,,,,,,,,
,,,,"Piso en calle Burjasot, 18, San Cristóbal, Madrid",€174.000,,,,,,,,,,,,,,,,,,,,,,,
,,,,"Piso en calle Bustamante, 43, Palos de la Frontera, Madrid",€550.000,,,,,,,,,,,,,,,,,,,,,,,
,,,,"Piso en calle Cabo Nicolás Mur, San Isidro, Madrid",€149.000,,,,,,,,,,,,,,,,,,,,,,,
,,,,"Piso en calle Cadete Julio Llompart, San Isidro, Madrid",€270.000,,,,,,,,,,,,,,,,,,,,,,,
,,,,"Piso en calle Calamocha, 1, Villaverde Alto, Madrid",€136.000,,,,,,,,,,,,,,,,,,,,,,,
,,,,"Piso en calle Calcio, Butarque, Madrid",€375.000,,,,,,,,,,,,,,,,,,,,,,,
,,,,"Piso en calle Calle de la Cava Baja, Palacio, Madrid",€375.000,,,,,,,,,,,,,,,,,,,,,,,
,,,,"Piso en calle Calle del Conde de Peñalver, Goya, Madrid",€1.390.000,,,,,,,,,,,,,,,,,,,,,,,
,,,,"Piso en calle Camarena, 275, Aluche, Madrid",€3.269.999,,,,,,,,,,,,,,,,,,,,,,,
,,,,"Piso en calle Campezo, 9, Rejas, Madrid",€225.000,,,,,,,,,,,,,,,,,,,,,,,
,,,,"Piso en calle Campiña, Entrevías, Madrid",€159.000,,,,,,,,,,,,,,,,,,,,,,,
,,,,"Piso en calle Campoamor, 4, Chueca-Justicia, Madrid",€1.405.000,,,,,,,,,,,,,,,,,,,,,,,
,,,,"Piso en calle Canencia de la Sierra, Ensanche de Vallecas - La Gavia, Madrid",€490.000,,,,,,,,,,,,,,,,,,,,,,,
,,,,"Piso en calle Canoa, Alameda de Osuna, Madrid",€399.999,,,,,,,,,,,,,,,,,,,,,,,
,,,,"Piso en calle Cantalejo, s/n, Peñagrande, Madrid",€1.401.000,,,,,,,,,,,,,,,,,,,,,,,
,,,,"Piso en calle Cantalejos, 4, Fuentelarreina, Madrid",€974.000,,,,,,,,,,,,,,,,,,,,,,,
,,,,"Piso en calle Cantueso, 31, Valdeacederas, Madrid",€355.000,,,,,,,,,,,,,,,,,,,,,,,
,,,,"Piso en calle Cantueso, 5, Valdeacederas, Madrid",€310.000,,,,,,,,,,,,,,,,,,,,,,,
,,,,"Piso en calle Cañete, San Isidro, Madrid",€250.000,,,,,,,,,,,,,,,,,,,,,,,
,,,,"Piso en calle Caños de San Pedro, Casco Histórico de Vicálvaro, Madrid",€220.000,,,,,,,,,,,,,,,,,,,,,,,
,,,,"Piso en calle Carazo, Campamento, Madrid",€119.900,,,,,,,,,,,,,,,,,,,,,,,
,,,,"Piso en calle Carlos Aurioles, 35, San Diego, Madrid",€250.000,,,,,,,,,,,,,,,,,,,,,,,
,,,,"Piso en calle Carlos Domingo, 26, Aluche, Madrid",€185.000,,,,,,,,,,,,,,,,,,,,,,,
,,,,"Piso en calle Carlos Domingo, 6, Aluche, Madrid",€250.400,,,,,,,,,,,,,,,,,,,,,,,
,,,,"Piso en calle Carlos Heredero, Puerta Bonita, Madrid",€176.000,,,,,,,,,,,,,,,,,,,,,,,
,,,,"Piso en calle Carlos Marín, s/n, Pradolongo, Madrid",€151.000,,,,,,,,,,,,,,,,,,,,,,,
,,,,"Piso en calle Carlos y Guillermo Fernández Shaw, 3, Adelfas, Madrid",€1.250.000,,,,,,,,,,,,,,,,,,,,,,,
,,,,"Piso en calle Carrera de San Jerónimo, Sol, Madrid",€789.000,,,,,,,,,,,,,,,,,,,,,,,
,,,,"Piso en calle Casa de Tilly, 33, El Cañaveral, Madrid",€2.336.000,,,,,,,,,,,,,,,,,,,,,,,
,,,,"Piso en calle Castillo de Peñafiel, 7, Simancas, Madrid",€135.000,,,,,,,,,,,,,,,,,,,,,,,
,,,,"Piso en calle Centeno, Zofío, Madrid",€254.900,,,,,,,,,,,,,,,,,,,,,,,
,,,,"Piso en calle Cereza, Zofío, Madrid",€199.000,,,,,,,,,,,,,,,,,,,,,,,
,,,,"Piso en calle Cerro de la Alcazaba, 18, Entrevías, Madrid",€198.000,,,,,,,,,,,,,,,,,,,,,,,
,,,,"Piso en calle Cerro de la Alcazaba, 38, Entrevías, Madrid",€168.000,,,,,,,,,,,,,,,,,,,,,,,
,,,,"Piso en calle Cerro del Campo, 62 ---68, El Cañaveral, Madrid",€422.000,,,,,,,,,,,,,,,,,,,,,,,
,,,,"Piso en calle Chantada, 42, Peñagrande, Madrid",€513.000,,,,,,,,,,,,,,,,,,,,,,,
,,,,"Piso en calle Chiclana, Puerta Bonita, Madrid",€188.000,,,,,,,,,,,,,,,,,,,,,,,
,,,,"Piso en calle Cidamón, San Juan Bautista, Madrid",€450.000,,,,,,,,,,,,,,,,,,,,,,,
,,,,"Piso en calle Cine, 21, Campamento, Madrid",€195.000,,,,,,,,,,,,,,,,,,,,,,,
,,,,"Piso en calle Cirilo martines novillo, 19, Santa Eugenia, Madrid",€600.000,,,,,,,,,,,,,,,,,,,,,,,
,,,,"Piso en calle Cirilo Martínez Novillo, Santa Eugenia, Madrid",€389.000,,,,,,,,,,,,,,,,,,,,,,,
,,,,"Piso en calle Clarisas, Opañel, Madrid",€172.000,,,,,,,,,,,,,,,,,,,,,,,
,,,,"Piso en calle Cocheros, 8, Pradolongo, Madrid",€245.000,,,,,,,,,,,,,,,,,,,,,,,
,,,,"Piso en calle Comandante Benítez, Chopera, Madrid",€826.500,,,,,,,,,,,,,,,,,,,,,,,
,,,,"Piso en calle Cometa, 7, Casco Histórico de Barajas, Madrid",€693.000,,,,,,,,,,,,,,,,,,,,,,,
,,,,"Piso en calle Concepción de la Oliva, s/n, Butarque, Madrid",€54.000,,,,,,,,,,,,,,,,,,,,,,,
,,,,"Piso en calle Concordia, San Diego, Madrid",€199.900,,,,,,,,,,,,,,,,,,,,,,,
,,,,"Piso en calle Cordobanes, 9, Hellín, Madrid",€169.000,,,,,,,,,,,,,,,,,,,,,,,
,,,,"Piso en calle Corral de Almaguer, Ensanche de Vallecas - La Gavia, Madrid",€563.000,,,,,,,,,,,,,,,,,,,,,,,
,,,,"Piso en calle Corredera Baja de San Pablo, Malasaña-Universidad, Madrid",€689.000,,,,,,,,,,,,,,,,,,,,,,,
,,,,"Piso en calle Covachuelas, Villaverde Alto, Madrid",€192.500,,,,,,,,,,,,,,,,,,,,,,,
,,,,"Piso en calle Cristo de la Victoria, Pradolongo, Madrid",€458.000,,,,,,,,,,,,,,,,,,,,,,,
,,,,"Piso en calle Cristo, 1, Malasaña-Universidad, Madrid",€950.000,,,,,,,,,,,,,,,,,,,,,,,
,,,,"Piso en calle Cuatro Amigos, 1, Ventilla-Almenara, Madrid",€910.000,,,,,,,,,,,,,,,,,,,,,,,
,,,,"Piso en calle Cuevas Bajas, San Fermín, Madrid",€150.000,,,,,,,,,,,,,,,,,,,,,,,
,,,,"Piso en calle Culla, Casco Histórico de Vallecas, Madrid",€389.999,,,,,,,,,,,,,,,,,,,,,,,
,,,,"Piso en calle Darío Aparicio, 5, Valdemarín, Madrid",€1.480.000,,,,,,,,,,,,,,,,,,,,,,,
,,,,"Piso en calle de Abel, 9, Bellas Vistas, Madrid",€350.000,,,,,,,,,,,,,,,,,,,,,,,
,,,,"Piso en calle de Abel, Bellas Vistas, Madrid",€638.999,,,,,,,,,,,,,,,,,,,,,,,
,,,,"Piso en calle de Abtao, Pacífico, Madrid",€3.009.000,,,,,,,,,,,,,,,,,,,,,,,
,,,,"Piso en calle de Aceuchal, Vista Alegre, Madrid",€165.000,,,,,,,,,,,,,,,,,,,,,,,
,,,,"Piso en calle de Agastia, 19, San Pascual, Madrid",€680.000,,,,,,,,,,,,,,,,,,,,,,,
,,,,"Piso en calle de Agastia, San Juan Bautista, Madrid",€499.900,,,,,,,,,,,,,,,,,,,,,,,
,,,,"Piso en calle de Aguarón, 31, Valdemarín, Madrid",€795.000,,,,,,,,,,,,,,,,,,,,,,,
,,,,"Piso en calle de Aguarón, 54, Valdemarín, Madrid",€890.000,,,,,,,,,,,,,,,,,,,,,,,
,,,,"Piso en calle de Aguilar de Campóo, Valdezarza, Madrid",€659.000,,,,,,,,,,,,,,,,,,,,,,,
,,,,"Piso en calle de Aguilar del Río, Buena Vista, Madrid",€874.000,,,,,,,,,,,,,,,,,,,,,,,
,,,,"Piso en calle de Agustín Lara, Aravaca, Madrid",€270.000,,,,,,,,,,,,,,,,,,,,,,,
,,,,"Piso en calle de Agustina de Aragón, Lista, Madrid",€1.200.000,,,,,,,,,,,,,,,,,,,,,,,
,,,,"Piso en calle de Alba de Tormes, 30, Puerta Bonita, Madrid",€209.000,,,,,,,,,,,,,,,,,,,,,,,
,,,,"Piso en calle de Alba de Tormes, Puerta Bonita, Madrid",€261.050,,,,,,,,,,,,,,,,,,,,,,,
,,,,"Piso en calle de Albaida, 22, Hellín, Madrid",€155.000,,,,,,,,,,,,,,,,,,,,,,,
,,,,"Piso en calle de Albaida, s/n, Hellín, Madrid",€225.000,,,,,,,,,,,,,,,,,,,,,,,
,,,,"Piso en calle de Albares de la Ribera, 18, Puerta Bonita, Madrid",€60.600,,,,,,,,,,,,,,,,,,,,,,,
,,,,"Piso en calle de Albares de la Ribera, Puerta Bonita, Madrid",€105.000,,,,,,,,,,,,,,,,,,,,,,,
,,,,"Piso en calle de Alberto Aguilera, Arapiles, Madrid",€4.240.000,,,,,,,,,,,,,,,,,,,,,,,
,,,,"Piso en calle de Alberto Aguilera, Gaztambide, Madrid",€1.395.000,,,,,,,,,,,,,,,,,,,,,,,
,,,,"Piso en calle de Alberto Aguilera, Malasaña-Universidad, Madrid",€1.900.000,,,,,,,,,,,,,,,,,,,,,,,
,,,,"Piso en calle de Alberto Bosch, Jerónimos, Madrid",€10.000.000,,,,,,,,,,,,,,,,,,,,,,,
,,,,"Piso en calle de Albino Hernández Lázaro, 32, Villaverde Alto, Madrid",€250.000,,,,,,,,,,,,,,,,,,,,,,,
,,,,"Piso en calle de Albino Hernández Lázaro, Villaverde Alto, Madrid",€139.900,,,,,,,,,,,,,,,,,,,,,,,
,,,,"Piso en calle de Albox, Puerta Bonita, Madrid",€720.000,,,,,,,,,,,,,,,,,,,,,,,
,,,,"Piso en calle de Alcalá de Guadaíra, Palomeras Bajas, Madrid",€549.900,,,,,,,,,,,,,,,,,,,,,,,
,,,,"Piso en calle de Alcalá, 114, Goya, Madrid",€1.890.000,,,,,,,,,,,,,,,,,,,,,,,
,,,,"Piso en calle de Alcalá, 142, Goya, Madrid",€1.290.000,,,,,,,,,,,,,,,,,,,,,,,
,,,,"Piso en calle de Alcalá, 175, Goya, Madrid",€1.169.000,,,,,,,,,,,,,,,,,,,,,,,
,,,,"Piso en calle de Alcalá, 183, Sol, Madrid",€1.180.000,,,,,,,,,,,,,,,,,,,,,,,
,,,,"Piso en calle de Alcalá, 211, Guindalera, Madrid",€850.000,,,,,,,,,,,,,,,,,,,,,,,
,,,,"Piso en calle de Alcalá, 412, Pueblo Nuevo, Madrid",€550.000,,,,,,,,,,,,,,,,,,,,,,,
,,,,"Piso en calle de Alcalá, 418, Simancas, Madrid",€450.000,,,,,,,,,,,,,,,,,,,,,,,
,,,,"Piso en calle de Alcalá, 434, Simancas, Madrid",€430.000,,,,,,,,,,,,,,,,,,,,,,,
,,,,"Piso en calle de Alcalá, 608, Canillejas, Madrid",€499.000,,,,,,,,,,,,,,,,,,,,,,,
,,,,"Piso en calle de Alcalá, 625, Canillejas, Madrid",€163.000,,,,,,,,,,,,,,,,,,,,,,,
,,,,"Piso en calle de Alcalá, 90, Goya, Madrid",€975.000,,,,,,,,,,,,,,,,,,,,,,,
,,,,"Piso en calle de Alcalá, Canillejas, Madrid",€752.000,,,,,,,,,,,,,,,,,,,,,,,
,,,,"Piso en calle de Alcalá, Fuente del Berro, Madrid",€1.633.800,,,,,,,,,,,,,,,,,,,,,,,
,,,,"Piso en calle de Alcalá, Goya, Madrid",€10.019.000,,,,,,,,,,,,,,,,,,,,,,,
,,,,"Piso en calle de Alcalá, Guindalera, Madrid",€2.820.000,,,,,,,,,,,,,,,,,,,,,,,
,,,,"Piso en calle de Alcalá, Huertas-Cortes, Madrid",€2.500.000,,,,,,,,,,,,,,,,,,,,,,,
,,,,"Piso en calle de Alcalá, Pueblo Nuevo, Madrid",€400.400,,,,,,,,,,,,,,,,,,,,,,,
,,,,"Piso en calle de Alcalá, Quintana, Madrid",€650.000,,,,,,,,,,,,,,,,,,,,,,,
,,,,"Piso en calle de Alcalá, Recoletos, Madrid",€23.350.000,,,,,,,,,,,,,,,,,,,,,,,
,,,,"Piso en calle de Alcalá, Rejas, Madrid",€729.000,,,,,,,,,,,,,,,,,,,,,,,
,,,,"Piso en calle de Alcalá, Simancas, Madrid",€630.000,,,,,,,,,,,,,,,,,,,,,,,
,,,,"Piso en calle de Alcántara, 35, Lista, Madrid",€1.150.000,,,,,,,,,,,,,,,,,,,,,,,
,,,,"Piso en calle de Alcántara, Goya, Madrid",€12.642.900,,,,,,,,,,,,,,,,,,,,,,,
,,,,"Piso en calle de Alcántara, Lista, Madrid",€7.111.000,,,,,,,,,,,,,,,,,,,,,,,
,,,,"Piso en calle de Alconera, 10, Hellín, Madrid",€225.000,,,,,,,,,,,,,,,,,,,,,,,
,,,,"Piso en calle de Aleixandre, Atalaya, Madrid",€1.700.000,,,,,,,,,,,,,,,,,,,,,,,
,,,,"Piso en calle de Alejandro Ferrant, Delicias, Madrid",€585.000,,,,,,,,,,,,,,,,,,,,,,,
,,,,"Piso en calle de Alejandro Morán, Puerta Bonita, Madrid",€642.000,,,,,,,,,,,,,,,,,,,,,,,
,,,,"Piso en calle de Alejandro Morán, s/n, Puerta Bonita, Madrid",€190.000,,,,,,,,,,,,,,,,,,,,,,,
,,,,"Piso en calle de Alejandro Sánchez, 28, Opañel, Madrid",€310.000,,,,,,,,,,,,,,,,,,,,,,,
,,,,"Piso en calle de Alejandro Sánchez, Opañel, Madrid",€550.000,,,,,,,,,,,,,,,,,,,,,,,
,,,,"Piso en calle de Alejandro Villegas, Canillas, Madrid",€938.000,,,,,,,,,,,,,,,,,,,,,,,
,,,,"Piso en calle de Alenza, Nuevos Ministerios-Ríos Rosas, Madrid",€1.315.000,,,,,,,,,,,,,,,,,,,,,,,
,,,,"Piso en calle de Alfonso Rodríguez Santamaría, El Viso, Madrid",€4.045.000,,,,,,,,,,,,,,,,,,,,,,,
,,,,"Piso en calle de Alfonso VI, Palacio, Madrid",€3.299.000,,,,,,,,,,,,,,,,,,,,,,,
,,,,"Piso en calle de Alfonso X, Almagro, Madrid",€1.120.000,,,,,,,,,,,,,,,,,,,,,,,
,,,,"Piso en calle de Alfonso XII, Jerónimos, Madrid",€9.390.000,,,,,,,,,,,,,,,,,,,,,,,
,,,,"Piso en calle de Alfonso XIII, Numancia, Madrid",€175.000,,,,,,,,,,,,,,,,,,,,,,,
,,,,"Piso en calle de Alfredo Castro Camba, San Diego, Madrid",€117.000,,,,,,,,,,,,,,,,,,,,,,,
,,,,"Piso en calle de Alfredo Marqueríe, 10, La Paz, Madrid",€840.000,,,,,,,,,,,,,,,,,,,,,,,
,,,,"Piso en calle de Alfredo Marqueríe, 49, La Paz, Madrid",€725.000,,,,,,,,,,,,,,,,,,,,,,,
,,,,"Piso en calle de Alfredo Marqueríe, La Paz, Madrid",€940.000,,,,,,,,,,,,,,,,,,,,,,,
,,,,"Piso en calle de Algemesí, Timón, Madrid",€520.000,,,,,,,,,,,,,,,,,,,,,,,
,,,,"Piso en calle de Almadén, Huertas-Cortes, Madrid",€660.000,,,,,,,,,,,,,,,,,,,,,,,
,,,,"Piso en calle de Almagro, Almagro, Madrid",€10.850.000,,,,,,,,,,,,,,,,,,,,,,,
,,,,"Piso en calle de Almansa, Bellas Vistas, Madrid",€171.990,,,,,,,,,,,,,,,,,,,,,,,
,,,,"Piso en calle de Almendrales, 33, Almendrales, Madrid",€1.675.000,,,,,,,,,,,,,,,,,,,,,,,
,,,,"Piso en calle de Alonso Cano, 38, Nuevos Ministerios-Ríos Rosas, Madrid",€745.000,,,,,,,,,,,,,,,,,,,,,,,
,,,,"Piso en calle de Alonso Cano, 80, Nuevos Ministerios-Ríos Rosas, Madrid",€700.000,,,,,,,,,,,,,,,,,,,,,,,
,,,,"Piso en calle de Alonso Cano, Almagro, Madrid",€10.000.000,,,,,,,,,,,,,,,,,,,,,,,
,,,,"Piso en calle de Alonso Carbonell, Chopera, Madrid",€2.235.000,,,,,,,,,,,,,,,,,,,,,,,
,,,,"Piso en calle de Alora, Palomeras sureste, Madrid",€149.000,,,,,,,,,,,,,,,,,,,,,,,
,,,,"Piso en calle de Alvarado, 10, Bellas Vistas, Madrid",€289.000,,,,,,,,,,,,,,,,,,,,,,,
,,,,"Piso en calle de Alvarado, Bellas Vistas, Madrid",€104.995,,,,,,,,,,,,,,,,,,,,,,,
,,,,"Piso en calle de Álvarez Abellán, Puerta Bonita, Madrid",€376.000,,,,,,,,,,,,,,,,,,,,,,,
,,,,"Piso en calle de Alzola, 10, Orcasitas, Madrid",€103.000,,,,,,,,,,,,,,,,,,,,,,,
,,,,"Piso en calle de Amado Nervo, Niño Jesús, Madrid",€3.050.000,,,,,,,,,,,,,,,,,,,,,,,
,,,,"Piso en calle de Ambroz, Ambroz, Madrid",€180.000,,,,,,,,,,,,,,,,,,,,,,,
,,,,"Piso en calle de Américo Castro, 120, Sanchinarro, Madrid",€520.000,,,,,,,,,,,,,,,,,,,,,,,
,,,,"Piso en calle de Américo Castro, Sanchinarro, Madrid",€919.000,,,,,,,,,,,,,,,,,,,,,,,
,,,,"Piso en calle de Ampelido, 7, Puerta del Ángel, Madrid",€254.000,,,,,,,,,,,,,,,,,,,,,,,
,,,,"Piso en calle de Ana de Austria, Sanchinarro, Madrid",€850.000,,,,,,,,,,,,,,,,,,,,,,,
,,,,"Piso en calle de Ana María, Valdeacederas, Madrid",€240.000,,,,,,,,,,,,,,,,,,,,,,,
,,,,"Piso en calle de Andorra, Canillas, Madrid",€550.000,,,,,,,,,,,,,,,,,,,,,,,
,,,,"Piso en calle de Andrés Borrego, 10, Malasaña-Universidad, Madrid",€600.000,,,,,,,,,,,,,,,,,,,,,,,
,,,,"Piso en calle de Andrés Borrego, Malasaña-Universidad, Madrid",€2.160.000,,,,,,,,,,,,,,,,,,,,,,,
,,,,"Piso en Calle de Andrés Mellado, 19, Gaztambide, Madrid",€1.090.000,,,,,,,,,,,,,,,,,,,,,,,
,,,,"Piso en calle de Andrés Mellado, Gaztambide, Madrid",€4.111.000,,,,,,,,,,,,,,,,,,,,,,,
,,,,"Piso en calle de Andrés Mellado, Vallehermoso, Madrid",€3.645.000,,,,,,,,,,,,,,,,,,,,,,,
,,,,"Piso en calle de Andrés Tamayo, s/n, Guindalera, Madrid",€595.000,,,,,,,,,,,,,,,,,,,,,,,
,,,,"Piso en calle de Ángel Larra, Concepción, Madrid",€319.000,,,,,,,,,,,,,,,,,,,,,,,
,,,,"Piso en calle de Ángel Múgica, Tres Olivos - Valverde, Madrid",€730.000,,,,,,,,,,,,,,,,,,,,,,,
,,,,"Piso en calle de Ángel Muñoz, San Juan Bautista, Madrid",€820.000,,,,,,,,,,,,,,,,,,,,,,,
,,,,"Piso en calle de Angosta de los Mancebos, Palacio, Madrid",€422.000,,,,,,,,,,,,,,,,,,,,,,,
,,,,"Piso en calle de Aníbal, 5, Cuzco-Castillejos, Madrid",€410.000,,,,,,,,,,,,,,,,,,,,,,,
,,,,"Piso en calle de Aniceto Marinas, Casa de Campo, Madrid",€680.000,,,,,,,,,,,,,,,,,,,,,,,
,,,,"Piso en calle de Anoeta, Los Ángeles, Madrid",€289.650,,,,,,,,,,,,,,,,,,,,,,,
,,,,"Piso en calle de Antequera, San Fermín, Madrid",€269.000,,,,,,,,,,,,,,,,,,,,,,,
,,,,"Piso en calle de Antillón, Puerta del Ángel, Madrid",€445.000,,,,,,,,,,,,,,,,,,,,,,,
,,,,"Piso en calle de Antolina Merino, s/n, Vista Alegre, Madrid",€116.900,,,,,,,,,,,,,,,,,,,,,,,
,,,,"Piso en calle de Antonia Mercé, Goya, Madrid",€8.396.000,,,,,,,,,,,,,,,,,,,,,,,
,,,,"Piso en calle de Antonia Ruiz Soro, Guindalera, Madrid",€1.789.000,,,,,,,,,,,,,,,,,,,,,,,
,,,,"Piso en calle de Antonio Acuña, Goya, Madrid",€4.130.000,,,,,,,,,,,,,,,,,,,,,,,
,,,,"Piso en calle de Antonio Acuña, Ibiza, Madrid",€1.150.000,,,,,,,,,,,,,,,,,,,,,,,
,,,,"Piso en calle de Antonio Acuña, s/n, Goya, Madrid",€1.600.000,,,,,,,,,,,,,,,,,,,,,,,
,,,,"Piso en calle de Antonio Arias, 6, Ibiza, Madrid",€925.000,,,,,,,,,,,,,,,,,,,,,,,
,,,,"Piso en calle de Antonio Arias, s/n, Ibiza, Madrid",€880.000,,,,,,,,,,,,,,,,,,,,,,,
,,,,"Piso en calle de Antonio Casero, 11, Estrella, Madrid",€490.000,,,,,,,,,,,,,,,,,,,,,,,
,,,,"Piso en calle de Antonio de Leyva, 27, Comillas, Madrid",€180.000,,,,,,,,,,,,,,,,,,,,,,,
,,,,"Piso en calle de Antonio de Leyva, Opañel, Madrid",€315.000,,,,,,,,,,,,,,,,,,,,,,,
,,,,"Piso en calle de Antonio Grilo, Malasaña-Universidad, Madrid",€424.000,,,,,,,,,,,,,,,,,,,,,,,
,,,,"Piso en calle de Antonio López Aguado, 9, La Paz, Madrid",€580.000,,,,,,,,,,,,,,,,,,,,,,,
,,,,"Piso en calle de Antonio López Aguado, La Paz, Madrid",€599.000,,,,,,,,,,,,,,,,,,,,,,,
,,,,"Piso en calle de Antonio López, 137, Moscardó, Madrid",€379.500,,,,,,,,,,,,,,,,,,,,,,,
,,,,"Piso en calle de Antonio López, 139, Moscardó, Madrid",€885.000,,,,,,,,,,,,,,,,,,,,,,,
,,,,"Piso en calle de Antonio López, 170, Moscardó, Madrid",€420.000,,,,,,,,,,,,,,,,,,,,,,,
,,,,"Piso en calle de Antonio López, 21, Comillas, Madrid",€320.000,,,,,,,,,,,,,,,,,,,,,,,
,,,,"Piso en calle de Antonio López, Moscardó, Madrid",€1.758.900,,,,,,,,,,,,,,,,,,,,,,,
,,,,"Piso en calle de Antonio López, s/n, Moscardó, Madrid",€415.000,,,,,,,,,,,,,,,,,,,,,,,
,,,,"Piso en calle de Antonio Maura, 18, Jerónimos, Madrid",€5.100.000,,,,,,,,,,,,,,,,,,,,,,,
,,,,"Piso en calle de Antonio Maura, Jerónimos, Madrid",€3.150.000,,,,,,,,,,,,,,,,,,,,,,,
,,,,"Piso en calle de Antonio Moreno, Abrantes, Madrid",€250.000,,,,,,,,,,,,,,,,,,,,,,,
,,,,"Piso en calle de Antonio Ponz, Pueblo Nuevo, Madrid",€308.000,,,,,,,,,,,,,,,,,,,,,,,
,,,,"Piso en calle de Antonio Robles, 4, Tres Olivos - Valverde, Madrid",€560.000,,,,,,,,,,,,,,,,,,,,,,,
,,,,"Piso en calle de Antonio Toledano, 9, Fuente del Berro, Madrid",€360.000,,,,,,,,,,,,,,,,,,,,,,,
,,,,"Piso en calle de Antonio Toledano, Fuente del Berro, Madrid",€995.600,,,,,,,,,,,,,,,,,,,,,,,
,,,,"Piso en calle de Añastro, 6, Apóstol Santiago, Madrid",€547.000,,,,,,,,,,,,,,,,,,,,,,,
,,,,"Piso en calle de Apodaca, Chueca-Justicia, Madrid",€2.750.000,,,,,,,,,,,,,,,,,,,,,,,
,,,,"Piso en calle de Apolo, Simancas, Madrid",€275.000,,,,,,,,,,,,,,,,,,,,,,,
,,,,"Piso en calle de Apolonio Morales, Nueva España, Madrid",€2.750.000,,,,,,,,,,,,,,,,,,,,,,,
,,,,"Piso en calle de Aquitania, Arcos, Madrid",€740.000,,,,,,,,,,,,,,,,,,,,,,,
,,,,"Piso en calle de Aracne, 23, Rejas, Madrid",€450.000,,,,,,,,,,,,,,,,,,,,,,,
,,,,"Piso en calle de Aranjuez, 19, Bellas Vistas, Madrid",€389.000,,,,,,,,,,,,,,,,,,,,,,,
,,,,"Piso en calle de Arapiles, Arapiles, Madrid",€1.870.000,,,,,,,,,,,,,,,,,,,,,,,
,,,,"Piso en calle de Arcos de Jalón, Arcos, Madrid",€494.000,,,,,,,,,,,,,,,,,,,,,,,
,,,,"Piso en calle de Arcos de Jalón, s/n, Arcos, Madrid",€349.000,,,,,,,,,,,,,,,,,,,,,,,
,,,,"Piso en calle de Ardemans, Guindalera, Madrid",€899.000,,,,,,,,,,,,,,,,,,,,,,,
,,,,"Piso en calle de Arganda, Acacias, Madrid",€750.000,,,,,,,,,,,,,,,,,,,,,,,
,,,,"Piso en calle de Arganzuela, Lavapiés-Embajadores, Madrid",€930.000,,,,,,,,,,,,,,,,,,,,,,,
,,,,"Piso en calle de Argensola, Chueca-Justicia, Madrid",€4.500.000,,,,,,,,,,,,,,,,,,,,,,,
,,,,"Piso en calle de Aristóteles, San Pascual, Madrid",€289.000,,,,,,,,,,,,,,,,,,,,,,,
,,,,"Piso en calle de Arlanza, 27, Comillas, Madrid",€87.500,,,,,,,,,,,,,,,,,,,,,,,
,,,,"Piso en calle de Arlanza, Comillas, Madrid",€110.200,,,,,,,,,,,,,,,,,,,,,,,
,,,,"Piso en calle de Armengot, San Isidro, Madrid",€138.600,,,,,,,,,,,,,,,,,,,,,,,
,,,,"Piso en calle de Arrieta, Palacio, Madrid",€500.000,,,,,,,,,,,,,,,,,,,,,,,
,,,,"Piso en calle de Arroyo de Fontarrón, Fontarrón, Madrid",€877.000,,,,,,,,,,,,,,,,,,,,,,,
,,,,"Piso en calle de Arroyo de Fontarrón, Pavones, Madrid",€250.000,,,,,,,,,,,,,,,,,,,,,,,
,,,,"Piso en calle de Arroyo de Valdecelada, 24, San Isidro, Madrid",€220.000,,,,,,,,,,,,,,,,,,,,,,,
,,,,"Piso en calle de Arrozal, 8, Amposta, Madrid",€145.000,,,,,,,,,,,,,,,,,,,,,,,
,,,,"Piso en calle de Artesa de Segre, 10, Ciudad Universitaria, Madrid",€800.000,,,,,,,,,,,,,,,,,,,,,,,
,,,,"Piso en calle de Artesa de Segre, 14, Ciudad Universitaria, Madrid",€825.000,,,,,,,,,,,,,,,,,,,,,,,
,,,,"Piso en calle de Artesa de Segre, Ciudad Universitaria, Madrid",€1.470.000,,,,,,,,,,,,,,,,,,,,,,,
,,,,"Piso en calle de Arturo Baldasano, Colina, Madrid",€1.400.000,,,,,,,,,,,,,,,,,,,,,,,
,,,,"Piso en calle de Arturo Soria, 182, Colina, Madrid",€745.000,,,,,,,,,,,,,,,,,,,,,,,
,,,,"Piso en calle de Arturo Soria, 309, Costillares, Madrid",€725.000,,,,,,,,,,,,,,,,,,,,,,,
,,,,"Piso en calle de Arturo Soria, 324, Costillares, Madrid",€750.000,,,,,,,,,,,,,,,,,,,,,,,
,,,,"Piso en calle de Arturo Soria, 338, Costillares, Madrid",€475.000,,,,,,,,,,,,,,,,,,,,,,,
,,,,"Piso en calle de Arturo Soria, 37, Concepción, Madrid",€950.000,,,,,,,,,,,,,,,,,,,,,,,
,,,,"Piso en calle de Arturo Soria, Colina, Madrid",€4.760.000,,,,,,,,,,,,,,,,,,,,,,,
,,,,"Piso en calle de Arturo Soria, Concepción, Madrid",€390.000,,,,,,,,,,,,,,,,,,,,,,,
,,,,"Piso en calle de Arturo Soria, Costillares, Madrid",€5.460.000,,,,,,,,,,,,,,,,,,,,,,,
,,,,"Piso en calle de Arturo Soria, Quintana, Madrid",€539.800,,,,,,,,,,,,,,,,,,,,,,,
,,,,"Piso en calle de Arturo Soria, s/n, Colina, Madrid",€669.900,,,,,,,,,,,,,,,,,,,,,,,
,,,,"Piso en calle de Arturo Soria, San Juan Bautista, Madrid",€688.000,,,,,,,,,,,,,,,,,,,,,,,
,,,,"Piso en calle de Ascao, Pueblo Nuevo, Madrid",€450.000,,,,,,,,,,,,,,,,,,,,,,,
,,,,"Piso en calle de Astorga, Ventas, Madrid",€219.900,,,,,,,,,,,,,,,,,,,,,,,
,,,,"Piso en calle de Asunción Castell, 1, Cuatro Caminos, Madrid",€485.000,,,,,,,,,,,,,,,,,,,,,,,
,,,,"Piso en calle de Atocha, Huertas-Cortes, Madrid",€1.520.000,,,,,,,,,,,,,,,,,,,,,,,
,,,,"Piso en calle de Atocha, Lavapiés-Embajadores, Madrid",€7.630.000,,,,,,,,,,,,,,,,,,,,,,,
,,,,"Piso en calle de Augusto Figueroa, 20, Chueca-Justicia, Madrid",€1.400.000,,,,,,,,,,,,,,,,,,,,,,,
,,,,"Piso en calle de Augusto Figueroa, 8, Chueca-Justicia, Madrid",€1.150.000,,,,,,,,,,,,,,,,,,,,,,,
,,,,"Piso en calle de Augusto Figueroa, Chueca-Justicia, Madrid",€820.000,,,,,,,,,,,,,,,,,,,,,,,
,,,,"Piso en calle de Ávila, Cuatro Caminos, Madrid",€440.000,,,,,,,,,,,,,,,,,,,,,,,
,,,,"Piso en calle de Ayala, 154, Goya, Madrid",€590.000,,,,,,,,,,,,,,,,,,,,,,,
,,,,"Piso en calle de Ayala, 158, Goya, Madrid",€3.698.000,,,,,,,,,,,,,,,,,,,,,,,
,,,,"Piso en calle de Ayala, 45, Recoletos, Madrid",€5.850.000,,,,,,,,,,,,,,,,,,,,,,,
,,,,"Piso en calle de Ayala, 93, Goya, Madrid",€660.000,,,,,,,,,,,,,,,,,,,,,,,
,,,,"Piso en calle de Ayala, Goya, Madrid",€42.450.000,,,,,,,,,,,,,,,,,,,,,,,
,,,,"Piso en calle de Ayala, Recoletos, Madrid",€16.910.000,,,,,,,,,,,,,,,,,,,,,,,
,,,,"Piso en calle de Azcoitia, Buena Vista, Madrid",€344.000,,,,,,,,,,,,,,,,,,,,,,,
,,,,"Piso en calle de Azcona, 3, Guindalera, Madrid",€580.000,,,,,,,,,,,,,,,,,,,,,,,
,,,,"Piso en calle de Azcona, Guindalera, Madrid",€1.480.000,,,,,,,,,,,,,,,,,,,,,,,
,,,,"Piso en calle de Azuaga, Valdezarza, Madrid",€265.000,,,,,,,,,,,,,,,,,,,,,,,
,,,,"Piso en calle de Babilonia, Campo de las Naciones-Corralejos, Madrid",€650.000,,,,,,,,,,,,,,,,,,,,,,,
,,,,"Piso en calle de Baeza, Prosperidad, Madrid",€550.000,,,,,,,,,,,,,,,,,,,,,,,
,,,,"Piso en calle de Bailén, Palacio, Madrid",€2.517.000,,,,,,,,,,,,,,,,,,,,,,,
,,,,"Piso en calle de Balbina Valverde, 29, El Viso, Madrid",€3.250.000,,,,,,,,,,,,,,,,,,,,,,,
,,,,"Piso en calle de Baracaldo, Valdeacederas, Madrid",€270.000,,,,,,,,,,,,,,,,,,,,,,,
,,,,"Piso en calle de Barbieri, Chueca-Justicia, Madrid",€2.950.000,,,,,,,,,,,,,,,,,,,,,,,
,,,,"Piso en calle de Barceló, 1, Chueca-Justicia, Madrid",€1.519.000,,,,,,,,,,,,,,,,,,,,,,,
,,,,"Piso en calle de Barceló, Chueca-Justicia, Madrid",€6.076.000,,,,,,,,,,,,,,,,,,,,,,,
,,,,"Piso en calle de Barcelona, 3, Sol, Madrid",€319.000,,,,,,,,,,,,,,,,,,,,,,,
,,,,"Piso en calle de Barcelona, 5, Sol, Madrid",€349.000,,,,,,,,,,,,,,,,,,,,,,,
,,,,"Piso en calle de Barcelona, 8, Sol, Madrid",€690.000,,,,,,,,,,,,,,,,,,,,,,,
,,,,"Piso en calle de Beatriz de Bobadilla, 15, Ciudad Universitaria, Madrid",€695.000,,,,,,,,,,,,,,,,,,,,,,,
,,,,"Piso en calle de Beatriz Galindo, Palacio, Madrid",€455.000,,,,,,,,,,,,,,,,,,,,,,,
,,,,"Piso en calle de Belén, Chueca-Justicia, Madrid",€715.000,,,,,,,,,,,,,,,,,,,,,,,
,,,,"Piso en calle de Belfast, Rejas, Madrid",€250.000,,,,,,,,,,,,,,,,,,,,,,,
,,,,"Piso en calle de Belzunegui, 12, Puerta Bonita, Madrid",€74.400,,,,,,,,,,,,,,,,,,,,,,,
,,,,"Piso en calle de Belzunegui, 62, Puerta Bonita, Madrid",€175.000,,,,,,,,,,,,,,,,,,,,,,,
,,,,"Piso en calle de Belzunegui, Puerta Bonita, Madrid",€269.000,,,,,,,,,,,,,,,,,,,,,,,
,,,,"Piso en calle de Benicarló, 12, Campo de las Naciones-Corralejos, Madrid",€250.000,,,,,,,,,,,,,,,,,,,,,,,
,,,,"Piso en calle de Benidorm, Ventas, Madrid",€360.000,,,,,,,,,,,,,,,,,,,,,,,
,,,,"Piso en calle de Beniferri, 32, San Cristóbal, Madrid",€86.300,,,,,,,,,,,,,,,,,,,,,,,
,,,,"Piso en calle de Beniferri, 51, San Cristóbal, Madrid",€118.000,,,,,,,,,,,,,,,,,,,,,,,
,,,,"Piso en calle de Benimamet, 105, San Cristóbal, Madrid",€80.000,,,,,,,,,,,,,,,,,,,,,,,
,,,,"Piso en calle de Benimamet, San Cristóbal, Madrid",€165.000,,,,,,,,,,,,,,,,,,,,,,,
,,,,"Piso en calle de Benita López, 5, Los Rosales, Madrid",€175.000,,,,,,,,,,,,,,,,,,,,,,,
,,,,"Piso en calle de Benita López, 56, Los Rosales, Madrid",€180.000,,,,,,,,,,,,,,,,,,,,,,,
,,,,"Piso en calle de Benita López, Los Rosales, Madrid",€199.000,,,,,,,,,,,,,,,,,,,,,,,
,,,,"Piso en calle de Benito de Castro, 6, Fuente del Berro, Madrid",€890.000,,,,,,,,,,,,,,,,,,,,,,,
,,,,"Piso en calle de Benito de Castro, Fuente del Berro, Madrid",€890.000,,,,,,,,,,,,,,,,,,,,,,,
,,,,"Piso en calle de Benito Gutiérrez, Argüelles, Madrid",€2.459.000,,,,,,,,,,,,,,,,,,,,,,,
,,,,"Piso en calle de Benjamín Palencia, Portazgo, Madrid",€290.000,,,,,,,,,,,,,,,,,,,,,,,
,,,,"Piso en calle de Berastegui, Pueblo Nuevo, Madrid",€440.000,,,,,,,,,,,,,,,,,,,,,,,
,,,,"Piso en calle de Berna, 1, Guindalera, Madrid",€485.000,,,,,,,,,,,,,,,,,,,,,,,
,,,,"Piso en calle de Berna, Guindalera, Madrid",€485.000,,,,,,,,,,,,,,,,,,,,,,,
,,,,"Piso en calle de Bernardino Obregón, Palos de la Frontera, Madrid",€630.000,,,,,,,,,,,,,,,,,,,,,,,
,,,,"Piso en calle de Berrocal, 3, Butarque, Madrid",€225.000,,,,,,,,,,,,,,,,,,,,,,,
,,,,"Piso en calle de Berruguete, 72, Berruguete, Madrid",€322.000,,,,,,,,,,,,,,,,,,,,,,,
,,,,"Piso en calle de Biarritz, Guindalera, Madrid",€930.000,,,,,,,,,,,,,,,,,,,,,,,
,,,,"Piso en calle de Blas Cabrera, Águilas, Madrid",€642.000,,,,,,,,,,,,,,,,,,,,,,,
,,,,"Piso en calle de Blasco de Garay, Arapiles, Madrid",€1.195.000,,,,,,,,,,,,,,,,,,,,,,,
,,,,"Piso en calle de Blasco de Garay, Gaztambide, Madrid",€2.335.000,,,,,,,,,,,,,,,,,,,,,,,
,,,,"Piso en calle de Bocángel, Fuente del Berro, Madrid",€690.000,,,,,,,,,,,,,,,,,,,,,,,
,,,,"Piso en calle de Boetticher y Navarro, Los Ángeles, Madrid",€369.000,,,,,,,,,,,,,,,,,,,,,,,
,,,,"Piso en calle de Boix y Morer, 9, Vallehermoso, Madrid",€380.000,,,,,,,,,,,,,,,,,,,,,,,
,,,,"Piso en calle de Boix y Morer, Vallehermoso, Madrid",€7.965.000,,,,,,,,,,,,,,,,,,,,,,,
,,,,"Piso en calle de Boldano, Quintana, Madrid",€159.000,,,,,,,,,,,,,,,,,,,,,,,
,,,,"Piso en calle de Bordadores, s/n, Sol, Madrid",€790.000,,,,,,,,,,,,,,,,,,,,,,,
,,,,"Piso en calle de Bordadores, Sol, Madrid",€790.000,,,,,,,,,,,,,,,,,,,,,,,
,,,,"Piso en calle de Boston, Guindalera, Madrid",€199.000,,,,,,,,,,,,,,,,,,,,,,,
,,,,"Piso en calle de Boyer, Los Berrocales, Madrid",€990.000,,,,,,,,,,,,,,,,,,,,,,,
,,,,"Piso en calle de Braganza, Abrantes, Madrid",€236.000,,,,,,,,,,,,,,,,,,,,,,,
,,,,"Piso en calle de Braulio Gutiérrez, Pueblo Nuevo, Madrid",€225.000,,,,,,,,,,,,,,,,,,,,,,,
,,,,"Piso en calle de Bravo Murillo, 109, Bellas Vistas, Madrid",€240.000,,,,,,,,,,,,,,,,,,,,,,,
,,,,"Piso en calle de Bravo Murillo, 123, Bellas Vistas, Madrid",€477.000,,,,,,,,,,,,,,,,,,,,,,,
,,,,"Piso en calle de Bravo Murillo, 152, Cuatro Caminos, Madrid",€495.000,,,,,,,,,,,,,,,,,,,,,,,
,,,,"Piso en calle de Bravo Murillo, 213 ---- bis, Berruguete, Madrid",€299.000,,,,,,,,,,,,,,,,,,,,,,,
,,,,"Piso en calle de Bravo Murillo, 28, Trafalgar, Madrid",€1.100.000,,,,,,,,,,,,,,,,,,,,,,,
,,,,"Piso en calle de Bravo Murillo, 297, Cuatro Caminos, Madrid",€450.000,,,,,,,,,,,,,,,,,,,,,,,
,,,,"Piso en calle de Bravo Murillo, 359, Ventilla-Almenara, Madrid",€590.000,,,,,,,,,,,,,,,,,,,,,,,
,,,,"Piso en calle de Bravo Murillo, Bellas Vistas, Madrid",€2.109.900,,,,,,,,,,,,,,,,,,,,,,,
,,,,"Piso en calle de Bravo Murillo, Berruguete, Madrid",€250.000,,,,,,,,,,,,,,,,,,,,,,,
,,,,"Piso en calle de Bravo Murillo, Cuatro Caminos, Madrid",€3.944.000,,,,,,,,,,,,,,,,,,,,,,,
,,,,"Piso en calle de Bravo Murillo, Nuevos Ministerios-Ríos Rosas, Madrid",€1.400.000,,,,,,,,,,,,,,,,,,,,,,,
,,,,"Piso en calle de Bravo Murillo, Trafalgar, Madrid",€840.000,,,,,,,,,,,,,,,,,,,,,,,
,,,,"Piso en calle de Bretón de los Herreros, 41, Nuevos Ministerios-Ríos Rosas, Madrid",€682.000,,,,,,,,,,,,,,,,,,,,,,,
,,,,"Piso en calle de Bretón de los Herreros, Nuevos Ministerios-Ríos Rosas, Madrid",€3.030.000,,,,,,,,,,,,,,,,,,,,,,,
,,,,"Piso en calle de Brístol, Guindalera, Madrid",€3.130.000,,,,,,,,,,,,,,,,,,,,,,,
,,,,"Piso en calle de Buenavista, Lavapiés-Embajadores, Madrid",€180.000,,,,,,,,,,,,,,,,,,,,,,,
,,,,"Piso en calle de Buitrago del Lozoya, 23, Peñagrande, Madrid",€670.000,,,,,,,,,,,,,,,,,,,,,,,
,,,,"Piso en calle de Buitrago del Lozoya, Peñagrande, Madrid",€670.000,,,,,,,,,,,,,,,,,,,,,,,
,,,,"Piso en calle de Burgos, Berruguete, Madrid",€350.000,,,,,,,,,,,,,,,,,,,,,,,
,,,,"Piso en calle de Burgos, s/n, Berruguete, Madrid",€140.000,,,,,,,,,,,,,,,,,,,,,,,
,,,,"Piso en calle de Bustamante, 8, Delicias, Madrid",€186.000,,,,,,,,,,,,,,,,,,,,,,,
,,,,"Piso en calle de Bustamante, Delicias, Madrid",€215.000,,,,,,,,,,,,,,,,,,,,,,,
,,,,"Piso en calle de Bustamante, Palos de la Frontera, Madrid",€620.000,,,,,,,,,,,,,,,,,,,,,,,
,,,,"Piso en calle de Bustillo del Oro, Berruguete, Madrid",€185.000,,,,,,,,,,,,,,,,,,,,,,,
,,,,"Piso en calle de Cabellera de Berenice, Valdemarín, Madrid",€880.000,,,,,,,,,,,,,,,,,,,,,,,
,,,,"Piso en calle de Cáceres, Chopera, Madrid",€509.000,,,,,,,,,,,,,,,,,,,,,,,
,,,,"Piso en calle de Cáceres, Delicias, Madrid",€250.000,,,,,,,,,,,,,,,,,,,,,,,
,,,,"Piso en calle de Cadarso, 4, Argüelles, Madrid",€589.000,,,,,,,,,,,,,,,,,,,,,,,
,,,,"Piso en calle de Cadarso, 5, Argüelles, Madrid",€1.449.999,,,,,,,,,,,,,,,,,,,,,,,
,,,,"Piso en calle de Cadarso, Argüelles, Madrid",€5.100.000,,,,,,,,,,,,,,,,,,,,,,,
,,,,"Piso en calle de Cadarso, s/n, Argüelles, Madrid",€1.449.999,,,,,,,,,,,,,,,,,,,,,,,
,,,,"Piso en calle de Cádiz, 9, Sol, Madrid",€619.900,,,,,,,,,,,,,,,,,,,,,,,
,,,,"Piso en calle de Cádiz, Sol, Madrid",€1.500.000,,,,,,,,,,,,,,,,,,,,,,,
,,,,"Piso en calle de Calahorra, Ambroz, Madrid",€145.000,,,,,,,,,,,,,,,,,,,,,,,
,,,,"Piso en calle de Calatrava, 26, Palacio, Madrid",€830.000,,,,,,,,,,,,,,,,,,,,,,,
,,,,"Piso en calle de Calatrava, 27, Palacio, Madrid",€520.000,,,,,,,,,,,,,,,,,,,,,,,
,,,,"Piso en calle de Calatrava, Palacio, Madrid",€1.444.900,,,,,,,,,,,,,,,,,,,,,,,
,,,,"Piso en calle de Calero Pita, Entrevías, Madrid",€161.000,,,,,,,,,,,,,,,,,,,,,,,
,,,,"Piso en calle de Caleruega, 21, Costillares, Madrid",€710.000,,,,,,,,,,,,,,,,,,,,,,,
,,,,"Piso en calle de Caleruega, 51, Costillares, Madrid",€995.000,,,,,,,,,,,,,,,,,,,,,,,
,,,,"Piso en calle de Caleruega, Costillares, Madrid",€2.127.000,,,,,,,,,,,,,,,,,,,,,,,
,,,,"Piso en calle de Callejo, s/n, San Diego, Madrid",€445.000,,,,,,,,,,,,,,,,,,,,,,,
,,,,"Piso en calle de Camarena, 108, Aluche, Madrid",€348.000,,,,,,,,,,,,,,,,,,,,,,,
,,,,"Piso en calle de Camarena, 93, Aluche, Madrid",€198.700,,,,,,,,,,,,,,,,,,,,,,,
,,,,"Piso en calle de Camarena, Aluche, Madrid",€2.371.999,,,,,,,,,,,,,,,,,,,,,,,
,,,,"Piso en calle de Campezo, 9, Rejas, Madrid",€225.000,,,,,,,,,,,,,,,,,,,,,,,
,,,,"Piso en calle de Campezo, Rejas, Madrid",€565.000,,,,,,,,,,,,,,,,,,,,,,,
,,,,"Piso en calle de Campoamor, Chueca-Justicia, Madrid",€12.900.000,,,,,,,,,,,,,,,,,,,,,,,
,,,,"Piso en calle de canarias, 9 bis 3° Izquda, Palos de la Frontera, Madrid",€625.000,,,,,,,,,,,,,,,,,,,,,,,
,,,,"Piso en calle de Cándido Mateos, Peñagrande, Madrid",€1.904.900,,,,,,,,,,,,,,,,,,,,,,,
,,,,"Piso en calle de Canillas, 1, Prosperidad, Madrid",€1.490.000,,,,,,,,,,,,,,,,,,,,,,,
,,,,"Piso en calle de Canillas, Madrid, Prosperidad, Madrid",€260.000,,,,,,,,,,,,,,,,,,,,,,,
,,,,"Piso en calle de Canillas, Prosperidad, Madrid",€2.346.000,,,,,,,,,,,,,,,,,,,,,,,
,,,,"Piso en calle de Cantalejo, Fuentelarreina, Madrid",€3.599.000,,,,,,,,,,,,,,,,,,,,,,,
,,,,"Piso en calle de Carabelos, 35, San Fermín, Madrid",€107.200,,,,,,,,,,,,,,,,,,,,,,,
,,,,"Piso en calle de Carabelos, San Fermín, Madrid",€392.200,,,,,,,,,,,,,,,,,,,,,,,
,,,,"Piso en calle de Caracas, 8, Almagro, Madrid",€599.000,,,,,,,,,,,,,,,,,,,,,,,
,,,,"Piso en calle de Caracas, Almagro, Madrid",€9.925.000,,,,,,,,,,,,,,,,,,,,,,,
,,,,"Piso en calle de Caramuel, Puerta del Ángel, Madrid",€285.000,,,,,,,,,,,,,,,,,,,,,,,
,,,,"Piso en calle de Carballido, 7, Puerta del Ángel, Madrid",€269.000,,,,,,,,,,,,,,,,,,,,,,,
,,,,"Piso en calle de Carcastillo, 9, Abrantes, Madrid",€290.000,,,,,,,,,,,,,,,,,,,,,,,
,,,,"Piso en calle de Cardenal Mendoza, Puerta del Ángel, Madrid",€180.000,,,,,,,,,,,,,,,,,,,,,,,
,,,,"Piso en calle de Cardeñosa, 13, Entrevías, Madrid",€194.000,,,,,,,,,,,,,,,,,,,,,,,
,,,,"Piso en calle de Cardeñosa, 36, Entrevías, Madrid",€145.000,,,,,,,,,,,,,,,,,,,,,,,
,,,,"Piso en calle de Cardeñosa, 69, Entrevías, Madrid",€180.000,,,,,,,,,,,,,,,,,,,,,,,
,,,,"Piso en calle de Carlos Arniches, 31, Lavapiés-Embajadores, Madrid",€480.000,,,,,,,,,,,,,,,,,,,,,,,
,,,,"Piso en calle de Carlos Arniches, Lavapiés-Embajadores, Madrid",€990.000,,,,,,,,,,,,,,,,,,,,,,,
,,,,"Piso en calle de Carlos Dabán, 20, San Isidro, Madrid",€268.600,,,,,,,,,,,,,,,,,,,,,,,
,,,,"Piso en calle de Carlos Dabán, 26, San Isidro, Madrid",€200.000,,,,,,,,,,,,,,,,,,,,,,,
,,,,"Piso en calle de Carlos Hernández, Ventas, Madrid",€525.000,,,,,,,,,,,,,,,,,,,,,,,
,,,,"Piso en calle de Carlos Martín Álvarez, Palomeras Bajas, Madrid",€178.000,,,,,,,,,,,,,,,,,,,,,,,
,,,,"Piso en calle de Carlos Solé, Portazgo, Madrid",€180.000,,,,,,,,,,,,,,,,,,,,,,,
,,,,"Piso en calle de Carlos y Guillermo Fernández Shaw, Adelfas, Madrid",€579.000,,,,,,,,,,,,,,,,,,,,,,,
,,,,"Piso en calle de Carlota O’Neill, 20, San Pascual, Madrid",€328.000,,,,,,,,,,,,,,,,,,,,,,,
,,,,"Piso en calle de Carlota O’Neill, San Pascual, Madrid",€1.425.000,,,,,,,,,,,,,,,,,,,,,,,
,,,,"Piso en calle de Carmen Cobeña, Acacias, Madrid",€379.000,,,,,,,,,,,,,,,,,,,,,,,
,,,,"Piso en calle de Carmen Martín Gaite, 4 -18, Águilas, Madrid",€685.000,,,,,,,,,,,,,,,,,,,,,,,
,,,,"Piso en calle de Carnicer, Bellas Vistas, Madrid",€585.000,,,,,,,,,,,,,,,,,,,,,,,
,,,,"Piso en calle de Carnicer, s/n, Bellas Vistas, Madrid",€235.000,,,,,,,,,,,,,,,,,,,,,,,
,,,,"Piso en calle de Carracedo, Campamento, Madrid",€100.000,,,,,,,,,,,,,,,,,,,,,,,
,,,,"Piso en calle de Carranza, 21, Malasaña-Universidad, Madrid",€745.000,,,,,,,,,,,,,,,,,,,,,,,
,,,,"Piso en calle de Carranza, Malasaña-Universidad, Madrid",€1.690.000,,,,,,,,,,,,,,,,,,,,,,,
,,,,"Piso en calle de Carranza, Trafalgar, Madrid",€15.210.000,,,,,,,,,,,,,,,,,,,,,,,
,,,,"Piso en calle de Carrero Juan Ramón, Abrantes, Madrid",€462.000,,,,,,,,,,,,,,,,,,,,,,,
,,,,"Piso en calle de Carretas, 15, Sol, Madrid",€1.990.000,,,,,,,,,,,,,,,,,,,,,,,
,,,,"Piso en calle de Carretas, Sol, Madrid",€7.311.000,,,,,,,,,,,,,,,,,,,,,,,
,,,,"Piso en calle de Cartagena, 115, Prosperidad, Madrid",€710.000,,,,,,,,,,,,,,,,,,,,,,,
,,,,"Piso en calle de Cartagena, 68 b, Guindalera, Madrid",€585.000,,,,,,,,,,,,,,,,,,,,,,,
,,,,"Piso en calle de Cartagena, Ciudad Jardín, Madrid",€2.084.900,,,,,,,,,,,,,,,,,,,,,,,
,,,,"Piso en calle de Cartagena, Madrid, Guindalera, Madrid",€595.000,,,,,,,,,,,,,,,,,,,,,,,
,,,,"Piso en calle de Casabermeja, Palomeras sureste, Madrid",€239.000,,,,,,,,,,,,,,,,,,,,,,,
,,,,"Piso en calle de Casado del Alisal, Jerónimos, Madrid",€2.975.000,,,,,,,,,,,,,,,,,,,,,,,
,,,,"Piso en calle de Casalarreina, Ambroz, Madrid",€245.000,,,,,,,,,,,,,,,,,,,,,,,
,,,,"Piso en calle de Casalarreina, s/n, Ambroz, Madrid",€210.000,,,,,,,,,,,,,,,,,,,,,,,
,,,,"Piso en calle de Castelar, Guindalera, Madrid",€620.000,,,,,,,,,,,,,,,,,,,,,,,
,,,,"Piso en calle de Castelló, 109, Castellana, Madrid",€1.329.000,,,,,,,,,,,,,,,,,,,,,,,
,,,,"Piso en calle de Castelló, 117, Castellana, Madrid",€1.790.000,,,,,,,,,,,,,,,,,,,,,,,
,,,,"Piso en calle de Castelló, 120, Castellana, Madrid",€6.645.000,,,,,,,,,,,,,,,,,,,,,,,
,,,,"Piso en calle de Castelló, 124, Castellana, Madrid",€2.300.000,,,,,,,,,,,,,,,,,,,,,,,
,,,,"Piso en calle de Castelló, 42, Recoletos, Madrid",€2.690.000,,,,,,,,,,,,,,,,,,,,,,,
,,,,"Piso en calle de Castelló, Castellana, Madrid",€48.687.000,,,,,,,,,,,,,,,,,,,,,,,
,,,,"Piso en calle de Castelló, Recoletos, Madrid",€18.605.000,,,,,,,,,,,,,,,,,,,,,,,
,,,,"Piso en calle de Castelló, s/n, Castellana, Madrid",€1.329.000,,,,,,,,,,,,,,,,,,,,,,,
,,,,"Piso en calle de Castilla, 21, Bellas Vistas, Madrid",€385.000,,,,,,,,,,,,,,,,,,,,,,,
,,,,"Piso en calle de Casto Plasencia, 5, Malasaña-Universidad, Madrid",€445.000,,,,,,,,,,,,,,,,,,,,,,,
,,,,"Piso en calle de Casto Plasencia, Malasaña-Universidad, Madrid",€550.000,,,,,,,,,,,,,,,,,,,,,,,
,,,,"Piso en calle de Castroserna, Lucero, Madrid",€185.000,,,,,,,,,,,,,,,,,,,,,,,
,,,,"Piso en calle de Catalina Suárez, Adelfas, Madrid",€540.000,,,,,,,,,,,,,,,,,,,,,,,
,,,,"Piso en calle de Caunedo, Simancas, Madrid",€175.000,,,,,,,,,,,,,,,,,,,,,,,
,,,,"Piso en calle de Cavanilles, Pacífico, Madrid",€900.000,,,,,,,,,,,,,,,,,,,,,,,
,,,,"Piso en calle de Cazalegas, 5, Abrantes, Madrid",€335.000,,,,,,,,,,,,,,,,,,,,,,,
,,,,"Piso en calle de Cea Bermúdez, 3, Arapiles, Madrid",€630.000,,,,,,,,,,,,,,,,,,,,,,,
,,,,"Piso en calle de Cea Bermúdez, 42, Vallehermoso, Madrid",€1.050.000,,,,,,,,,,,,,,,,,,,,,,,
,,,,"Piso en calle de Cea Bermúdez, Arapiles, Madrid",€3.029.999,,,,,,,,,,,,,,,,,,,,,,,
,,,,"Piso en calle de Cea Bermúdez, Trafalgar, Madrid",€630.000,,,,,,,,,,,,,,,,,,,,,,,
,,,,"Piso en calle de Cea Bermúdez, Vallehermoso, Madrid",€6.690.000,,,,,,,,,,,,,,,,,,,,,,,
,,,,"Piso en calle de Cebreros, 2, Lucero, Madrid",€279.000,,,,,,,,,,,,,,,,,,,,,,,
,,,,"Piso en calle de Cebreros, Lucero, Madrid",€900.000,,,,,,,,,,,,,,,,,,,,,,,
,,,,"Piso en calle de Cedaceros, Huertas-Cortes, Madrid",€2.950.000,,,,,,,,,,,,,,,,,,,,,,,
,,,,"Piso en calle de Cenicero, 6, Huertas-Cortes, Madrid",€610.000,,,,,,,,,,,,,,,,,,,,,,,
,,,,"Piso en calle de Centenera, Pueblo Nuevo, Madrid",€364.000,,,,,,,,,,,,,,,,,,,,,,,
,,,,"Piso en calle de Cercedilla, Arapiles, Madrid",€580.000,,,,,,,,,,,,,,,,,,,,,,,
,,,,"Piso en calle de Cervantes, Huertas-Cortes, Madrid",€2.690.000,,,,,,,,,,,,,,,,,,,,,,,
,,,,"Piso en calle de Chile, 6, Bernabéu-Hispanoamérica, Madrid",€720.000,,,,,,,,,,,,,,,,,,,,,,,
,,,,"Piso en calle de Chile, Nueva España, Madrid",€450.000,,,,,,,,,,,,,,,,,,,,,,,
,,,,"Piso en calle de Chinchilla, Sol, Madrid",€2.000.000,,,,,,,,,,,,,,,,,,,,,,,
,,,,"Piso en calle de Chucurí, Pinar del Rey, Madrid",€152.000,,,,,,,,,,,,,,,,,,,,,,,
,,,,"Piso en calle de Ciudad de Águilas, Marroquina, Madrid",€260.000,,,,,,,,,,,,,,,,,,,,,,,
,,,,"Piso en calle de Clara del Rey, 26, Prosperidad, Madrid",€1.400.000,,,,,,,,,,,,,,,,,,,,,,,
,,,,"Piso en calle de Clara del Rey, 55, Prosperidad, Madrid",€639.000,,,,,,,,,,,,,,,,,,,,,,,
,,,,"Piso en calle de Clara del Rey, Prosperidad, Madrid",€1.325.000,,,,,,,,,,,,,,,,,,,,,,,
,,,,"Piso en calle de Claudio Coello, Castellana, Madrid",€17.228.000,,,,,,,,,,,,,,,,,,,,,,,
,,,,"Piso en calle de Claudio Coello, Recoletos, Madrid",€15.950.000,,,,,,,,,,,,,,,,,,,,,,,
,,,,"Piso en calle de Claudio Coello, s/n, Recoletos, Madrid",€1.570.000,,,,,,,,,,,,,,,,,,,,,,,
,,,,"Piso en calle de Clavileño, 42, Ciudad Jardín, Madrid",€685.000,,,,,,,,,,,,,,,,,,,,,,,
,,,,"Piso en calle de Clavileño, Ciudad Jardín, Madrid",€685.000,,,,,,,,,,,,,,,,,,,,,,,
,,,,"Piso en calle de Cobos de Segovia, 1, Imperial, Madrid",€470.000,,,,,,,,,,,,,,,,,,,,,,,
,,,,"Piso en calle de Coca, Lucero, Madrid",€358.520,,,,,,,,,,,,,,,,,,,,,,,
,,,,"Piso en calle de Colombia, 52, Bernabéu-Hispanoamérica, Madrid",€366.000,,,,,,,,,,,,,,,,,,,,,,,
,,,,"Piso en calle de Colombia, Bernabéu-Hispanoamérica, Madrid",€759.000,,,,,,,,,,,,,,,,,,,,,,,
,,,,"Piso en calle de Colón, Malasaña-Universidad, Madrid",€1.870.000,,,,,,,,,,,,,,,,,,,,,,,
,,,,"Piso en calle de Columela, Recoletos, Madrid",€8.900.000,,,,,,,,,,,,,,,,,,,,,,,
,,,,"Piso en calle de Concepción Jerónima, Lavapiés-Embajadores, Madrid",€1.300.000,,,,,,,,,,,,,,,,,,,,,,,
,,,,"Piso en calle de Cordel de Pavones, 26, Valdebernardo - Valderrivas, Madrid",€300.000,,,,,,,,,,,,,,,,,,,,,,,
,,,,"Piso en calle de Coslada, Guindalera, Madrid",€440.000,,,,,,,,,,,,,,,,,,,,,,,
,,,,"Piso en calle de Costa Rica, Bernabéu-Hispanoamérica, Madrid",€1.365.900,,,,,,,,,,,,,,,,,,,,,,,
,,,,"Piso en calle de Covarrubias, Trafalgar, Madrid",€7.200.000,,,,,,,,,,,,,,,,,,,,,,,
,,,,"Piso en calle de Cristóbal Bordiú, 52, Nuevos Ministerios-Ríos Rosas, Madrid",€1.650.000,,,,,,,,,,,,,,,,,,,,,,,
,,,,"Piso en calle de Cristóbal Bordiú, Nuevos Ministerios-Ríos Rosas, Madrid",€1.510.000,,,,,,,,,,,,,,,,,,,,,,,
,,,,"Piso en calle de Cuchilleros, Palacio, Madrid",€405.000,,,,,,,,,,,,,,,,,,,,,,,
,,,,"Piso en calle de Cuevas de Almanzora, 151, Apóstol Santiago, Madrid",€253.500,,,,,,,,,,,,,,,,,,,,,,,
,,,,"Piso en calle de Cuevas, Valdeacederas, Madrid",€240.000,,,,,,,,,,,,,,,,,,,,,,,
,,,,"Piso en calle de Cullera, Lucero, Madrid",€526.000,,,,,,,,,,,,,,,,,,,,,,,
,,,,"Piso en calle de Deyanira, 59, Rejas, Madrid",€199.500,,,,,,,,,,,,,,,,,,,,,,,
,,,,"Piso en calle de Diana, Canillejas, Madrid",€189.000,,,,,,,,,,,,,,,,,,,,,,,
,,,,"Piso en calle de Diego de León, 5, Castellana, Madrid",€2.200.000,,,,,,,,,,,,,,,,,,,,,,,
,,,,"Piso en calle de Diego de León, 51, Castellana, Madrid",€380.000,,,,,,,,,,,,,,,,,,,,,,,
,,,,"Piso en calle de Diego de León, 52, Lista, Madrid",€2.259.000,,,,,,,,,,,,,,,,,,,,,,,
,,,,"Piso en calle de Diego de León, Castellana, Madrid",€17.560.000,,,,,,,,,,,,,,,,,,,,,,,
,,,,"Piso en calle de Diego de León, Lista, Madrid",€29.562.000,,,,,,,,,,,,,,,,,,,,,,,
,,,,"Piso en calle de Dolores Barranco, Almendrales, Madrid",€338.000,,,,,,,,,,,,,,,,,,,,,,,
,,,,"Piso en calle de Dolores Barranco, Pradolongo, Madrid",€169.000,,,,,,,,,,,,,,,,,,,,,,,
,,,,"Piso en calle de Dolores Sopeña, 10, Moscardó, Madrid",€340.000,,,,,,,,,,,,,,,,,,,,,,,
,,,,"Piso en calle de Don Álvaro de Bazán, 13, Nuevos Ministerios-Ríos Rosas, Madrid",€820.000,,,,,,,,,,,,,,,,,,,,,,,
,,,,"Piso en calle de Don Felipe, Malasaña-Universidad, Madrid",€490.000,,,,,,,,,,,,,,,,,,,,,,,
,,,,"Piso en calle de Don Ramón de la Cruz, 36, Recoletos, Madrid",€2.595.000,,,,,,,,,,,,,,,,,,,,,,,
,,,,"Piso en calle de Don Ramón de la Cruz, 38, Recoletos, Madrid",€2.375.000,,,,,,,,,,,,,,,,,,,,,,,
,,,,"Piso en calle de Don Ramón de la Cruz, 88, Goya, Madrid",€1.900.000,,,,,,,,,,,,,,,,,,,,,,,
,,,,"Piso en calle de Don Ramón de la Cruz, 89, Lista, Madrid",€1.200.000,,,,,,,,,,,,,,,,,,,,,,,
,,,,"Piso en calle de Don Ramón de la Cruz, 98, Goya, Madrid",€1.129.000,,,,,,,,,,,,,,,,,,,,,,,
,,,,"Piso en calle de Don Ramón de la Cruz, Castellana, Madrid",€3.650.000,,,,,,,,,,,,,,,,,,,,,,,
,,,,"Piso en calle de Don Ramón de la Cruz, Goya, Madrid",€14.298.000,,,,,,,,,,,,,,,,,,,,,,,
,,,,"Piso en calle de Don Ramón de la Cruz, Lista, Madrid",€8.705.000,,,,,,,,,,,,,,,,,,,,,,,
,,,,"Piso en calle de Don Ramón de la Cruz, Recoletos, Madrid",€5.730.000,,,,,,,,,,,,,,,,,,,,,,,
,,,,"Piso en calle de Donoso Cortés, 20, Arapiles, Madrid",€885.000,,,,,,,,,,,,,,,,,,,,,,,
,,,,"Piso en calle de Donoso Cortés, 48, Arapiles, Madrid",€450.000,,,,,,,,,,,,,,,,,,,,,,,
,,,,"Piso en calle de Donoso Cortés, 80, Gaztambide, Madrid",€535.000,,,,,,,,,,,,,,,,,,,,,,,
,,,,"Piso en calle de Donoso Cortés, Arapiles, Madrid",€810.000,,,,,,,,,,,,,,,,,,,,,,,
,,,,"Piso en calle de Donoso Cortés, Gaztambide, Madrid",€800.000,,,,,,,,,,,,,,,,,,,,,,,
,,,,"Piso en calle de Doña Leonor de Cortina, Casco Histórico de Barajas, Madrid",€325.000,,,,,,,,,,,,,,,,,,,,,,,
,,,,"Piso en calle de Doña Urraca, Puerta del Ángel, Madrid",€560.000,,,,,,,,,,,,,,,,,,,,,,,
,,,,"Piso en calle de Dulce Chacón, 49, Virgen del Cortijo - Manoteras, Madrid",€989.000,,,,,,,,,,,,,,,,,,,,,,,
,,,,"Piso en calle de Dulce Chacón, Virgen del Cortijo - Manoteras, Madrid",€4.707.900,,,,,,,,,,,,,,,,,,,,,,,
,,,,"Piso en calle de Dulcinea, 64, Cuatro Caminos, Madrid",€285.000,,,,,,,,,,,,,,,,,,,,,,,
,,,,"Piso en calle de Dulcinea, Cuatro Caminos, Madrid",€590.000,,,,,,,,,,,,,,,,,,,,,,,
,,,,"Piso en calle de Echegaray, Huertas-Cortes, Madrid",€700.000,,,,,,,,,,,,,,,,,,,,,,,
,,,,"Piso en calle de Écija, Argüelles, Madrid",€5.025.000,,,,,,,,,,,,,,,,,,,,,,,
,,,,"Piso en calle de Edgar Neville, 2, Cuatro Caminos, Madrid",€1.579.000,,,,,,,,,,,,,,,,,,,,,,,
,,,,"Piso en calle de Edgar Neville, 21 b, Cuatro Caminos, Madrid",€1.195.000,,,,,,,,,,,,,,,,,,,,,,,
,,,,"Piso en calle de Edgar Neville, 25, Cuatro Caminos, Madrid",€1.152.000,,,,,,,,,,,,,,,,,,,,,,,
,,,,"Piso en calle de Edgar Neville, 3, Cuatro Caminos, Madrid",€450.000,,,,,,,,,,,,,,,,,,,,,,,
,,,,"Piso en calle de Edgar Neville, Cuatro Caminos, Madrid",€4.279.000,,,,,,,,,,,,,,,,,,,,,,,
,,,,"Piso en calle de Edgar Neville, s/n, Cuatro Caminos, Madrid",€1.150.000,,,,,,,,,,,,,,,,,,,,,,,
,,,,"Piso en calle de Eduardo Barreiros, 7, 12 de Octubre-Orcasur, Madrid",€448.000,,,,,,,,,,,,,,,,,,,,,,,
,,,,"Piso en calle de Eduardo Barreiros, Villaverde Alto, Madrid",€354.000,,,,,,,,,,,,,,,,,,,,,,,
,,,,"Piso en calle de Eduardo Rojo, Palomeras Bajas, Madrid",€180.000,,,,,,,,,,,,,,,,,,,,,,,
,,,,"Piso en calle de El Escorial, 7, Malasaña-Universidad, Madrid",€309.000,,,,,,,,,,,,,,,,,,,,,,,
,,,,"Piso en calle de El Escorial, Malasaña-Universidad, Madrid",€309.000,,,,,,,,,,,,,,,,,,,,,,,
,,,,"Piso en calle de El Yesero, Palomeras sureste, Madrid",€490.000,,,,,,,,,,,,,,,,,,,,,,,
,,,,"Piso en calle de Elfo, Quintana, Madrid",€675.000,,,,,,,,,,,,,,,,,,,,,,,
,,,,"Piso en calle de Eloy Gonzalo, Trafalgar, Madrid",€1.080.000,,,,,,,,,,,,,,,,,,,,,,,
,,,,"Piso en calle de Embajadores, 158, Chopera, Madrid",€220.000,,,,,,,,,,,,,,,,,,,,,,,
,,,,"Piso en calle de Embajadores, 183, Legazpi, Madrid",€729.000,,,,,,,,,,,,,,,,,,,,,,,
,,,,"Piso en calle de Embajadores, 197, Legazpi, Madrid",€450.000,,,,,,,,,,,,,,,,,,,,,,,
,,,,"Piso en calle de Embajadores, 60, Lavapiés-Embajadores, Madrid",€151.900,,,,,,,,,,,,,,,,,,,,,,,
,,,,"Piso en calle de Embajadores, 70, Legazpi, Madrid",€215.000,,,,,,,,,,,,,,,,,,,,,,,
,,,,"Piso en calle de Embajadores, 81, Palos de la Frontera, Madrid",€720.000,,,,,,,,,,,,,,,,,,,,,,,
,,,,"Piso en calle de Embajadores, Acacias, Madrid",€540.000,,,,,,,,,,,,,,,,,,,,,,,
,,,,"Piso en calle de Embajadores, Chopera, Madrid",€889.000,,,,,,,,,,,,,,,,,,,,,,,
,,,,"Piso en calle de Embajadores, Delicias, Madrid",€1.295.000,,,,,,,,,,,,,,,,,,,,,,,
,,,,"Piso en calle de Embajadores, Lavapiés-Embajadores, Madrid",€3.159.900,,,,,,,,,,,,,,,,,,,,,,,
,,,,"Piso en calle de Embajadores, Legazpi, Madrid",€4.030.000,,,,,,,,,,,,,,,,,,,,,,,
,,,,"Piso en calle de Emilia, 36, Ventilla-Almenara, Madrid",€250.000,,,,,,,,,,,,,,,,,,,,,,,
,,,,"Piso en calle de Emilio Ferrari, 32, Pueblo Nuevo, Madrid",€250.000,,,,,,,,,,,,,,,,,,,,,,,
,,,,"Piso en calle de Emilio Ferrari, 56, Pueblo Nuevo, Madrid",€450.000,,,,,,,,,,,,,,,,,,,,,,,
,,,,"Piso en calle de Emilio Ferrari, Pueblo Nuevo, Madrid",€654.900,,,,,,,,,,,,,,,,,,,,,,,
,,,,"Piso en calle de Emilio Ferrari, s/n, Pueblo Nuevo, Madrid",€192.000,,,,,,,,,,,,,,,,,,,,,,,
,,,,"Piso en calle de Emilio Ortuño, Numancia, Madrid",€450.000,,,,,,,,,,,,,,,,,,,,,,,
,,,,"Piso en calle de Emilio Vargas, San Juan Bautista, Madrid",€875.000,,,,,,,,,,,,,,,,,,,,,,,
,,,,"Piso en calle de Enciso, Ambroz, Madrid",€190.000,,,,,,,,,,,,,,,,,,,,,,,
,,,,"Piso en calle de Enrique de Aldama, 1, Peñagrande, Madrid",€490.000,,,,,,,,,,,,,,,,,,,,,,,
,,,,"Piso en calle de Enrique de Aldama, 7, Peñagrande, Madrid",€625.000,,,,,,,,,,,,,,,,,,,,,,,
,,,,"Piso en calle de Enrique de Aldama, Peñagrande, Madrid",€1.976.000,,,,,,,,,,,,,,,,,,,,,,,
,,,,"Piso en calle de Enrique Larreta, Castilla, Madrid",€450.000,,,,,,,,,,,,,,,,,,,,,,,
,,,,"Piso en calle de Enrique Trompeta, Chopera, Madrid",€260.000,,,,,,,,,,,,,,,,,,,,,,,
,,,,"Piso en calle de Entrepeñas, 78, Ensanche de Vallecas - La Gavia, Madrid",€270.000,,,,,,,,,,,,,,,,,,,,,,,
,,,,"Piso en calle de Entrepeñas, Ensanche de Vallecas - La Gavia, Madrid",€425.000,,,,,,,,,,,,,,,,,,,,,,,
,,,,"Piso en calle de Ercilla, Acacias, Madrid",€485.000,,,,,,,,,,,,,,,,,,,,,,,
,,,,"Piso en calle de Ernestina Manuel de Villena, 6, Moscardó, Madrid",€131.000,,,,,,,,,,,,,,,,,,,,,,,
,,,,"Piso en calle de Ernestina Manuel de Villena, Moscardó, Madrid",€131.000,,,,,,,,,,,,,,,,,,,,,,,
,,,,"Piso en calle de Escalona, 91, Aluche, Madrid",€295.000,,,,,,,,,,,,,,,,,,,,,,,
,,,,"Piso en calle de Escalona, Aluche, Madrid",€178.000,,,,,,,,,,,,,,,,,,,,,,,
,,,,"Piso en calle de Escalonilla, 30, Los Cármenes, Madrid",€249.000,,,,,,,,,,,,,,,,,,,,,,,
,,,,"Piso en calle de Escalonilla, Los Cármenes, Madrid",€175.000,,,,,,,,,,,,,,,,,,,,,,,
,,,,"Piso en calle de Espalter, Jerónimos, Madrid",€3.500.000,,,,,,,,,,,,,,,,,,,,,,,
,,,,"Piso en calle de Esparteros, Sol, Madrid",€2.497.000,,,,,,,,,,,,,,,,,,,,,,,
,,,,"Piso en calle de Espoz y Mina, Sol, Madrid",€750.000,,,,,,,,,,,,,,,,,,,,,,,
,,,,"Piso en calle de Espronceda, 20, Nuevos Ministerios-Ríos Rosas, Madrid",€850.000,,,,,,,,,,,,,,,,,,,,,,,
,,,,"Piso en calle de Espronceda, Nuevos Ministerios-Ríos Rosas, Madrid",€1.559.000,,,,,,,,,,,,,,,,,,,,,,,
,,,,"Piso en calle de Esteban Mora, San Pascual, Madrid",€290.000,,,,,,,,,,,,,,,,,,,,,,,
,,,,"Piso en calle de Estocolmo, 31, Rosas, Madrid",€250.000,,,,,,,,,,,,,,,,,,,,,,,
,,,,"Piso en calle de Eugenia de Montijo, 21, Puerta Bonita, Madrid",€255.995,,,,,,,,,,,,,,,,,,,,,,,
,,,,"Piso en calle de Eugenia de Montijo, 51, Puerta Bonita, Madrid",€205.000,,,,,,,,,,,,,,,,,,,,,,,
,,,,"Piso en calle de Eugenia de Montijo, Vista Alegre, Madrid",€245.000,,,,,,,,,,,,,,,,,,,,,,,
,,,,"Piso en calle de Eugenio Salazar, Ciudad Jardín, Madrid",€365.000,,,,,,,,,,,,,,,,,,,,,,,
,,,,"Piso en calle de Eugenio, Ventilla-Almenara, Madrid",€260.000,,,,,,,,,,,,,,,,,,,,,,,
,,,,"Piso en calle de Eusebio Morán, 21, Opañel, Madrid",€209.000,,,,,,,,,,,,,,,,,,,,,,,
,,,,"Piso en calle de Eusebio Morán, 3, Opañel, Madrid",€300.000,,,,,,,,,,,,,,,,,,,,,,,
,,,,"Piso en calle de Evangelina Sobredo Galanes, Valdemarín, Madrid",€2.547.701,,,,,,,,,,,,,,,,,,,,,,,
,,,,"Piso en calle de Ezequiel Solana, 116, Pueblo Nuevo, Madrid",€245.000,,,,,,,,,,,,,,,,,,,,,,,
,,,,"Piso en calle de Ezequiel Solana, 88, Pueblo Nuevo, Madrid",€369.900,,,,,,,,,,,,,,,,,,,,,,,
,,,,"Piso en calle de Fausta Elorz, Moscardó, Madrid",€199.000,,,,,,,,,,,,,,,,,,,,,,,
,,,,"Piso en calle de Federico Moreno Torroba, 1 ---c, Adelfas, Madrid",€1.050.000,,,,,,,,,,,,,,,,,,,,,,,
,,,,"Piso en calle de Federico Moreno Torroba, 1, Adelfas, Madrid",€770.000,,,,,,,,,,,,,,,,,,,,,,,
,,,,"Piso en calle de Federico Moreno Torroba, Adelfas, Madrid",€685.000,,,,,,,,,,,,,,,,,,,,,,,
,,,,"Piso en calle de Felipe Álvarez, Casco Histórico de Vallecas, Madrid",€385.500,,,,,,,,,,,,,,,,,,,,,,,
,,,,"Piso en calle de Felipe Castro, Pradolongo, Madrid",€240.000,,,,,,,,,,,,,,,,,,,,,,,
,,,,"Piso en calle de Felipe III, Sol, Madrid",€1.650.000,,,,,,,,,,,,,,,,,,,,,,,
,,,,"Piso en calle de Felisa Méndez, 12, San Diego, Madrid",€145.000,,,,,,,,,,,,,,,,,,,,,,,
,,,,"Piso en calle de Félix Boix, Nueva España, Madrid",€1.272.000,,,,,,,,,,,,,,,,,,,,,,,
,,,,"Piso en calle de Félix Rodríguez de la Fuente, 83, Media Legua, Madrid",€289.000,,,,,,,,,,,,,,,,,,,,,,,
,,,,"Piso en calle de Félix Rodríguez de la Fuente, Media Legua, Madrid",€909.999,,,,,,,,,,,,,,,,,,,,,,,
,,,,"Piso en calle de Fenelón, Canillejas, Madrid",€310.000,,,,,,,,,,,,,,,,,,,,,,,
,,,,"Piso en calle de Fermín Caballero, La Paz, Madrid",€1.045.000,,,,,,,,,,,,,,,,,,,,,,,
,,,,"Piso en calle de Fermín Caballero, Pilar, Madrid",€700.000,,,,,,,,,,,,,,,,,,,,,,,
,,,,"Piso en calle de Fermin Donaire, Zofío, Madrid",€145.000,,,,,,,,,,,,,,,,,,,,,,,
,,,,"Piso en calle de Fernán González, 28, Goya, Madrid",€1.340.000,,,,,,,,,,,,,,,,,,,,,,,
,,,,"Piso en calle de Fernán González, 52, Ibiza, Madrid",€650.000,,,,,,,,,,,,,,,,,,,,,,,
,,,,"Piso en calle de Fernán González, Goya, Madrid",€18.752.000,,,,,,,,,,,,,,,,,,,,,,,
,,,,"Piso en calle de Fernán González, Ibiza, Madrid",€8.057.000,,,,,,,,,,,,,,,,,,,,,,,
,,,,"Piso en calle de Fernández Caro, 46, Concepción, Madrid",€515.000,,,,,,,,,,,,,,,,,,,,,,,
,,,,"Piso en calle de Fernández Caro, Concepción, Madrid",€1.117.000,,,,,,,,,,,,,,,,,,,,,,,
,,,,"Piso en calle de Fernández de la Hoz, 28, Almagro, Madrid",€599.900,,,,,,,,,,,,,,,,,,,,,,,
,,,,"Piso en calle de Fernández de la Hoz, Almagro, Madrid",€825.000,,,,,,,,,,,,,,,,,,,,,,,
,,,,"Piso en calle de Fernández de los Ríos, 68, Gaztambide, Madrid",€525.000,,,,,,,,,,,,,,,,,,,,,,,
,,,,"Piso en calle de Fernández de los Ríos, Arapiles, Madrid",€700.000,,,,,,,,,,,,,,,,,,,,,,,
,,,,"Piso en calle de Fernández de los Ríos, Gaztambide, Madrid",€995.000,,,,,,,,,,,,,,,,,,,,,,,
,,,,"Piso en calle de Fernando el Católico, 17, Arapiles, Madrid",€960.000,,,,,,,,,,,,,,,,,,,,,,,
,,,,"Piso en calle de Fernando el Católico, 28, Arapiles, Madrid",€770.000,,,,,,,,,,,,,,,,,,,,,,,
,,,,"Piso en calle de Fernando el Católico, Arapiles, Madrid",€6.225.000,,,,,,,,,,,,,,,,,,,,,,,
,,,,"Piso en calle de Fernando el Católico, Gaztambide, Madrid",€1.119.900,,,,,,,,,,,,,,,,,,,,,,,
,,,,"Piso en calle de Fernando el Santo, 25, Almagro, Madrid",€3.050.000,,,,,,,,,,,,,,,,,,,,,,,
,,,,"Piso en calle de Fernando el Santo, Almagro, Madrid",€3.600.000,,,,,,,,,,,,,,,,,,,,,,,
,,,,"Piso en calle de Fernando VI, Chueca-Justicia, Madrid",€3.200.000,,,,,,,,,,,,,,,,,,,,,,,
,,,,"Piso en calle de Fernando VII, 5, Simancas, Madrid",€590.000,,,,,,,,,,,,,,,,,,,,,,,
,,,,"Piso en calle de Fernando VII, Simancas, Madrid",€799.000,,,,,,,,,,,,,,,,,,,,,,,
,,,,"Piso en calle de Ferraz, 40, Argüelles, Madrid",€990.000,,,,,,,,,,,,,,,,,,,,,,,
,,,,"Piso en calle de Ferraz, 44, Argüelles, Madrid",€850.000,,,,,,,,,,,,,,,,,,,,,,,
,,,,"Piso en calle de Ferraz, Argüelles, Madrid",€4.265.000,,,,,,,,,,,,,,,,,,,,,,,
,,,,"Piso en calle de Ferrer del Río, Guindalera, Madrid",€560.000,,,,,,,,,,,,,,,,,,,,,,,
,,,,"Piso en calle de Ferroviarios, Almendrales, Madrid",€315.000,,,,,,,,,,,,,,,,,,,,,,,
,,,,"Piso en calle de Finisterre, 5, La Paz, Madrid",€695.000,,,,,,,,,,,,,,,,,,,,,,,
,,,,"Piso en calle de Finisterre, La Paz, Madrid",€390.000,,,,,,,,,,,,,,,,,,,,,,,
,,,,"Piso en calle de Finlandia, 7, Rosas, Madrid",€296.000,,,,,,,,,,,,,,,,,,,,,,,
,,,,"Piso en calle de Florencio García, 6, Quintana, Madrid",€185.000,,,,,,,,,,,,,,,,,,,,,,,
,,,,"Piso en calle de Florencio García, Quintana, Madrid",€290.000,,,,,,,,,,,,,,,,,,,,,,,
,,,,"Piso en calle de Florencio Llorente, Quintana, Madrid",€359.000,,,,,,,,,,,,,,,,,,,,,,,
,,,,"Piso en calle de Fomento, 23, Palacio, Madrid",€295.000,,,,,,,,,,,,,,,,,,,,,,,
,,,,"Piso en calle de Fomento, Palacio, Madrid",€335.000,,,,,,,,,,,,,,,,,,,,,,,
,,,,"Piso en calle de Fortunata y Jacinta, Cuatro Caminos, Madrid",€650.000,,,,,,,,,,,,,,,,,,,,,,,
,,,,"Piso en calle de Fortuny, 51, Almagro, Madrid",€2.200.000,,,,,,,,,,,,,,,,,,,,,,,
,,,,"Piso en calle de Fortuny, Almagro, Madrid",€12.540.000,,,,,,,,,,,,,,,,,,,,,,,
,,,,"Piso en calle de Fortuny, s/n, Almagro, Madrid",€2.100.000,,,,,,,,,,,,,,,,,,,,,,,
,,,,"Piso en calle de Francisca Moreno, s/n, Goya, Madrid",€815.000,,,,,,,,,,,,,,,,,,,,,,,
,,,,"Piso en calle de Francisco de Rojas, Trafalgar, Madrid",€3.490.000,,,,,,,,,,,,,,,,,,,,,,,
,,,,"Piso en calle de Francisco Fatou, Casco Histórico de Vallecas, Madrid",€176.000,,,,,,,,,,,,,,,,,,,,,,,
,,,,"Piso en calle de Francisco Huesca, Ventas, Madrid",€266.000,,,,,,,,,,,,,,,,,,,,,,,
,,,,"Piso en calle de Francisco José Arroyo, Palomas, Madrid",€1.200.000,,,,,,,,,,,,,,,,,,,,,,,
,,,,"Piso en calle de Francisco Madariaga, 16, Pueblo Nuevo, Madrid",€230.000,,,,,,,,,,,,,,,,,,,,,,,
,,,,"Piso en calle de Francisco Paíno, Abrantes, Madrid",€560.000,,,,,,,,,,,,,,,,,,,,,,,
,,,,"Piso en calle de Francisco Silvela, 44, Guindalera, Madrid",€1.950.000,,,,,,,,,,,,,,,,,,,,,,,
,,,,"Piso en calle de Francisco Silvela, 87, Lista, Madrid",€550.000,,,,,,,,,,,,,,,,,,,,,,,
,,,,"Piso en calle de Francisco Silvela, Guindalera, Madrid",€1.674.000,,,,,,,,,,,,,,,,,,,,,,,
,,,,"Piso en calle de Francisco Silvela, Lista, Madrid",€3.139.900,,,,,,,,,,,,,,,,,,,,,,,
,,,,"Piso en calle de Francos Rodríguez, 102, Valdezarza, Madrid",€350.000,,,,,,,,,,,,,,,,,,,,,,,
,,,,"Piso en calle de Francos Rodríguez, 32, Berruguete, Madrid",€460.000,,,,,,,,,,,,,,,,,,,,,,,
,,,,"Piso en calle de Francos Rodríguez, 94, Valdezarza, Madrid",€260.000,,,,,,,,,,,,,,,,,,,,,,,
,,,,"Piso en calle de Francos Rodríguez, Bellas Vistas, Madrid",€592.000,,,,,,,,,,,,,,,,,,,,,,,
,,,,"Piso en calle de Francos Rodríguez, Berruguete, Madrid",€180.000,,,,,,,,,,,,,,,,,,,,,,,
,,,,"Piso en calle de Fray Bernardino Sahagún, 9, Nueva España, Madrid",€990.000,,,,,,,,,,,,,,,,,,,,,,,
,,,,"Piso en calle de Fray Ceferino González, Lavapiés-Embajadores, Madrid",€260.000,,,,,,,,,,,,,,,,,,,,,,,
,,,,"Piso en calle de Fray José Cerdeiriña, Águilas, Madrid",€336.000,,,,,,,,,,,,,,,,,,,,,,,
,,,,"Piso en calle de Fray José Cerdeiriña, s/n, Águilas, Madrid",€235.000,,,,,,,,,,,,,,,,,,,,,,,
,,,,"Piso en calle de Fuencarral, 106, Chueca-Justicia, Madrid",€1.555.000,,,,,,,,,,,,,,,,,,,,,,,
,,,,"Piso en calle de Fuencarral, 33, Malasaña-Universidad, Madrid",€615.000,,,,,,,,,,,,,,,,,,,,,,,
,,,,"Piso en calle de Fuencarral, 42, Chueca-Justicia, Madrid",€2.158.000,,,,,,,,,,,,,,,,,,,,,,,
,,,,"Piso en calle de Fuencarral, 66, Chueca-Justicia, Madrid",€450.000,,,,,,,,,,,,,,,,,,,,,,,
,,,,"Piso en calle de Fuencarral, Chueca-Justicia, Madrid",€26.791.000,,,,,,,,,,,,,,,,,,,,,,,
,,,,"Piso en calle de Fuencarral, Malasaña-Universidad, Madrid",€5.650.000,,,,,,,,,,,,,,,,,,,,,,,
,,,,"Piso en calle de Fuentespina, Santa Eugenia, Madrid",€360.000,,,,,,,,,,,,,,,,,,,,,,,
,,,,"Piso en calle de Fuentidueña, Casco Histórico de Vallecas, Madrid",€235.000,,,,,,,,,,,,,,,,,,,,,,,
,,,,"Piso en calle de Gabino Jimeno, Moscardó, Madrid",€340.000,,,,,,,,,,,,,,,,,,,,,,,
,,,,"Piso en calle de Gabriel Lobo, s/n, El Viso, Madrid",€1.070.000,,,,,,,,,,,,,,,,,,,,,,,
,,,,"Piso en calle de Gabriel Ruiz, 1, Pradolongo, Madrid",€95.900,,,,,,,,,,,,,,,,,,,,,,,
,,,,"Piso en calle de Gabriela Mistral, s/n, Peñagrande, Madrid",€1.100.000,,,,,,,,,,,,,,,,,,,,,,,
,,,,"Piso en calle de Gainza, Orcasitas, Madrid",€235.000,,,,,,,,,,,,,,,,,,,,,,,
,,,,"Piso en calle de Galicia, Campamento, Madrid",€167.500,,,,,,,,,,,,,,,,,,,,,,,
,,,,"Piso en calle de Galileo, Arapiles, Madrid",€520.000,,,,,,,,,,,,,,,,,,,,,,,
,,,,"Piso en calle de Gallur, 1105, Los Cármenes, Madrid",€112.000,,,,,,,,,,,,,,,,,,,,,,,
,,,,"Piso en calle de Gallur, 419, Los Cármenes, Madrid",€85.000,,,,,,,,,,,,,,,,,,,,,,,
,,,,"Piso en calle de Gallur, Los Cármenes, Madrid",€115.600,,,,,,,,,,,,,,,,,,,,,,,
,,,,"Piso en calle de Gallur, s/n, Los Cármenes, Madrid",€173.000,,,,,,,,,,,,,,,,,,,,,,,
,,,,"Piso en calle de Ganímedes, Valdemarín, Madrid",€1.200.000,,,,,,,,,,,,,,,,,,,,,,,
,,,,"Piso en calle de García de Paredes, 14, Trafalgar, Madrid",€1.500.000,,,,,,,,,,,,,,,,,,,,,,,
,,,,"Piso en calle de García de Paredes, 16, Trafalgar, Madrid",€3.430.000,,,,,,,,,,,,,,,,,,,,,,,
,,,,"Piso en calle de García de Paredes, Almagro, Madrid",€2.300.000,,,,,,,,,,,,,,,,,,,,,,,
,,,,"Piso en calle de García de Paredes, Trafalgar, Madrid",€1.000.000,,,,,,,,,,,,,,,,,,,,,,,
,,,,"Piso en calle de García Luna, Ciudad Jardín, Madrid",€565.000,,,,,,,,,,,,,,,,,,,,,,,
,,,,"Piso en calle de García Salazar, Pueblo Nuevo, Madrid",€230.000,,,,,,,,,,,,,,,,,,,,,,,
,,,,"Piso en calle de Gaztambide, 39, Gaztambide, Madrid",€750.000,,,,,,,,,,,,,,,,,,,,,,,
,,,,"Piso en calle de Gaztambide, Gaztambide, Madrid",€1.500.000,,,,,,,,,,,,,,,,,,,,,,,
,,,,"Piso en calle de Gaztambide, Vallehermoso, Madrid",€760.000,,,,,,,,,,,,,,,,,,,,,,,
,,,,"Piso en calle de Génova, 15, Almagro, Madrid",€1.650.000,,,,,,,,,,,,,,,,,,,,,,,
,,,,"Piso en calle de Génova, Almagro, Madrid",€2.800.000,,,,,,,,,,,,,,,,,,,,,,,
,,,,"Piso en calle de Gerardo Cordón, 36, Ventas, Madrid",€340.000,,,,,,,,,,,,,,,,,,,,,,,
,,,,"Piso en calle de Gerardo Cordón, Ventas, Madrid",€560.000,,,,,,,,,,,,,,,,,,,,,,,
,,,,"Piso en calle de Gerona, 4, Sol, Madrid",€800.000,,,,,,,,,,,,,,,,,,,,,,,
,,,,"Piso en calle de Ginzo de Limia, 36, La Paz, Madrid",€365.000,,,,,,,,,,,,,,,,,,,,,,,
,,,,"Piso en calle de Ginzo de Limia, La Paz, Madrid",€360.000,,,,,,,,,,,,,,,,,,,,,,,
,,,,"Piso en calle de Ginzo de Limia, Pilar, Madrid",€850.000,,,,,,,,,,,,,,,,,,,,,,,
,,,,"Piso en calle de Godella, 103, San Cristóbal, Madrid",€174.000,,,,,,,,,,,,,,,,,,,,,,,
,,,,"Piso en calle de Godella, 115, San Cristóbal, Madrid",€175.000,,,,,,,,,,,,,,,,,,,,,,,
,,,,"Piso en calle de Godella, 132, San Cristóbal, Madrid",€138.000,,,,,,,,,,,,,,,,,,,,,,,
,,,,"Piso en calle de Godella, 197, San Cristóbal, Madrid",€177.000,,,,,,,,,,,,,,,,,,,,,,,
,,,,"Piso en calle de Godella, 95, San Cristóbal, Madrid",€125.000,,,,,,,,,,,,,,,,,,,,,,,
,,,,"Piso en calle de Godella, s/n, San Cristóbal, Madrid",€70.250,,,,,,,,,,,,,,,,,,,,,,,
,,,,"Piso en calle de Godella, San Cristóbal, Madrid",€690.000,,,,,,,,,,,,,,,,,,,,,,,
,,,,"Piso en calle de Gómez de Avellaneda, Pueblo Nuevo, Madrid",€554.000,,,,,,,,,,,,,,,,,,,,,,,
,,,,"Piso en calle de Gómez de Mora, 4, Palacio, Madrid",€530.000,,,,,,,,,,,,,,,,,,,,,,,
,,,,"Piso en calle de Gomeznarro, Canillas, Madrid",€217.500,,,,,,,,,,,,,,,,,,,,,,,
,,,,"Piso en calle de González Feito, 12 de Octubre-Orcasur, Madrid",€141.000,,,,,,,,,,,,,,,,,,,,,,,
,,,,"Piso en calle de Gonzalo de Berceo, Pueblo Nuevo, Madrid",€345.000,,,,,,,,,,,,,,,,,,,,,,,
,,,,"Piso en calle de Gonzalo de Córdoba, 20, Trafalgar, Madrid",€880.000,,,,,,,,,,,,,,,,,,,,,,,
,,,,"Piso en calle de Gonzalo de Córdoba, s/n, Trafalgar, Madrid",€549.000,,,,,,,,,,,,,,,,,,,,,,,
,,,,"Piso en calle de Gonzalo de Córdoba, Trafalgar, Madrid",€1.575.000,,,,,,,,,,,,,,,,,,,,,,,
,,,,"Piso en calle de Gonzalo Herrero, Valdeacederas, Madrid",€239.000,,,,,,,,,,,,,,,,,,,,,,,
,,,,"Piso en calle de Goya, 107, Goya, Madrid",€2.350.000,,,,,,,,,,,,,,,,,,,,,,,
,,,,"Piso en calle de Goya, 131, Goya, Madrid",€1.590.000,,,,,,,,,,,,,,,,,,,,,,,
,,,,"Piso en calle de Goya, 135, Goya, Madrid",€3.600.000,,,,,,,,,,,,,,,,,,,,,,,
,,,,"Piso en calle de Goya, 25, Recoletos, Madrid",€5.050.000,,,,,,,,,,,,,,,,,,,,,,,
,,,,"Piso en calle de Goya, Goya, Madrid",€38.640.000,,,,,,,,,,,,,,,,,,,,,,,
,,,,"Piso en calle de Goya, Recoletos, Madrid",€5.099.000,,,,,,,,,,,,,,,,,,,,,,,
,,,,"Piso en calle de Goya, s/n, Goya, Madrid",€2.900.000,,,,,,,,,,,,,,,,,,,,,,,
,,,,"Piso en calle de Granada, 22, Pacífico, Madrid",€410.000,,,,,,,,,,,,,,,,,,,,,,,
,,,,"Piso en calle de Granada, Pacífico, Madrid",€320.000,,,,,,,,,,,,,,,,,,,,,,,
,,,,"Piso en calle de Gravina, 13, Chueca-Justicia, Madrid",€890.000,,,,,,,,,,,,,,,,,,,,,,,
,,,,"Piso en calle de Gregorio Donas, 12, Pueblo Nuevo, Madrid",€410.000,,,,,,,,,,,,,,,,,,,,,,,
,,,,"Piso en calle de Gregorio Donas, Pueblo Nuevo, Madrid",€410.000,,,,,,,,,,,,,,,,,,,,,,,
,,,,"Piso en calle de Gregorio Navas, San Diego, Madrid",€260.000,,,,,,,,,,,,,,,,,,,,,,,
,,,,"Piso en calle de Gregorio Ortiz, 13, Villaverde Alto, Madrid",€70.900,,,,,,,,,,,,,,,,,,,,,,,
,,,,"Piso en calle de Guadalajara, 5, Palomas, Madrid",€765.000,,,,,,,,,,,,,,,,,,,,,,,
,,,,"Piso en calle de Guadalajara, Palomas, Madrid",€765.000,,,,,,,,,,,,,,,,,,,,,,,
,,,,"Piso en calle de Guatemala, 5, Nueva España, Madrid",€560.000,,,,,,,,,,,,,,,,,,,,,,,
,,,,"Piso en calle de Guetaria, Orcasitas, Madrid",€378.000,,,,,,,,,,,,,,,,,,,,,,,
,,,,"Piso en calle de Guillén de Castro, s/n, Pueblo Nuevo, Madrid",€450.000,,,,,,,,,,,,,,,,,,,,,,,
,,,,"Piso en calle de Guillermo de Osma, Chopera, Madrid",€325.000,,,,,,,,,,,,,,,,,,,,,,,
,,,,"Piso en calle de Guisando, Ciudad Universitaria, Madrid",€2.800.000,,,,,,,,,,,,,,,,,,,,,,,
,,,,"Piso en calle de Gumersindo Azcárate, 35, Moscardó, Madrid",€173.000,,,,,,,,,,,,,,,,,,,,,,,
,,,,"Piso en calle de Gustavo Pérez Puig, Valdebebas - Valdefuentes, Madrid",€895.000,,,,,,,,,,,,,,,,,,,,,,,
,,,,"Piso en calle de Gutierre de Cetina, 84, Pueblo Nuevo, Madrid",€399.000,,,,,,,,,,,,,,,,,,,,,,,
,,,,"Piso en calle de Gutierre de Cetina, Pueblo Nuevo, Madrid",€210.000,,,,,,,,,,,,,,,,,,,,,,,
,,,,"Piso en calle de Guzmán el Bueno, 83, Gaztambide, Madrid",€475.000,,,,,,,,,,,,,,,,,,,,,,,
,,,,"Piso en calle de Guzmán el Bueno, Gaztambide, Madrid",€3.770.000,,,,,,,,,,,,,,,,,,,,,,,
,,,,"Piso en calle de Hartzenbusch, Trafalgar, Madrid",€820.000,,,,,,,,,,,,,,,,,,,,,,,
,,,,"Piso en calle de Herminio Puertas, 47, Puerta del Ángel, Madrid",€345.000,,,,,,,,,,,,,,,,,,,,,,,
,,,,"Piso en calle de Herminio Puertas, Puerta del Ángel, Madrid",€228.000,,,,,,,,,,,,,,,,,,,,,,,
,,,,"Piso en calle de Hermosilla, 100, Goya, Madrid",€2.600.000,,,,,,,,,,,,,,,,,,,,,,,
,,,,"Piso en calle de Hermosilla, 101, Goya, Madrid",€1.479.000,,,,,,,,,,,,,,,,,,,,,,,
,,,,"Piso en calle de Hermosilla, 104, Goya, Madrid",€2.618.000,,,,,,,,,,,,,,,,,,,,,,,
,,,,"Piso en calle de Hermosilla, 117, Goya, Madrid",€1.150.000,,,,,,,,,,,,,,,,,,,,,,,
,,,,"Piso en calle de Hermosilla, 121, Goya, Madrid",€1.839.000,,,,,,,,,,,,,,,,,,,,,,,
,,,,"Piso en calle de Hermosilla, Fuente del Berro, Madrid",€1.650.000,,,,,,,,,,,,,,,,,,,,,,,
,,,,"Piso en calle de Hermosilla, Goya, Madrid",€48.314.800,,,,,,,,,,,,,,,,,,,,,,,
,,,,"Piso en calle de Hermosilla, Recoletos, Madrid",€33.140.000,,,,,,,,,,,,,,,,,,,,,,,
,,,,"Piso en calle de Hernani, 43, Cuatro Caminos, Madrid",€425.000,,,,,,,,,,,,,,,,,,,,,,,
,,,,"Piso en calle de Hernani, Cuatro Caminos, Madrid",€2.255.000,,,,,,,,,,,,,,,,,,,,,,,
,,,,"Piso en calle de Higinio Rodríguez, 30, Palomeras Bajas, Madrid",€225.000,,,,,,,,,,,,,,,,,,,,,,,
,,,,"Piso en calle de Higinio Rodríguez, Palomeras Bajas, Madrid",€275.000,,,,,,,,,,,,,,,,,,,,,,,
,,,,"Piso en calle de Hilarión Eslava, Gaztambide, Madrid",€14.046.000,,,,,,,,,,,,,,,,,,,,,,,
,,,,"Piso en calle de Hinojosa del Duque, Hellín, Madrid",€399.000,,,,,,,,,,,,,,,,,,,,,,,
,,,,"Piso en calle de Hortaleza, 116, Chueca-Justicia, Madrid",€2.175.000,,,,,,,,,,,,,,,,,,,,,,,
,,,,"Piso en calle de Hortaleza, 28, Chueca-Justicia, Madrid",€1.100.000,,,,,,,,,,,,,,,,,,,,,,,
,,,,"Piso en calle de Hortaleza, 57, Chueca-Justicia, Madrid",€1.090.000,,,,,,,,,,,,,,,,,,,,,,,
,,,,"Piso en calle de Hortaleza, 62, Chueca-Justicia, Madrid",€1.900.000,,,,,,,,,,,,,,,,,,,,,,,
,,,,"Piso en calle de Hortaleza, Chueca-Justicia, Madrid",€10.133.800,,,,,,,,,,,,,,,,,,,,,,,
,,,,"Piso en calle de Ibiza, 74, Ibiza, Madrid",€830.000,,,,,,,,,,,,,,,,,,,,,,,
,,,,"Piso en calle de Ibiza, Ibiza, Madrid",€9.027.500,,,,,,,,,,,,,,,,,,,,,,,
,,,,"Piso en calle de Ilustración, 14, Argüelles, Madrid",€659.000,,,,,,,,,,,,,,,,,,,,,,,
,,,,"Piso en calle de Ilustración, 19, Argüelles, Madrid",€226.550,,,,,,,,,,,,,,,,,,,,,,,
,,,,"Piso en calle de Ilustración, 2, Argüelles, Madrid",€370.000,,,,,,,,,,,,,,,,,,,,,,,
,,,,"Piso en calle de Ilustración, 3, Argüelles, Madrid",€299.500,,,,,,,,,,,,,,,,,,,,,,,
,,,,"Piso en calle de Ilustración, Argüelles, Madrid",€3.263.000,,,,,,,,,,,,,,,,,,,,,,,
,,,,"Piso en calle de Indalecio Fernández, 12 de Octubre-Orcasur, Madrid",€449.000,,,,,,,,,,,,,,,,,,,,,,,
,,,,"Piso en calle de Iriarte, Guindalera, Madrid",€1.226.000,,,,,,,,,,,,,,,,,,,,,,,
,,,,"Piso en calle de Irún, Argüelles, Madrid",€635.000,,,,,,,,,,,,,,,,,,,,,,,
,,,,"Piso en calle de Isaac Peral, Gaztambide, Madrid",€2.740.000,,,,,,,,,,,,,,,,,,,,,,,
,,,,"Piso en calle de Isaac Peral, Vallehermoso, Madrid",€680.000,,,,,,,,,,,,,,,,,,,,,,,
,,,,"Piso en calle de Isabel Clara Eugenia, 62, Sanchinarro, Madrid",€445.000,,,,,,,,,,,,,,,,,,,,,,,
,,,,"Piso en calle de Isabel Colbrand, 16, Las Tablas, Madrid",€839.000,,,,,,,,,,,,,,,,,,,,,,,
,,,,"Piso en calle de Isabel Colbrand, Las Tablas, Madrid",€700.000,,,,,,,,,,,,,,,,,,,,,,,
,,,,"Piso en calle de Isabel la Católica, 11, Palacio, Madrid",€355.063,,,,,,,,,,,,,,,,,,,,,,,
,,,,"Piso en calle de Isabel la Católica, 13, Palacio, Madrid",€829.000,,,,,,,,,,,,,,,,,,,,,,,
,,,,"Piso en calle de Isabel la Católica, Palacio, Madrid",€6.270.000,,,,,,,,,,,,,,,,,,,,,,,
,,,,"Piso en calle de Isidro Fernández, Tres Olivos - Valverde, Madrid",€500.000,,,,,,,,,,,,,,,,,,,,,,,
,,,,"Piso en calle de Jacinto Verdaguer, 20, Opañel, Madrid",€368.000,,,,,,,,,,,,,,,,,,,,,,,
,,,,"Piso en calle de Jacinto Verdaguer, Opañel, Madrid",€1.470.000,,,,,,,,,,,,,,,,,,,,,,,
,,,,"Piso en calle de Jacometrezo, 15, Sol, Madrid",€839.000,,,,,,,,,,,,,,,,,,,,,,,
,,,,"Piso en calle de Jacometrezo, Sol, Madrid",€1.049.000,,,,,,,,,,,,,,,,,,,,,,,
,,,,"Piso en calle de Jadraque, 15, Portazgo, Madrid",€215.000,,,,,,,,,,,,,,,,,,,,,,,
,,,,"Piso en calle de Jaén, 11, Cuatro Caminos, Madrid",€296.000,,,,,,,,,,,,,,,,,,,,,,,
,,,,"Piso en calle de Jaén, 2, Cuatro Caminos, Madrid",€725.000,,,,,,,,,,,,,,,,,,,,,,,
,,,,"Piso en calle de Jaime el Conquistador, 15, Chopera, Madrid",€638.000,,,,,,,,,,,,,,,,,,,,,,,
,,,,"Piso en calle de Jaime el Conquistador, 24, Chopera, Madrid",€390.000,,,,,,,,,,,,,,,,,,,,,,,
,,,,"Piso en calle de Jaime el Conquistador, Chopera, Madrid",€509.000,,,,,,,,,,,,,,,,,,,,,,,
,,,,"Piso en calle de Játiva, Adelfas, Madrid",€670.000,,,,,,,,,,,,,,,,,,,,,,,
,,,,"Piso en calle de javier de miguel, 25, Palomeras Bajas, Madrid",€245.000,,,,,,,,,,,,,,,,,,,,,,,
,,,,"Piso en calle de Javier de Miguel, Palomeras Bajas, Madrid",€534.000,,,,,,,,,,,,,,,,,,,,,,,
,,,,"Piso en calle de Javier Ferrero, Ciudad Jardín, Madrid",€1.060.000,,,,,,,,,,,,,,,,,,,,,,,
,,,,"Piso en calle de Jenner, Almagro, Madrid",€6.350.000,,,,,,,,,,,,,,,,,,,,,,,
,,,,"Piso en calle de Jerónima Llorente, Bellas Vistas, Madrid",€413.890,,,,,,,,,,,,,,,,,,,,,,,
,,,,"Piso en calle de Jesús de Polanco, 10, Peñagrande, Madrid",€800.000,,,,,,,,,,,,,,,,,,,,,,,
,,,,"Piso en calle de Jesús de Polanco, Peñagrande, Madrid",€1.569.000,,,,,,,,,,,,,,,,,,,,,,,
,,,,"Piso en calle de Jesús del Pino, Casco Histórico de Vallecas, Madrid",€171.050,,,,,,,,,,,,,,,,,,,,,,,
,,,,"Piso en calle de Jesús del Valle, 31, Malasaña-Universidad, Madrid",€425.000,,,,,,,,,,,,,,,,,,,,,,,
,,,,"Piso en calle de Jesús y María, Lavapiés-Embajadores, Madrid",€1.118.890,,,,,,,,,,,,,,,,,,,,,,,
,,,,"Piso en calle de Joaquín Costa, El Viso, Madrid",€4.950.000,,,,,,,,,,,,,,,,,,,,,,,
,,,,"Piso en calle de Joaquín Lorenzo, 19, Peñagrande, Madrid",€599.000,,,,,,,,,,,,,,,,,,,,,,,
,,,,"Piso en calle de Joaquín María López, Arapiles, Madrid",€1.646.900,,,,,,,,,,,,,,,,,,,,,,,
,,,,"Piso en calle de Joaquín María López, Gaztambide, Madrid",€2.209.000,,,,,,,,,,,,,,,,,,,,,,,
,,,,"Piso en calle de Joaquín Turina, Buena Vista, Madrid",€530.000,,,,,,,,,,,,,,,,,,,,,,,
,,,,"Piso en calle de Jordi Solé Tura, Valdebebas - Valdefuentes, Madrid",€820.000,,,,,,,,,,,,,,,,,,,,,,,
,,,,"Piso en calle de Jorge Juan, 125, Goya, Madrid",€1.165.000,,,,,,,,,,,,,,,,,,,,,,,
,,,,"Piso en calle de Jorge Juan, 129, Goya, Madrid",€750.000,,,,,,,,,,,,,,,,,,,,,,,
,,,,"Piso en calle de Jorge Juan, 98, Goya, Madrid",€2.709.800,,,,,,,,,,,,,,,,,,,,,,,
,,,,"Piso en calle de Jorge Juan, Fuente del Berro, Madrid",€300.000,,,,,,,,,,,,,,,,,,,,,,,
,,,,"Piso en calle de Jorge Juan, Goya, Madrid",€28.238.850,,,,,,,,,,,,,,,,,,,,,,,
,,,,"Piso en calle de Jorge Juan, Recoletos, Madrid",€16.110.000,,,,,,,,,,,,,,,,,,,,,,,
,,,,"Piso en calle de Jorge Juan, s/n, Recoletos, Madrid",€1.300.000,,,,,,,,,,,,,,,,,,,,,,,
,,,,"Piso en calle de José Abascal, Almagro, Madrid",€8.780.000,,,,,,,,,,,,,,,,,,,,,,,
,,,,"Piso en calle de José Abascal, Nuevos Ministerios-Ríos Rosas, Madrid",€7.460.000,,,,,,,,,,,,,,,,,,,,,,,
,,,,"Piso en calle de José Anduiza, Tres Olivos - Valverde, Madrid",€187.000,,,,,,,,,,,,,,,,,,,,,,,
,,,,"Piso en calle de José Anespere, Moscardó, Madrid",€165.000,,,,,,,,,,,,,,,,,,,,,,,
,,,,"Piso en calle de José Arcones Gil, Pueblo Nuevo, Madrid",€2.481.700,,,,,,,,,,,,,,,,,,,,,,,
,,,,"Piso en calle de José Barbastre, 6, Ventas, Madrid",€369.900,,,,,,,,,,,,,,,,,,,,,,,
,,,,"Piso en calle de José Barbastre, Ventas, Madrid",€315.000,,,,,,,,,,,,,,,,,,,,,,,
,,,,"Piso en calle de José Bergamín, 36, Marroquina, Madrid",€398.000,,,,,,,,,,,,,,,,,,,,,,,
,,,,"Piso en calle de José de Cadalso, s/n, Águilas, Madrid",€250.000,,,,,,,,,,,,,,,,,,,,,,,
,,,,"Piso en calle de José del Hierro, Quintana, Madrid",€760.000,,,,,,,,,,,,,,,,,,,,,,,
,,,,"Piso en calle de José del Pino Jiménez, Villaverde Alto, Madrid",€151.000,,,,,,,,,,,,,,,,,,,,,,,
,,,,"Piso en calle de José Donoso, 4, Sanchinarro, Madrid",€1.429.000,,,,,,,,,,,,,,,,,,,,,,,
,,,,"Piso en calle de José María Fernández Lanseros, 3, Ventas, Madrid",€499.000,,,,,,,,,,,,,,,,,,,,,,,
,,,,"Piso en calle de José María Pemán, San Isidro, Madrid",€215.000,,,,,,,,,,,,,,,,,,,,,,,
,,,,"Piso en calle de José Ortega y Gasset, 45, Lista, Madrid",€675.000,,,,,,,,,,,,,,,,,,,,,,,
,,,,"Piso en calle de José Ortega y Gasset, 94, Lista, Madrid",€950.000,,,,,,,,,,,,,,,,,,,,,,,
,,,,"Piso en calle de José Ortega y Gasset, Castellana, Madrid",€36.600.000,,,,,,,,,,,,,,,,,,,,,,,
,,,,"Piso en calle de José Ortega y Gasset, Lista, Madrid",€9.328.000,,,,,,,,,,,,,,,,,,,,,,,
,,,,"Piso en calle de José Ortega y Gasset, s/n, Castellana, Madrid",€2.000.000,,,,,,,,,,,,,,,,,,,,,,,
,,,,"Piso en calle de José Paulete, Numancia, Madrid",€285.000,,,,,,,,,,,,,,,,,,,,,,,
,,,,"Piso en calle de José Rizal, Conde Orgaz-Piovera, Madrid",€2.070.000,,,,,,,,,,,,,,,,,,,,,,,
,,,,"Piso en calle de Josefa Díaz, Numancia, Madrid",€280.000,,,,,,,,,,,,,,,,,,,,,,,
,,,,"Piso en calle de Josefa Valcárcel, San Pascual, Madrid",€590.000,,,,,,,,,,,,,,,,,,,,,,,
,,,,"Piso en calle de Josué Lillo, San Diego, Madrid",€210.000,,,,,,,,,,,,,,,,,,,,,,,
,,,,"Piso en calle de Juan Álvarez Mendizábal, 49, Argüelles, Madrid",€370.000,,,,,,,,,,,,,,,,,,,,,,,
,,,,"Piso en calle de Juan Álvarez Mendizábal, 6, Argüelles, Madrid",€476.000,,,,,,,,,,,,,,,,,,,,,,,
,,,,"Piso en calle de Juan Álvarez Mendizábal, Argüelles, Madrid",€585.000,,,,,,,,,,,,,,,,,,,,,,,
,,,,"Piso en calle de Juan Boscán, 48, Pueblo Nuevo, Madrid",€164.900,,,,,,,,,,,,,,,,,,,,,,,
,,,,"Piso en calle de Juan Bravo, 10, Castellana, Madrid",€4.850.000,,,,,,,,,,,,,,,,,,,,,,,
,,,,"Piso en calle de Juan Bravo, 3, Castellana, Madrid",€899.000,,,,,,,,,,,,,,,,,,,,,,,
,,,,"Piso en calle de Juan Bravo, 51 b, Lista, Madrid",€2.500.000,,,,,,,,,,,,,,,,,,,,,,,
,,,,"Piso en calle de Juan Bravo, 69, Lista, Madrid",€435.000,,,,,,,,,,,,,,,,,,,,,,,
,,,,"Piso en calle de Juan Bravo, Castellana, Madrid",€1.300.000,,,,,,,,,,,,,,,,,,,,,,,
,,,,"Piso en calle de Juan Bravo, Lista, Madrid",€12.933.999,,,,,,,,,,,,,,,,,,,,,,,
,,,,"Piso en calle de Juan de Juanes, 3, Adelfas, Madrid",€1.320.000,,,,,,,,,,,,,,,,,,,,,,,
,,,,"Piso en calle de Juan de Mariana, 2, Delicias, Madrid",€565.000,,,,,,,,,,,,,,,,,,,,,,,
,,,,"Piso en calle de Juan de Mena, Jerónimos, Madrid",€2.500.000,,,,,,,,,,,,,,,,,,,,,,,
,,,,"Piso en calle de Juan de Olías, Cuatro Caminos, Madrid",€350.000,,,,,,,,,,,,,,,,,,,,,,,
,,,,"Piso en calle de Juan de Urbieta, 16, Pacífico, Madrid",€235.000,,,,,,,,,,,,,,,,,,,,,,,
,,,,"Piso en calle de Juan de Urbieta, 63, Niño Jesús, Madrid",€1.700.000,,,,,,,,,,,,,,,,,,,,,,,
,,,,"Piso en calle de Juan de Urbieta, Pacífico, Madrid",€465.000,,,,,,,,,,,,,,,,,,,,,,,
,,,,"Piso en calle de Juan de Vera, 4, Delicias, Madrid",€256.400,,,,,,,,,,,,,,,,,,,,,,,
,,,,"Piso en calle de Juan Duque, Imperial, Madrid",€320.000,,,,,,,,,,,,,,,,,,,,,,,
,,,,"Piso en calle de Juan Español, 34, Moscardó, Madrid",€269.000,,,,,,,,,,,,,,,,,,,,,,,
,,,,"Piso en calle de Juan Español, Moscardó, Madrid",€235.000,,,,,,,,,,,,,,,,,,,,,,,
,,,,"Piso en calle de Juan Hurtado de Mendoza, 5, Nueva España, Madrid",€475.000,,,,,,,,,,,,,,,,,,,,,,,
,,,,"Piso en calle de Juan Montalvo, Ciudad Universitaria, Madrid",€1.634.000,,,,,,,,,,,,,,,,,,,,,,,
,,,,"Piso en calle de Juan Navarro, 26, San Diego, Madrid",€200.000,,,,,,,,,,,,,,,,,,,,,,,
,,,,"Piso en calle de Juan Portas, Palomeras Bajas, Madrid",€159.000,,,,,,,,,,,,,,,,,,,,,,,
,,,,"Piso en calle de Juan Ramón Jiménez, 8, Bernabéu-Hispanoamérica, Madrid",€750.000,,,,,,,,,,,,,,,,,,,,,,,
,,,,"Piso en calle de Juan Ramón Jiménez, Bernabéu-Hispanoamérica, Madrid",€1.195.000,,,,,,,,,,,,,,,,,,,,,,,
,,,,"Piso en calle de Juan Tornero, Puerta del Ángel, Madrid",€829.000,,,,,,,,,,,,,,,,,,,,,,,
,,,,"Piso en calle de Juan Valera, Jerónimos, Madrid",€525.000,,,,,,,,,,,,,,,,,,,,,,,
,,,,"Piso en calle de Juanelo, Lavapiés-Embajadores, Madrid",€400.000,,,,,,,,,,,,,,,,,,,,,,,
,,,,"Piso en calle de Julia García Boután, Rosas, Madrid",€690.000,,,,,,,,,,,,,,,,,,,,,,,
,,,,"Piso en calle de Julia Mediavilla, 42, San Diego, Madrid",€230.000,,,,,,,,,,,,,,,,,,,,,,,
,,,,"Piso en calle de Julián Besteiro, 19, Cuatro Caminos, Madrid",€720.000,,,,,,,,,,,,,,,,,,,,,,,
,,,,"Piso en calle de Julián Besteiro, Cuatro Caminos, Madrid",€600.000,,,,,,,,,,,,,,,,,,,,,,,
,,,,"Piso en calle de Julián Rabanedo, Legazpi, Madrid",€290.000,,,,,,,,,,,,,,,,,,,,,,,
,,,,"Piso en calle de Julio López, Prosperidad, Madrid",€380.000,,,,,,,,,,,,,,,,,,,,,,,
,,,,"Piso en calle de Julio Palacios, 17, La Paz, Madrid",€750.000,,,,,,,,,,,,,,,,,,,,,,,
,,,,"Piso en calle de Julio Palacios, La Paz, Madrid",€1.770.000,,,,,,,,,,,,,,,,,,,,,,,
,,,,"Piso en calle de la Abada, Sol, Madrid",€2.200.000,,,,,,,,,,,,,,,,,,,,,,,
,,,,"Piso en calle de la Academia, 10, Jerónimos, Madrid",€950.000,,,,,,,,,,,,,,,,,,,,,,,
,,,,"Piso en calle de la Academia, Jerónimos, Madrid",€5.350.000,,,,,,,,,,,,,,,,,,,,,,,
,,,,"Piso en calle de la Aduana, Sol, Madrid",€290.000,,,,,,,,,,,,,,,,,,,,,,,
,,,,"Piso en calle de la Alameda, Huertas-Cortes, Madrid",€4.130.000,,,,,,,,,,,,,,,,,,,,,,,
,,,,"Piso en calle de la Alegría, 1, Puerta Bonita, Madrid",€230.000,,,,,,,,,,,,,,,,,,,,,,,
,,,,"Piso en calle de la Alegría, 3, Puerta Bonita, Madrid",€230.000,,,,,,,,,,,,,,,,,,,,,,,
,,,,"Piso en calle de la Alfalfa, 30, Valdeacederas, Madrid",€240.000,,,,,,,,,,,,,,,,,,,,,,,
,,,,"Piso en calle de la Alfalfa, 6, Valdeacederas, Madrid",€336.000,,,,,,,,,,,,,,,,,,,,,,,
,,,,"Piso en calle de la Alfalfa, Valdeacederas, Madrid",€250.000,,,,,,,,,,,,,,,,,,,,,,,
,,,,"Piso en calle de la Alhambra, Los Cármenes, Madrid",€118.000,,,,,,,,,,,,,,,,,,,,,,,
,,,,"Piso en calle de la Alhambra, Lucero, Madrid",€275.000,,,,,,,,,,,,,,,,,,,,,,,
,,,,"Piso en calle de la Alhambra, s/n, Lucero, Madrid",€118.000,,,,,,,,,,,,,,,,,,,,,,,
,,,,"Piso en calle de la Alianza, Los Rosales, Madrid",€313.000,,,,,,,,,,,,,,,,,,,,,,,
,,,,"Piso en calle de la Amnistía, 12, Palacio, Madrid",€2.800.000,,,,,,,,,,,,,,,,,,,,,,,
,,,,"Piso en calle de la Avicultura, Hellín, Madrid",€147.000,,,,,,,,,,,,,,,,,,,,,,,
,,,,"Piso en calle de la Bahía de Cádiz, Campo de las Naciones-Corralejos, Madrid",€575.000,,,,,,,,,,,,,,,,,,,,,,,
,,,,"Piso en calle de la Ballesta, 20, Malasaña-Universidad, Madrid",€399.000,,,,,,,,,,,,,,,,,,,,,,,
,,,,"Piso en calle de la Ballesta, Malasaña-Universidad, Madrid",€3.102.000,,,,,,,,,,,,,,,,,,,,,,,
,,,,"Piso en calle de La Bañeza, Peñagrande, Madrid",€1.275.000,,,,,,,,,,,,,,,,,,,,,,,
,,,,"Piso en calle de La Bañeza, Pilar, Madrid",€985.000,,,,,,,,,,,,,,,,,,,,,,,
,,,,"Piso en calle de la Buganvilla, Castilla, Madrid",€1.610.000,,,,,,,,,,,,,,,,,,,,,,,
,,,,"Piso en calle de la Cabeza, 46, Lavapiés-Embajadores, Madrid",€259.000,,,,,,,,,,,,,,,,,,,,,,,
,,,,"Piso en calle de la Cabeza, Lavapiés-Embajadores, Madrid",€875.000,,,,,,,,,,,,,,,,,,,,,,,
,,,,"Piso en calle de la Cal, 15, 12 de Octubre-Orcasur, Madrid",€418.000,,,,,,,,,,,,,,,,,,,,,,,
,,,,"Piso en calle de la Carpintería, 11, Amposta, Madrid",€159.900,,,,,,,,,,,,,,,,,,,,,,,
,,,,"Piso en calle de la Cava Alta, 15, Palacio, Madrid",€535.000,,,,,,,,,,,,,,,,,,,,,,,
,,,,"Piso en calle de la Cava Alta, Palacio, Madrid",€3.960.000,,,,,,,,,,,,,,,,,,,,,,,
,,,,"Piso en calle de la Cava Baja, 32, Palacio, Madrid",€824.990,,,,,,,,,,,,,,,,,,,,,,,
,,,,"Piso en calle de la Cava Baja, Palacio, Madrid",€3.830.000,,,,,,,,,,,,,,,,,,,,,,,
,,,,"Piso en calle De La Ciudadanía, Los Rosales, Madrid",€300.000,,,,,,,,,,,,,,,,,,,,,,,
,,,,"Piso en calle de la Colegiata, 16, Lavapiés-Embajadores, Madrid",€1.550.000,,,,,,,,,,,,,,,,,,,,,,,
,,,,"Piso en calle de la Colegiata, 7, Lavapiés-Embajadores, Madrid",€660.000,,,,,,,,,,,,,,,,,,,,,,,
,,,,"Piso en calle de la Colegiata, Lavapiés-Embajadores, Madrid",€2.550.000,,,,,,,,,,,,,,,,,,,,,,,
,,,,"Piso en calle de la Colonia Erillas, San Diego, Madrid",€239.500,,,,,,,,,,,,,,,,,,,,,,,
,,,,"Piso en calle de la coma, 7, Peñagrande, Madrid",€340.000,,,,,,,,,,,,,,,,,,,,,,,
,,,,"Piso en calle de la Condesa de Venadito, 6 y 8, San Pascual, Madrid",€950.000,,,,,,,,,,,,,,,,,,,,,,,
,,,,"Piso en calle de la Condesa de Venadito, 6, San Pascual, Madrid",€1.691.000,,,,,,,,,,,,,,,,,,,,,,,
,,,,"Piso en calle de la Condesa de Venadito, San Pascual, Madrid",€1.880.000,,,,,,,,,,,,,,,,,,,,,,,
,,,,"Piso en calle de la Constancia, Prosperidad, Madrid",€1.412.000,,,,,,,,,,,,,,,,,,,,,,,
,,,,"Piso en calle de la Constancia, s/n, Prosperidad, Madrid",€345.000,,,,,,,,,,,,,,,,,,,,,,,
,,,,"Piso en calle de la Cordillera de Cuera, 26, San Diego, Madrid",€135.000,,,,,,,,,,,,,,,,,,,,,,,
,,,,"Piso en calle de la Cordillera de Cuera, San Diego, Madrid",€202.000,,,,,,,,,,,,,,,,,,,,,,,
,,,,"Piso en calle de la Corte de Faraón, 16, Los Ángeles, Madrid",€138.000,,,,,,,,,,,,,,,,,,,,,,,
,,,,"Piso en calle de la Corte de Faraón, Los Ángeles, Madrid",€138.000,,,,,,,,,,,,,,,,,,,,,,,
,,,,"Piso en calle de la Coruña, Cuatro Caminos, Madrid",€795.000,,,,,,,,,,,,,,,,,,,,,,,
,,,,"Piso en calle de la Costa Brava, 13, Mirasierra, Madrid",€4.243.000,,,,,,,,,,,,,,,,,,,,,,,
,,,,"Piso en calle de la Costa Brava, 34, Mirasierra, Madrid",€1.529.000,,,,,,,,,,,,,,,,,,,,,,,
,,,,"Piso en calle de la Costa del Sol, Pinar del Rey, Madrid",€259.000,,,,,,,,,,,,,,,,,,,,,,,
,,,,"Piso en calle de la Cruz, 20, Sol, Madrid",€1.660.000,,,,,,,,,,,,,,,,,,,,,,,
,,,,"Piso en calle de la Cruz, Huertas-Cortes, Madrid",€1.155.000,,,,,,,,,,,,,,,,,,,,,,,
,,,,"Piso en calle de la Diligencia, Palomeras Bajas, Madrid",€185.000,,,,,,,,,,,,,,,,,,,,,,,
,,,,"Piso en calle de la Divina Pastora, Tres Olivos - Valverde, Madrid",€209.000,,,,,,,,,,,,,,,,,,,,,,,
,,,,"Piso en calle de la Duquesa de Parcent, Lucero, Madrid",€724.500,,,,,,,,,,,,,,,,,,,,,,,
,,,,"Piso en calle de la Duquesa de Tamames, Buena Vista, Madrid",€74.600,,,,,,,,,,,,,,,,,,,,,,,
,,,,"Piso en calle de la Encomienda de Palacios, 320, Pavones, Madrid",€115.000,,,,,,,,,,,,,,,,,,,,,,,
,,,,"Piso en calle de la Encomienda de Palacios, 4, Fontarrón, Madrid",€232.000,,,,,,,,,,,,,,,,,,,,,,,
,,,,"Piso en calle de la Encomienda de Palacios, Fontarrón, Madrid",€1.380.000,,,,,,,,,,,,,,,,,,,,,,,
,,,,"Piso en calle de la Encomienda de Palacios, Pavones, Madrid",€270.000,,,,,,,,,,,,,,,,,,,,,,,
,,,,"Piso en calle de la Encomienda, 12, Lavapiés-Embajadores, Madrid",€850.000,,,,,,,,,,,,,,,,,,,,,,,
,,,,"Piso en calle de la Encomienda, Lavapiés-Embajadores, Madrid",€694.000,,,,,,,,,,,,,,,,,,,,,,,
,,,,"Piso en calle de la Esfinge, Canillejas, Madrid",€215.000,,,,,,,,,,,,,,,,,,,,,,,
,,,,"Piso en calle de la Espada, 4, Lavapiés-Embajadores, Madrid",€1.000.000,,,,,,,,,,,,,,,,,,,,,,,
,,,,"Piso en calle de la Esperanza, 10, Lavapiés-Embajadores, Madrid",€670.000,,,,,,,,,,,,,,,,,,,,,,,
,,,,"Piso en calle de la Estafeta, San Fermín, Madrid",€175.000,,,,,,,,,,,,,,,,,,,,,,,
,,,,"Piso en calle de la Estrella Polar, Estrella, Madrid",€679.000,,,,,,,,,,,,,,,,,,,,,,,
,,,,"Piso en calle de la Estrella, Malasaña-Universidad, Madrid",€2.032.900,,,,,,,,,,,,,,,,,,,,,,,
,,,,"Piso en calle de la Fe, 3, Lavapiés-Embajadores, Madrid",€296.000,,,,,,,,,,,,,,,,,,,,,,,
,,,,"Piso en calle de la Filósofa Simone Weil, Numancia, Madrid",€245.000,,,,,,,,,,,,,,,,,,,,,,,
,,,,"Piso en calle de la Flor Alta, Malasaña-Universidad, Madrid",€1.800.000,,,,,,,,,,,,,,,,,,,,,,,
,,,,"Piso en calle de la Fuente del Berro, Goya, Madrid",€17.298.000,,,,,,,,,,,,,,,,,,,,,,,
,,,,"Piso en calle de la Galería de Robles, Malasaña-Universidad, Madrid",€950.000,,,,,,,,,,,,,,,,,,,,,,,
,,,,"Piso en calle de la Garganta de Aísa, 34, Numancia, Madrid",€210.000,,,,,,,,,,,,,,,,,,,,,,,
,,,,"Piso en calle de la Grandeza Española, Puerta del Ángel, Madrid",€240.000,,,,,,,,,,,,,,,,,,,,,,,
,,,,"Piso en calle de la Guancha, 10, Pueblo Nuevo, Madrid",€270.000,,,,,,,,,,,,,,,,,,,,,,,
,,,,"Piso en calle de la Guzmania, Valdeacederas, Madrid",€199.000,,,,,,,,,,,,,,,,,,,,,,,
,,,,"Piso en calle de la Hacienda de Pavones, 144, Vinateros, Madrid",€250.000,,,,,,,,,,,,,,,,,,,,,,,
,,,,"Piso en calle de la Hacienda de Pavones, 47, Vinateros, Madrid",€145.000,,,,,,,,,,,,,,,,,,,,,,,
,,,,"Piso en calle de la Hacienda de Pavones, Fontarrón, Madrid",€887.000,,,,,,,,,,,,,,,,,,,,,,,
,,,,"Piso en calle de la Hacienda de Pavones, Vinateros, Madrid",€371.000,,,,,,,,,,,,,,,,,,,,,,,
,,,,"Piso en calle de la Hermandad, Abrantes, Madrid",€367.900,,,,,,,,,,,,,,,,,,,,,,,
,,,,"Piso en calle de la Hierbabuena, 49, Valdeacederas, Madrid",€295.000,,,,,,,,,,,,,,,,,,,,,,,
,,,,"Piso en calle de la Hierbabuena, Berruguete, Madrid",€459.000,,,,,,,,,,,,,,,,,,,,,,,
,,,,"Piso en calle de la Huerta de Castañeda, 44, Lucero, Madrid",€276.000,,,,,,,,,,,,,,,,,,,,,,,
,,,,"Piso en calle de la Huerta de Castañeda, Puerta del Ángel, Madrid",€119.400,,,,,,,,,,,,,,,,,,,,,,,
,,,,"Piso en calle de la Huerta del Bayo, Lavapiés-Embajadores, Madrid",€545.000,,,,,,,,,,,,,,,,,,,,,,,
,,,,"Piso en calle de la Huerta del Convento, Casco Histórico de Vicálvaro, Madrid",€134.500,,,,,,,,,,,,,,,,,,,,,,,
,,,,"Piso en calle de la Huerta del Obispo, Berruguete, Madrid",€475.000,,,,,,,,,,,,,,,,,,,,,,,
,,,,"Piso en calle de la Imagen, 32, San Diego, Madrid",€78.700,,,,,,,,,,,,,,,,,,,,,,,
,,,,"Piso en calle de la Imagen, San Diego, Madrid",€449.900,,,,,,,,,,,,,,,,,,,,,,,
,,,,"Piso en calle de la Infanta Catalina Micaela, Sanchinarro, Madrid",€655.900,,,,,,,,,,,,,,,,,,,,,,,
,,,,"Piso en calle de la Infanta Mercedes, 92, Cuzco-Castillejos, Madrid",€450.000,,,,,,,,,,,,,,,,,,,,,,,
,,,,"Piso en calle de la Infanta Mercedes, Cuatro Caminos, Madrid",€390.000,,,,,,,,,,,,,,,,,,,,,,,
,,,,"Piso en calle de la Infanta Mercedes, Cuzco-Castillejos, Madrid",€450.000,,,,,,,,,,,,,,,,,,,,,,,
,,,,"Piso en calle de la Isla de Oza, 56, Ciudad Universitaria, Madrid",€280.000,,,,,,,,,,,,,,,,,,,,,,,
,,,,"Piso en calle de la Isla de Sumatra, 38, Tres Olivos - Valverde, Madrid",€285.000,,,,,,,,,,,,,,,,,,,,,,,
,,,,"Piso en calle de la Isla de Sumatra, 51, Tres Olivos - Valverde, Madrid",€330.000,,,,,,,,,,,,,,,,,,,,,,,
,,,,"Piso en calle de la Isla de Zanzíbar, Peñagrande, Madrid",€385.000,,,,,,,,,,,,,,,,,,,,,,,
,,,,"Piso en calle de la Joyería, 1, Amposta, Madrid",€155.000,,,,,,,,,,,,,,,,,,,,,,,
,,,,"Piso en calle de la Laguna, Aluche, Madrid",€185.000,,,,,,,,,,,,,,,,,,,,,,,
,,,,"Piso en calle de la Laguna, Vista Alegre, Madrid",€938.900,,,,,,,,,,,,,,,,,,,,,,,
,,,,"Piso en calle de la Liberación, Pinar del Rey, Madrid",€460.000,,,,,,,,,,,,,,,,,,,,,,,
,,,,"Piso en calle de la Libertad, 3, Chueca-Justicia, Madrid",€710.000,,,,,,,,,,,,,,,,,,,,,,,
,,,,"Piso en calle de la Libertad, Chueca-Justicia, Madrid",€5.300.000,,,,,,,,,,,,,,,,,,,,,,,
,,,,"Piso en calle de la Libertad, s/n, Chueca-Justicia, Madrid",€1.224.000,,,,,,,,,,,,,,,,,,,,,,,
,,,,"Piso en calle de la Luna, 24, Malasaña-Universidad, Madrid",€1.420.000,,,,,,,,,,,,,,,,,,,,,,,
,,,,"Piso en calle de la Luna, Malasaña-Universidad, Madrid",€2.154.000,,,,,,,,,,,,,,,,,,,,,,,
,,,,"Piso en calle de la Madera, 59, Malasaña-Universidad, Madrid",€422.000,,,,,,,,,,,,,,,,,,,,,,,
,,,,"Piso en calle de la Madera, 6, Malasaña-Universidad, Madrid",€460.000,,,,,,,,,,,,,,,,,,,,,,,
,,,,"Piso en calle de la Madera, Malasaña-Universidad, Madrid",€2.354.500,,,,,,,,,,,,,,,,,,,,,,,
,,,,"Piso en calle de la Magdalena, 4, Lavapiés-Embajadores, Madrid",€1.235.000,,,,,,,,,,,,,,,,,,,,,,,
,,,,"Piso en calle de la Magdalena, Lavapiés-Embajadores, Madrid",€2.550.000,,,,,,,,,,,,,,,,,,,,,,,
,,,,"Piso en calle de la Manzana, Malasaña-Universidad, Madrid",€460.000,,,,,,,,,,,,,,,,,,,,,,,
,,,,"Piso en calle de la Maquinilla, 13, Palomeras sureste, Madrid",€275.000,,,,,,,,,,,,,,,,,,,,,,,
,,,,"Piso en calle de la Maquinilla, 35, Palomeras sureste, Madrid",€384.000,,,,,,,,,,,,,,,,,,,,,,,
,,,,"Piso en calle de la Maquinilla, Palomeras sureste, Madrid",€853.000,,,,,,,,,,,,,,,,,,,,,,,
,,,,"Piso en calle De La Marañosa, Palomeras Bajas, Madrid",€199.000,,,,,,,,,,,,,,,,,,,,,,,
,,,,"Piso en calle de la Marquesa de Silvela, 13, Moscardó, Madrid",€225.000,,,,,,,,,,,,,,,,,,,,,,,
,,,,"Piso en calle de la Marquesa de Silvela, Moscardó, Madrid",€215.000,,,,,,,,,,,,,,,,,,,,,,,
,,,,"Piso en calle de la Marroquina, 110, Marroquina, Madrid",€330.000,,,,,,,,,,,,,,,,,,,,,,,
,,,,"Piso en calle de la Marroquina, Marroquina, Madrid",€330.000,,,,,,,,,,,,,,,,,,,,,,,
,,,,"Piso en calle de La Masó, 20, Mirasierra, Madrid",€1.350.000,,,,,,,,,,,,,,,,,,,,,,,
,,,,"Piso en calle de la Mezquita, 17, San Fermín, Madrid",€204.000,,,,,,,,,,,,,,,,,,,,,,,
,,,,"Piso en calle de la Miosotis, 73, Valdeacederas, Madrid",€480.000,,,,,,,,,,,,,,,,,,,,,,,
,,,,"Piso en calle de la Miosotis, Valdeacederas, Madrid",€240.000,,,,,,,,,,,,,,,,,,,,,,,
,,,,"Piso en calle de la Montera, 13, Sol, Madrid",€1.299.000,,,,,,,,,,,,,,,,,,,,,,,
,,,,"Piso en calle de la Montera, Sol, Madrid",€6.488.000,,,,,,,,,,,,,,,,,,,,,,,
,,,,"Piso en calle de la Oca, 26, San Isidro, Madrid",€269.000,,,,,,,,,,,,,,,,,,,,,,,
,,,,"Piso en calle de la Oca, San Isidro, Madrid",€269.000,,,,,,,,,,,,,,,,,,,,,,,
,,,,"Piso en calle de la Oca, Vista Alegre, Madrid",€933.000,,,,,,,,,,,,,,,,,,,,,,,
,,,,"Piso en calle de la Palma, 3, Malasaña-Universidad, Madrid",€959.000,,,,,,,,,,,,,,,,,,,,,,,
,,,,"Piso en calle de la Palma, 61, Malasaña-Universidad, Madrid",€595.000,,,,,,,,,,,,,,,,,,,,,,,
,,,,"Piso en calle de la Palma, 70, Malasaña-Universidad, Madrid",€160.000,,,,,,,,,,,,,,,,,,,,,,,
,,,,"Piso en calle de la Palma, Malasaña-Universidad, Madrid",€6.240.000,,,,,,,,,,,,,,,,,,,,,,,
,,,,"Piso en calle de la Parra, Puerta Bonita, Madrid",€195.000,,,,,,,,,,,,,,,,,,,,,,,
,,,,"Piso en calle de la Paz, Sol, Madrid",€3.793.000,,,,,,,,,,,,,,,,,,,,,,,
,,,,"Piso en calle de la Pilarica, 49, Almendrales, Madrid",€266.800,,,,,,,,,,,,,,,,,,,,,,,
,,,,"Piso en calle de la Pilarica, Moscardó, Madrid",€158.000,,,,,,,,,,,,,,,,,,,,,,,
,,,,"Piso en calle de la Pizarra, Imperial, Madrid",€459.900,,,,,,,,,,,,,,,,,,,,,,,
,,,,"Piso en calle de la Plata, Villaverde Alto, Madrid",€258.000,,,,,,,,,,,,,,,,,,,,,,,
,,,,"Piso en calle de la Playa del Sardinero, Timón, Madrid",€300.000,,,,,,,,,,,,,,,,,,,,,,,
,,,,"Piso en calle de la Poeta Ángela Figuera, 3, Vallehermoso, Madrid",€947.000,,,,,,,,,,,,,,,,,,,,,,,
,,,,"Piso en calle de la Primavera de Praga, Media Legua, Madrid",€570.000,,,,,,,,,,,,,,,,,,,,,,,
,,,,"Piso en calle de la Primavera, 9, Lavapiés-Embajadores, Madrid",€513.000,,,,,,,,,,,,,,,,,,,,,,,
,,,,"Piso en calle de la Princesa de Éboli, 43, Sanchinarro, Madrid",€540.000,,,,,,,,,,,,,,,,,,,,,,,
,,,,"Piso en calle de la Princesa de Éboli, Sanchinarro, Madrid",€750.000,,,,,,,,,,,,,,,,,,,,,,,
,,,,"Piso en calle de la Princesa, 1, Argüelles, Madrid",€770.000,,,,,,,,,,,,,,,,,,,,,,,
,,,,"Piso en calle de la Princesa, 3, Argüelles, Madrid",€520.000,,,,,,,,,,,,,,,,,,,,,,,
,,,,"Piso en calle de la Princesa, 92, Argüelles, Madrid",€965.000,,,,,,,,,,,,,,,,,,,,,,,
,,,,"Piso en calle de la Princesa, Argüelles, Madrid",€2.796.000,,,,,,,,,,,,,,,,,,,,,,,
,,,,"Piso en calle de la Princesa, Gaztambide, Madrid",€2.557.000,,,,,,,,,,,,,,,,,,,,,,,
,,,,"Piso en calle de la Princesa, Malasaña-Universidad, Madrid",€2.175.000,,,,,,,,,,,,,,,,,,,,,,,
,,,,"Piso en calle de la Pueblanueva, 8, Ensanche de Vallecas - La Gavia, Madrid",€550.000,,,,,,,,,,,,,,,,,,,,,,,
,,,,"Piso en calle de la Raza, 4, Canillejas, Madrid",€199.995,,,,,,,,,,,,,,,,,,,,,,,
,,,,"Piso en calle de la Redondilla, 9, Palacio, Madrid",€886.000,,,,,,,,,,,,,,,,,,,,,,,
,,,,"Piso en calle de la Reina de África, Palomeras Bajas, Madrid",€260.000,,,,,,,,,,,,,,,,,,,,,,,
,,,,"Piso en calle de la Reina, Chueca-Justicia, Madrid",€2.350.000,,,,,,,,,,,,,,,,,,,,,,,
,,,,"Piso en calle de la Ribera del Manzanares, Casa de Campo, Madrid",€315.000,,,,,,,,,,,,,,,,,,,,,,,
,,,,"Piso en calle de La Rioja, Alameda de Osuna, Madrid",€625.000,,,,,,,,,,,,,,,,,,,,,,,
,,,,"Piso en calle de la Salud, Sol, Madrid",€1.250.000,,,,,,,,,,,,,,,,,,,,,,,
,,,,"Piso en calle de la Santísima Trinidad, Trafalgar, Madrid",€4.289.000,,,,,,,,,,,,,,,,,,,,,,,
,,,,"Piso en calle de la Senda del Infante, 43, Arroyo del Fresno, Madrid",€850.000,,,,,,,,,,,,,,,,,,,,,,,
,,,,"Piso en calle de la Serena, Entrevías, Madrid",€348.000,,,,,,,,,,,,,,,,,,,,,,,
,,,,"Piso en calle de la Sierpe, Palacio, Madrid",€380.000,,,,,,,,,,,,,,,,,,,,,,,
,,,,"Piso en calle de la Sierra de Alcaraz, 11, San Diego, Madrid",€269.000,,,,,,,,,,,,,,,,,,,,,,,
,,,,"Piso en calle de la Sierra de Alcaraz, 9, San Diego, Madrid",€126.000,,,,,,,,,,,,,,,,,,,,,,,
,,,,"Piso en calle de la Sierra de Encinares, Casco Histórico de Vallecas, Madrid",€145.000,,,,,,,,,,,,,,,,,,,,,,,
,,,,"Piso en calle de la Sierra de los Filabres, Numancia, Madrid",€199.990,,,,,,,,,,,,,,,,,,,,,,,
,,,,"Piso en calle de la Sierra de Meira, Numancia, Madrid",€559.000,,,,,,,,,,,,,,,,,,,,,,,
,,,,"Piso en calle de la Sierra de Monchique, San Diego, Madrid",€159.900,,,,,,,,,,,,,,,,,,,,,,,
,,,,"Piso en calle de la Sierra del Torcal, Casco Histórico de Vallecas, Madrid",€229.000,,,,,,,,,,,,,,,,,,,,,,,
,,,,"Piso en calle de la Sierra Vieja, 50, Casco Histórico de Vallecas, Madrid",€130.000,,,,,,,,,,,,,,,,,,,,,,,
,,,,"Piso en calle de la Sombrerería, Lavapiés-Embajadores, Madrid",€499.900,,,,,,,,,,,,,,,,,,,,,,,
,,,,"Piso en calle de la Tacona, Fontarrón, Madrid",€208.000,,,,,,,,,,,,,,,,,,,,,,,
,,,,"Piso en calle de la Ventosa, Palacio, Madrid",€210.450,,,,,,,,,,,,,,,,,,,,,,,
,,,,"Piso en calle de la Vereda del Carmen, Ventas, Madrid",€657.000,,,,,,,,,,,,,,,,,,,,,,,
,,,,"Piso en calle de la Victoria, Sol, Madrid",€2.250.000,,,,,,,,,,,,,,,,,,,,,,,
,,,,"Piso en calle de la Virgen de Aránzazu, 35, Tres Olivos - Valverde, Madrid",€430.000,,,,,,,,,,,,,,,,,,,,,,,
,,,,"Piso en calle de la Virgen de Aránzazu, Tres Olivos - Valverde, Madrid",€2.360.000,,,,,,,,,,,,,,,,,,,,,,,
,,,,"Piso en calle de la Virgen de la Fuencisla, 24, Concepción, Madrid",€390.000,,,,,,,,,,,,,,,,,,,,,,,
,,,,"Piso en calle de la Virgen de la Fuencisla, Concepción, Madrid",€335.000,,,,,,,,,,,,,,,,,,,,,,,
,,,,"Piso en calle de la Virgen de la Oliva, 61 bajo, Simancas, Madrid",€287.000,,,,,,,,,,,,,,,,,,,,,,,
,,,,"Piso en calle de la Virgen de la Oliva, Simancas, Madrid",€375.000,,,,,,,,,,,,,,,,,,,,,,,
,,,,"Piso en calle de la Virgen de los Peligros, 9, Sol, Madrid",€1.395.000,,,,,,,,,,,,,,,,,,,,,,,
,,,,"Piso en calle de la Virgen de los Peligros, Sol, Madrid",€4.200.000,,,,,,,,,,,,,,,,,,,,,,,
,,,,"Piso en calle de la Virgen de Lourdes, Concepción, Madrid",€200.000,,,,,,,,,,,,,,,,,,,,,,,
,,,,"Piso en calle de la Virgen del Castañar, 3, Concepción, Madrid",€459.900,,,,,,,,,,,,,,,,,,,,,,,
,,,,"Piso en calle de la Virgen María, Niño Jesús, Madrid",€1.445.000,,,,,,,,,,,,,,,,,,,,,,,
,,,,"Piso en calle de Ladera de los Almendros, Valdebernardo - Valderrivas, Madrid",€435.000,,,,,,,,,,,,,,,,,,,,,,,
,,,,"Piso en calle de Lagasca, 30, Recoletos, Madrid",€4.900.000,,,,,,,,,,,,,,,,,,,,,,,
,,,,"Piso en calle de Lagasca, Castellana, Madrid",€26.080.000,,,,,,,,,,,,,,,,,,,,,,,
,,,,"Piso en calle de Lagasca, Recoletos, Madrid",€30.110.000,,,,,,,,,,,,,,,,,,,,,,,
,,,,"Piso en calle de Larra, Chueca-Justicia, Madrid",€875.000,,,,,,,,,,,,,,,,,,,,,,,
,,,,"Piso en calle de las Azucenas, Valdeacederas, Madrid",€156.900,,,,,,,,,,,,,,,,,,,,,,,
,,,,"Piso en calle de las Cigarreras, Acacias, Madrid",€639.000,,,,,,,,,,,,,,,,,,,,,,,
,,,,"Piso en calle de las Delicias, Palos de la Frontera, Madrid",€1.016.000,,,,,,,,,,,,,,,,,,,,,,,
,,,,"Piso en calle de las Eras Altas, Casco Histórico de Vallecas, Madrid",€187.500,,,,,,,,,,,,,,,,,,,,,,,
,,,,"Piso en calle de las Flautas, 46, Cuatro Vientos, Madrid",€315.000,,,,,,,,,,,,,,,,,,,,,,,
,,,,"Piso en calle de las Flautas, 46, Pau de Carabanchel, Madrid",€315.000,,,,,,,,,,,,,,,,,,,,,,,
,,,,"Piso en calle de las Flautas, 48, Pau de Carabanchel, Madrid",€249.900,,,,,,,,,,,,,,,,,,,,,,,
,,,,"Piso en calle de las Fraguas, Casco Histórico de Barajas, Madrid",€215.000,,,,,,,,,,,,,,,,,,,,,,,
,,,,"Piso en calle de las Higueras, Lucero, Madrid",€460.000,,,,,,,,,,,,,,,,,,,,,,,
,,,,"Piso en calle de las Hileras, Sol, Madrid",€1.300.000,,,,,,,,,,,,,,,,,,,,,,,
,,,,"Piso en calle de las Huertas, 44, Huertas-Cortes, Madrid",€700.000,,,,,,,,,,,,,,,,,,,,,,,
,,,,"Piso en calle de las Huertas, Huertas-Cortes, Madrid",€880.000,,,,,,,,,,,,,,,,,,,,,,,
,,,,"Piso en calle de las Infantas, 5, Chueca-Justicia, Madrid",€2.195.000,,,,,,,,,,,,,,,,,,,,,,,
,,,,"Piso en calle de las Islas Bermudas, 3, Tres Olivos - Valverde, Madrid",€349.000,,,,,,,,,,,,,,,,,,,,,,,
,,,,"Piso en calle de las Islas Cíes, Peñagrande, Madrid",€1.361.000,,,,,,,,,,,,,,,,,,,,,,,
,,,,"Piso en calle de las Magnolias, Ventilla-Almenara, Madrid",€519.000,,,,,,,,,,,,,,,,,,,,,,,
,,,,"Piso en calle de las Margaritas, 11, Berruguete, Madrid",€397.000,,,,,,,,,,,,,,,,,,,,,,,
,,,,"Piso en calle de las Margaritas, 48, Berruguete, Madrid",€250.000,,,,,,,,,,,,,,,,,,,,,,,
,,,,"Piso en calle de las Marismas, 20, Numancia, Madrid",€245.000,,,,,,,,,,,,,,,,,,,,,,,
,,,,"Piso en calle de las Marismas, Numancia, Madrid",€589.000,,,,,,,,,,,,,,,,,,,,,,,
,,,,"Piso en calle de las Mártires Concepcionistas, 17, Lista, Madrid",€1.675.000,,,,,,,,,,,,,,,,,,,,,,,
,,,,"Piso en calle de las Mártires Concepcionistas, Goya, Madrid",€3.800.000,,,,,,,,,,,,,,,,,,,,,,,
,,,,"Piso en calle de las Mártires Concepcionistas, s/n, Lista, Madrid",€960.000,,,,,,,,,,,,,,,,,,,,,,,
,,,,"Piso en calle de las Matas, 16, Berruguete, Madrid",€210.000,,,,,,,,,,,,,,,,,,,,,,,
,,,,"Piso en calle de las Matas, Berruguete, Madrid",€285.000,,,,,,,,,,,,,,,,,,,,,,,
,,,,"Piso en calle de las Moquetas, 23, Valdeacederas, Madrid",€125.000,,,,,,,,,,,,,,,,,,,,,,,
,,,,"Piso en calle de las Navas de Tolosa, 7, Sol, Madrid",€720.000,,,,,,,,,,,,,,,,,,,,,,,
,,,,"Piso en calle de las Navas de Tolosa, Sol, Madrid",€3.710.000,,,,,,,,,,,,,,,,,,,,,,,
,,,,"Piso en calle de las Naves, Acacias, Madrid",€239.000,,,,,,,,,,,,,,,,,,,,,,,
,,,,"Piso en calle de las Nebulosas, Delicias, Madrid",€1.574.900,,,,,,,,,,,,,,,,,,,,,,,
,,,,"Piso en calle de las Palomeras, San Diego, Madrid",€156.000,,,,,,,,,,,,,,,,,,,,,,,
,,,,"Piso en calle de las Pedroñeras, 35, Canillas, Madrid",€456.900,,,,,,,,,,,,,,,,,,,,,,,
,,,,"Piso en calle de las Peñuelas, 34, Acacias, Madrid",€185.000,,,,,,,,,,,,,,,,,,,,,,,
,,,,"Piso en calle de las Peñuelas, Acacias, Madrid",€439.900,,,,,,,,,,,,,,,,,,,,,,,
,,,,"Piso en calle de las Peonías, Palomas, Madrid",€840.000,,,,,,,,,,,,,,,,,,,,,,,
,,,,"Piso en calle de las Platerías, Castilla, Madrid",€520.000,,,,,,,,,,,,,,,,,,,,,,,
,,,,"Piso en calle de las Trompas, 22, Pau de Carabanchel, Madrid",€242.000,,,,,,,,,,,,,,,,,,,,,,,
,,,,"Piso en Calle de las Trompas, 40, Pau de Carabanchel, Madrid",€240.000,,,,,,,,,,,,,,,,,,,,,,,
,,,,"Piso en calle de las Virtudes, Almagro, Madrid",€585.000,,,,,,,,,,,,,,,,,,,,,,,
,,,,"Piso en calle de las Zinias, 7, Berruguete, Madrid",€160.000,,,,,,,,,,,,,,,,,,,,,,,
,,,,"Piso en calle de Lavapiés, Lavapiés-Embajadores, Madrid",€1.308.000,,,,,,,,,,,,,,,,,,,,,,,
,,,,"Piso en calle de Lazaga, 23, Cuzco-Castillejos, Madrid",€220.000,,,,,,,,,,,,,,,,,,,,,,,
,,,,"Piso en calle de Lazaga, Cuzco-Castillejos, Madrid",€220.000,,,,,,,,,,,,,,,,,,,,,,,
,,,,"Piso en calle de Leñeros, Bellas Vistas, Madrid",€794.000,,,,,,,,,,,,,,,,,,,,,,,
,,,,"Piso en calle de León Felipe, 8, Palomeras sureste, Madrid",€164.000,,,,,,,,,,,,,,,,,,,,,,,
,,,,"Piso en calle de León Felipe, Palomeras sureste, Madrid",€234.000,,,,,,,,,,,,,,,,,,,,,,,
,,,,"Piso en calle de León, Huertas-Cortes, Madrid",€899.000,,,,,,,,,,,,,,,,,,,,,,,
,,,,"Piso en calle de Leonor de la Vega, Imperial, Madrid",€990.000,,,,,,,,,,,,,,,,,,,,,,,
,,,,"Piso en calle de Lérida, 9, Cuatro Caminos, Madrid",€725.000,,,,,,,,,,,,,,,,,,,,,,,
,,,,"Piso en calle de Lérida, Cuatro Caminos, Madrid",€620.000,,,,,,,,,,,,,,,,,,,,,,,
,,,,"Piso en calle de Linneo, 3, Imperial, Madrid",€515.000,,,,,,,,,,,,,,,,,,,,,,,
,,,,"Piso en calle de Linneo, Imperial, Madrid",€515.000,,,,,,,,,,,,,,,,,,,,,,,
,,,,"Piso en calle de Llanos de Escudero, Pueblo Nuevo, Madrid",€180.000,,,,,,,,,,,,,,,,,,,,,,,
,,,,"Piso en calle de Llanos de Escudero, s/n, Pueblo Nuevo, Madrid",€260.000,,,,,,,,,,,,,,,,,,,,,,,
,,,,"Piso en calle de Lombía, Goya, Madrid",€1.395.000,,,,,,,,,,,,,,,,,,,,,,,
,,,,"Piso en calle de Lope de Rueda, 29, Ibiza, Madrid",€5.037.000,,,,,,,,,,,,,,,,,,,,,,,
,,,,"Piso en calle de Lope de Rueda, 46, Ibiza, Madrid",€1.885.000,,,,,,,,,,,,,,,,,,,,,,,
,,,,"Piso en calle de Lope de Rueda, Ibiza, Madrid",€22.348.000,,,,,,,,,,,,,,,,,,,,,,,
,,,,"Piso en calle de Lope de Vega, 13, Huertas-Cortes, Madrid",€185.000,,,,,,,,,,,,,,,,,,,,,,,
,,,,"Piso en calle de López de Hoyos, 114, Prosperidad, Madrid",€480.000,,,,,,,,,,,,,,,,,,,,,,,
,,,,"Piso en calle de López de Hoyos, 78, Prosperidad, Madrid",€825.000,,,,,,,,,,,,,,,,,,,,,,,
,,,,"Piso en calle de López de Hoyos, Castellana, Madrid",€6.698.000,,,,,,,,,,,,,,,,,,,,,,,
,,,,"Piso en calle de López de Hoyos, Ciudad Jardín, Madrid",€3.354.900,,,,,,,,,,,,,,,,,,,,,,,
,,,,"Piso en calle de López de Hoyos, Pinar del Rey, Madrid",€749.000,,,,,,,,,,,,,,,,,,,,,,,
,,,,"Piso en calle de López Grass, Numancia, Madrid",€940.000,,,,,,,,,,,,,,,,,,,,,,,
,,,,"Piso en calle de Loreto y Chicote, 13, Malasaña-Universidad, Madrid",€690.000,,,,,,,,,,,,,,,,,,,,,,,
,,,,"Piso en calle de los Algodonales, Berruguete, Madrid",€254.990,,,,,,,,,,,,,,,,,,,,,,,
,,,,"Piso en calle de los Andaluces, 20, Palomeras sureste, Madrid",€269.000,,,,,,,,,,,,,,,,,,,,,,,
,,,,"Piso en calle de los Arcos, 5, Pinar del Rey, Madrid",€380.000,,,,,,,,,,,,,,,,,,,,,,,
,,,,"Piso en calle de los Artistas, Cuatro Caminos, Madrid",€390.000,,,,,,,,,,,,,,,,,,,,,,,
,,,,"Piso en calle de los astros, 11, Estrella, Madrid",€595.000,,,,,,,,,,,,,,,,,,,,,,,
,,,,"Piso en calle de los Cabestreros, 18, Lavapiés-Embajadores, Madrid",€480.000,,,,,,,,,,,,,,,,,,,,,,,
,,,,"Piso en calle de los Cabestreros, Lavapiés-Embajadores, Madrid",€1.240.000,,,,,,,,,,,,,,,,,,,,,,,
,,,,"Piso en calle de los Cacereños, 50, Villaverde Alto, Madrid",€81.100,,,,,,,,,,,,,,,,,,,,,,,
,,,,"Piso en calle de los Cacereños, Villaverde Alto, Madrid",€73.000,,,,,,,,,,,,,,,,,,,,,,,
,,,,"Piso en calle de los Caídos de la División Azul, s/n, Nueva España, Madrid",€1.590.000,,,,,,,,,,,,,,,,,,,,,,,
,,,,"Piso en calle de los Canteros, Arcos, Madrid",€155.000,,,,,,,,,,,,,,,,,,,,,,,
,,,,"Piso en calle de los Carrascales, 8, Pradolongo, Madrid",€220.000,,,,,,,,,,,,,,,,,,,,,,,
,,,,"Piso en calle de los Comuneros de Castilla, 8, San Isidro, Madrid",€435.000,,,,,,,,,,,,,,,,,,,,,,,
,,,,"Piso en calle de los Comuneros de Castilla, San Isidro, Madrid",€190.000,,,,,,,,,,,,,,,,,,,,,,,
,,,,"Piso en calle de los Conserveros, Arcos, Madrid",€220.000,,,,,,,,,,,,,,,,,,,,,,,
,,,,"Piso en calle de los Dos Amigos, 5, Malasaña-Universidad, Madrid",€440.000,,,,,,,,,,,,,,,,,,,,,,,
,,,,"Piso en calle de los Dos Amigos, Malasaña-Universidad, Madrid",€1.582.500,,,,,,,,,,,,,,,,,,,,,,,
,,,,"Piso en calle de los Electricistas, Arcos, Madrid",€187.900,,,,,,,,,,,,,,,,,,,,,,,
,,,,"Piso en calle de los Feriantes, Casco Histórico de Barajas, Madrid",€300.000,,,,,,,,,,,,,,,,,,,,,,,
,,,,"Piso en calle de los Fundadores, Fuente del Berro, Madrid",€239.000,,,,,,,,,,,,,,,,,,,,,,,
,,,,"Piso en calle de los Gallegos, 10, Casco Histórico de Vicálvaro, Madrid",€148.000,,,,,,,,,,,,,,,,,,,,,,,
,,,,"Piso en calle de los Gallegos, Valdebernardo - Valderrivas, Madrid",€460.000,,,,,,,,,,,,,,,,,,,,,,,
,,,,"Piso en calle de los Herbolarios, s/n, Arcos, Madrid",€129.000,,,,,,,,,,,,,,,,,,,,,,,
,,,,"Piso en calle de los Hermanos García Noblejas, 103, Amposta, Madrid",€330.000,,,,,,,,,,,,,,,,,,,,,,,
,,,,"Piso en calle de los Hermanos García Noblejas, Amposta, Madrid",€644.000,,,,,,,,,,,,,,,,,,,,,,,
,,,,"Piso en calle de los Hermanos García Noblejas, Arcos, Madrid",€399.900,,,,,,,,,,,,,,,,,,,,,,,
,,,,"Piso en calle de los Hermanos García Noblejas, Pueblo Nuevo, Madrid",€575.000,,,,,,,,,,,,,,,,,,,,,,,
,,,,"Piso en calle de los Hermanos García Noblejas, s/n, Simancas, Madrid",€523.000,,,,,,,,,,,,,,,,,,,,,,,
,,,,"Piso en calle de los Hermanos García Noblejas, Simancas, Madrid",€1.047.000,,,,,,,,,,,,,,,,,,,,,,,
,,,,"Piso en calle de los Hermanos Gascón, Valdebebas - Valdefuentes, Madrid",€377.000,,,,,,,,,,,,,,,,,,,,,,,
,,,,"Piso en calle de los Hermanos Gómez, Ventas, Madrid",€420.000,,,,,,,,,,,,,,,,,,,,,,,
,,,,"Piso en calle de los Irlandeses, Palacio, Madrid",€1.400.000,,,,,,,,,,,,,,,,,,,,,,,
,,,,"Piso en calle de los Jaramagos, Valdeacederas, Madrid",€119.500,,,,,,,,,,,,,,,,,,,,,,,
,,,,"Piso en calle de los Jardines, 14, Sol, Madrid",€750.000,,,,,,,,,,,,,,,,,,,,,,,
,,,,"Piso en calle de los Jardines, Sol, Madrid",€2.475.000,,,,,,,,,,,,,,,,,,,,,,,
,,,,"Piso en calle de los Lenceros, Amposta, Madrid",€224.900,,,,,,,,,,,,,,,,,,,,,,,
,,,,"Piso en calle de los Mineros, Abrantes, Madrid",€199.000,,,,,,,,,,,,,,,,,,,,,,,
,,,,"Piso en calle de los Misterios, 54, Concepción, Madrid",€980.000,,,,,,,,,,,,,,,,,,,,,,,
,,,,"Piso en calle de Los Molinos, 13, Berruguete, Madrid",€628.000,,,,,,,,,,,,,,,,,,,,,,,
,,,,"Piso en calle de los Pajaritos, 21, Adelfas, Madrid",€490.000,,,,,,,,,,,,,,,,,,,,,,,
,,,,"Piso en calle de los Peñascales, Fuente del Berro, Madrid",€897.000,,,,,,,,,,,,,,,,,,,,,,,
,,,,"Piso en calle de los Picos de Europa, Numancia, Madrid",€119.000,,,,,,,,,,,,,,,,,,,,,,,
,,,,"Piso en calle de los Pilares, Casco Histórico de Barajas, Madrid",€320.000,,,,,,,,,,,,,,,,,,,,,,,
,,,,"Piso en calle de los Pirineos, Ciudad Universitaria, Madrid",€5.500.000,,,,,,,,,,,,,,,,,,,,,,,
,,,,"Piso en calle de los Relatores, 5, Lavapiés-Embajadores, Madrid",€630.000,,,,,,,,,,,,,,,,,,,,,,,
,,,,"Piso en calle de los Reyes Magos, Niño Jesús, Madrid",€365.000,,,,,,,,,,,,,,,,,,,,,,,
,,,,"Piso en calle de los Reyes, Malasaña-Universidad, Madrid",€4.240.000,,,,,,,,,,,,,,,,,,,,,,,
,,,,"Piso en calle de los Sagrados Corazones, Puerta del Ángel, Madrid",€599.000,,,,,,,,,,,,,,,,,,,,,,,
,,,,"Piso en calle de los Señores de Luzón, Palacio, Madrid",€576.000,,,,,,,,,,,,,,,,,,,,,,,
,,,,"Piso en calle de los Tejedores, 36, Amposta, Madrid",€91.000,,,,,,,,,,,,,,,,,,,,,,,
,,,,"Piso en calle de los Tejedores, Amposta, Madrid",€155.000,,,,,,,,,,,,,,,,,,,,,,,
,,,,"Piso en calle de los Tres Peces, Lavapiés-Embajadores, Madrid",€315.000,,,,,,,,,,,,,,,,,,,,,,,
,,,,"Piso en calle de los Urquiza, Pueblo Nuevo, Madrid",€315.000,,,,,,,,,,,,,,,,,,,,,,,
,,,,"Piso en calle de los Yébenes, 173, Aluche, Madrid",€240.000,,,,,,,,,,,,,,,,,,,,,,,
,,,,"Piso en calle de los Yébenes, Aluche, Madrid",€699.000,,,,,,,,,,,,,,,,,,,,,,,
,,,,"Piso en calle de los Yeros, Ventilla-Almenara, Madrid",€759.000,,,,,,,,,,,,,,,,,,,,,,,
,,,,"Piso en calle de Luciente, 10, Palacio, Madrid",€845.000,,,,,,,,,,,,,,,,,,,,,,,
,,,,"Piso en calle de Luciente, 9, Palacio, Madrid",€285.000,,,,,,,,,,,,,,,,,,,,,,,
,,,,"Piso en calle de Luis Cabrera, Prosperidad, Madrid",€245.000,,,,,,,,,,,,,,,,,,,,,,,
,,,,"Piso en calle de Luis Calvo, 9, Guindalera, Madrid",€910.000,,,,,,,,,,,,,,,,,,,,,,,
,,,,"Piso en calle de Luis Claudio, s/n, Buena Vista, Madrid",€290.000,,,,,,,,,,,,,,,,,,,,,,,
,,,,"Piso en calle de Luis de Hoyos Sainz, Pavones, Madrid",€319.000,,,,,,,,,,,,,,,,,,,,,,,
,,,,"Piso en calle de Luis de Hoyos Sainz, Vinateros, Madrid",€370.000,,,,,,,,,,,,,,,,,,,,,,,
,,,,"Piso en calle de Luis Gómez, Puerta Bonita, Madrid",€214.000,,,,,,,,,,,,,,,,,,,,,,,
,,,,"Piso en calle de Luis Marín, Palomeras sureste, Madrid",€111.400,,,,,,,,,,,,,,,,,,,,,,,
,,,,"Piso en calle de Luis Mitjans, Adelfas, Madrid",€350.000,,,,,,,,,,,,,,,,,,,,,,,
,,,,"Piso en calle de Luis Vélez de Guevara, 5, Lavapiés-Embajadores, Madrid",€425.000,,,,,,,,,,,,,,,,,,,,,,,
,,,,"Piso en calle de Luisa Fernanda, Argüelles, Madrid",€850.000,,,,,,,,,,,,,,,,,,,,,,,
,,,,"Piso en calle De Lumbreras, Ambroz, Madrid",€197.000,,,,,,,,,,,,,,,,,,,,,,,
,,,,"Piso en calle de Magallanes, 22, Arapiles, Madrid",€650.000,,,,,,,,,,,,,,,,,,,,,,,
,,,,"Piso en calle de Magallanes, Arapiles, Madrid",€1.400.000,,,,,,,,,,,,,,,,,,,,,,,
,,,,"Piso en calle de Máiquez, Ibiza, Madrid",€1.310.000,,,,,,,,,,,,,,,,,,,,,,,
,,,,"Piso en calle de Málaga, 9, Nuevos Ministerios-Ríos Rosas, Madrid",€525.000,,,,,,,,,,,,,,,,,,,,,,,
,,,,"Piso en calle de Malagón, 5, Canillas, Madrid",€255.000,,,,,,,,,,,,,,,,,,,,,,,
,,,,"Piso en calle de Maldonado, 40, Lista, Madrid",€850.000,,,,,,,,,,,,,,,,,,,,,,,
,,,,"Piso en calle de Maldonado, 55, Castellana, Madrid",€1.190.000,,,,,,,,,,,,,,,,,,,,,,,
,,,,"Piso en calle de Maldonado, Castellana, Madrid",€4.895.000,,,,,,,,,,,,,,,,,,,,,,,
,,,,"Piso en calle de Maldonado, Lista, Madrid",€10.333.000,,,,,,,,,,,,,,,,,,,,,,,
,,,,"Piso en calle de Manipa, Concepción, Madrid",€560.000,,,,,,,,,,,,,,,,,,,,,,,
,,,,"Piso en calle de Manresa, Tres Olivos - Valverde, Madrid",€133.000,,,,,,,,,,,,,,,,,,,,,,,
,,,,"Piso en calle de Manuel Cortina, 11, Trafalgar, Madrid",€1.375.000,,,,,,,,,,,,,,,,,,,,,,,
,,,,"Piso en calle de Manuel Cortina, Trafalgar, Madrid",€1.375.000,,,,,,,,,,,,,,,,,,,,,,,
,,,,"Piso en calle de Manuel Fernández y González, Huertas-Cortes, Madrid",€2.300.000,,,,,,,,,,,,,,,,,,,,,,,
,,,,"Piso en calle de Manuel Ferrero, 5, Castilla, Madrid",€390.000,,,,,,,,,,,,,,,,,,,,,,,
,,,,"Piso en calle de Manuel Galindo, s/n, Vista Alegre, Madrid",€170.000,,,,,,,,,,,,,,,,,,,,,,,
,,,,"Piso en calle de Manuel Gutiérrez Mellado, 20, Valdebebas - Valdefuentes, Madrid",€880.000,,,,,,,,,,,,,,,,,,,,,,,
,,,,"Piso en calle de Manuel Maroto, San Diego, Madrid",€128.000,,,,,,,,,,,,,,,,,,,,,,,
,,,,"Piso en calle de Manuel Noya, Moscardó, Madrid",€415.000,,,,,,,,,,,,,,,,,,,,,,,
,,,,"Piso en calle de Manuel Silvela, Trafalgar, Madrid",€1.690.000,,,,,,,,,,,,,,,,,,,,,,,
,,,,"Piso en calle de Manuela Malasaña, 9, Malasaña-Universidad, Madrid",€860.000,,,,,,,,,,,,,,,,,,,,,,,
,,,,"Piso en calle de Manuela Malasaña, Malasaña-Universidad, Madrid",€6.456.000,,,,,,,,,,,,,,,,,,,,,,,
,,,,"Piso en calle de Manuela Torregrosa, Fuente del Berro, Madrid",€340.000,,,,,,,,,,,,,,,,,,,,,,,
,,,,"Piso en calle de Manzanares, Imperial, Madrid",€2.396.000,,,,,,,,,,,,,,,,,,,,,,,
,,,,"Piso en calle de Maqueda, 132, Aluche, Madrid",€295.000,,,,,,,,,,,,,,,,,,,,,,,
,,,,"Piso en calle de Maqueda, 149, Aluche, Madrid",€399.000,,,,,,,,,,,,,,,,,,,,,,,
,,,,"Piso en calle de Maqueda, 80, Aluche, Madrid",€149.000,,,,,,,,,,,,,,,,,,,,,,,
,,,,"Piso en calle de Maqueda, Aluche, Madrid",€149.000,,,,,,,,,,,,,,,,,,,,,,,
,,,,"Piso en calle de Marceliano Santa María, El Viso, Madrid",€1.400.000,,,,,,,,,,,,,,,,,,,,,,,
,,,,"Piso en calle de Marcelina, Ventilla-Almenara, Madrid",€375.000,,,,,,,,,,,,,,,,,,,,,,,
,,,,"Piso en calle de Marcelino Álvarez, Ventas, Madrid",€545.000,,,,,,,,,,,,,,,,,,,,,,,
,,,,"Piso en calle de Marcelo Usera, 116, Moscardó, Madrid",€197.000,,,,,,,,,,,,,,,,,,,,,,,
,,,,"Piso en calle de Marcelo Usera, 121, Pradolongo, Madrid",€135.000,,,,,,,,,,,,,,,,,,,,,,,
,,,,"Piso en calle de Marcelo Usera, Moscardó, Madrid",€505.000,,,,,,,,,,,,,,,,,,,,,,,
,,,,"Piso en calle de Marcelo Usera, Pradolongo, Madrid",€175.000,,,,,,,,,,,,,,,,,,,,,,,
,,,,"Piso en calle de Marcelo Usera, Zofío, Madrid",€245.000,,,,,,,,,,,,,,,,,,,,,,,
,,,,"Piso en calle de Marcenado, Ciudad Jardín, Madrid",€519.000,,,,,,,,,,,,,,,,,,,,,,,
,,,,"Piso en calle de María Antonia, Moscardó, Madrid",€257.000,,,,,,,,,,,,,,,,,,,,,,,
,,,,"Piso en calle de María de las Mercedes de Borbón, 292, Valdebebas - Valdefuentes, Madrid",€795.000,,,,,,,,,,,,,,,,,,,,,,,
,,,,"Piso en calle de María de las Mercedes de Borbón, Valdebebas - Valdefuentes, Madrid",€6.971.000,,,,,,,,,,,,,,,,,,,,,,,
,,,,"Piso en calle de María de Molina, Castellana, Madrid",€16.185.000,,,,,,,,,,,,,,,,,,,,,,,
,,,,"Piso en calle de María de Molina, Lista, Madrid",€2.650.000,,,,,,,,,,,,,,,,,,,,,,,
,,,,"Piso en calle de María Panés, Nuevos Ministerios-Ríos Rosas, Madrid",€570.000,,,,,,,,,,,,,,,,,,,,,,,
,,,,"Piso en calle de María Pedraza, 20, Bellas Vistas, Madrid",€340.000,,,,,,,,,,,,,,,,,,,,,,,
,,,,"Piso en calle de María Sevilla Diago, 24, Rosas, Madrid",€515.000,,,,,,,,,,,,,,,,,,,,,,,
,,,,"Piso en calle de María Teresa Sáenz de Heredia, 32, Ventas, Madrid",€249.000,,,,,,,,,,,,,,,,,,,,,,,
,,,,"Piso en calle de María Teresa, 18, Guindalera, Madrid",€530.000,,,,,,,,,,,,,,,,,,,,,,,
,,,,"Piso en calle de María Teresa, Guindalera, Madrid",€750.000,,,,,,,,,,,,,,,,,,,,,,,
,,,,"Piso en calle de Mariano Benlliure, 3, San Diego, Madrid",€115.000,,,,,,,,,,,,,,,,,,,,,,,
,,,,"Piso en calle de Mariano Benlliure, San Diego, Madrid",€150.000,,,,,,,,,,,,,,,,,,,,,,,
,,,,"Piso en calle de Mariano Vela, Moscardó, Madrid",€225.000,,,,,,,,,,,,,,,,,,,,,,,
,,,,"Piso en calle de Maricara, Butarque, Madrid",€359.000,,,,,,,,,,,,,,,,,,,,,,,
,,,,"Piso en calle de Martín de los Heros, 43, Argüelles, Madrid",€369.000,,,,,,,,,,,,,,,,,,,,,,,
,,,,"Piso en calle de Martín de los Heros, 59, Argüelles, Madrid",€750.000,,,,,,,,,,,,,,,,,,,,,,,
,,,,"Piso en calle de Martín de los Heros, Argüelles, Madrid",€2.070.000,,,,,,,,,,,,,,,,,,,,,,,
,,,,"Piso en calle de Martín de Vargas, 20, Acacias, Madrid",€580.000,,,,,,,,,,,,,,,,,,,,,,,
,,,,"Piso en calle de Martín de Vargas, Acacias, Madrid",€980.000,,,,,,,,,,,,,,,,,,,,,,,
,,,,"Piso en calle de Martín Soler, Palos de la Frontera, Madrid",€1.500.000,,,,,,,,,,,,,,,,,,,,,,,
,,,,"Piso en calle de Martínez de la Riva, Palomeras Bajas, Madrid",€374.000,,,,,,,,,,,,,,,,,,,,,,,
,,,,"Piso en calle de Martínez Izquierdo, 56, Guindalera, Madrid",€685.000,,,,,,,,,,,,,,,,,,,,,,,
,,,,"Piso en calle de Martínez Izquierdo, Guindalera, Madrid",€4.900.000,,,,,,,,,,,,,,,,,,,,,,,
,,,,"Piso en calle de Martinez Oviol, Los Rosales, Madrid",€280.000,,,,,,,,,,,,,,,,,,,,,,,
,,,,"Piso en calle de Mateo Inurria, 22, Castilla, Madrid",€330.000,,,,,,,,,,,,,,,,,,,,,,,
,,,,"Piso en calle de Mateo Inurria, Castilla, Madrid",€1.250.000,,,,,,,,,,,,,,,,,,,,,,,
,,,,"Piso en calle de Matilde Díez, 5, Ciudad Jardín, Madrid",€690.000,,,,,,,,,,,,,,,,,,,,,,,
,,,,"Piso en calle de Matilde Díez, Ciudad Jardín, Madrid",€285.000,,,,,,,,,,,,,,,,,,,,,,,
,,,,"Piso en calle de Maudes, 21, Nuevos Ministerios-Ríos Rosas, Madrid",€690.000,,,,,,,,,,,,,,,,,,,,,,,
,,,,"Piso en calle de Maudes, Nuevos Ministerios-Ríos Rosas, Madrid",€1.775.000,,,,,,,,,,,,,,,,,,,,,,,
,,,,"Piso en calle de Maudes, s/n, Nuevos Ministerios-Ríos Rosas, Madrid",€780.000,,,,,,,,,,,,,,,,,,,,,,,
,,,,"Piso en calle de Mauricio Legendre, 17, Castilla, Madrid",€710.000,,,,,,,,,,,,,,,,,,,,,,,
,,,,"Piso en calle de Mauricio Legendre, Castilla, Madrid",€590.000,,,,,,,,,,,,,,,,,,,,,,,
,,,,"Piso en calle de Mauricio Ravel, Castilla, Madrid",€550.000,,,,,,,,,,,,,,,,,,,,,,,
,,,,"Piso en calle de Mauro, Prosperidad, Madrid",€450.000,,,,,,,,,,,,,,,,,,,,,,,
,,,,"Piso en calle de Máximo San Juan, Ventas, Madrid",€360.000,,,,,,,,,,,,,,,,,,,,,,,
,,,,"Piso en calle de Mayorga, Canillas, Madrid",€255.000,,,,,,,,,,,,,,,,,,,,,,,
,,,,"Piso en calle de Mazarredo, Imperial, Madrid",€994.000,,,,,,,,,,,,,,,,,,,,,,,
,,,,"Piso en calle de Medellín, Trafalgar, Madrid",€1.200.000,,,,,,,,,,,,,,,,,,,,,,,
,,,,"Piso en calle de Medina de Pomar, Aeropuerto, Madrid",€269.000,,,,,,,,,,,,,,,,,,,,,,,
,,,,"Piso en calle de Medina del Campo, 18, Cuatro Vientos, Madrid",€2.653.500,,,,,,,,,,,,,,,,,,,,,,,
,,,,"Piso en calle de Mejía Lequerica, 17, Chueca-Justicia, Madrid",€526.000,,,,,,,,,,,,,,,,,,,,,,,
,,,,"Piso en calle de Méjico, Guindalera, Madrid",€829.900,,,,,,,,,,,,,,,,,,,,,,,
,,,,"Piso en calle de Mejorana, 29, Entrevías, Madrid",€197.000,,,,,,,,,,,,,,,,,,,,,,,
,,,,"Piso en calle de Mejorana, 6, Entrevías, Madrid",€196.000,,,,,,,,,,,,,,,,,,,,,,,
,,,,"Piso en calle de Mejorana, 9, Entrevías, Madrid",€225.000,,,,,,,,,,,,,,,,,,,,,,,
,,,,"Piso en calle de Mejorana, Entrevías, Madrid",€178.000,,,,,,,,,,,,,,,,,,,,,,,
,,,,"Piso en calle de Melchor Fernández Almagro, Pilar, Madrid",€550.000,,,,,,,,,,,,,,,,,,,,,,,
,,,,"Piso en calle de Meléndez Valdés, Gaztambide, Madrid",€2.450.000,,,,,,,,,,,,,,,,,,,,,,,
,,,,"Piso en calle de Melilla, 10, Acacias, Madrid",€798.000,,,,,,,,,,,,,,,,,,,,,,,
,,,,"Piso en calle de Melilla, Acacias, Madrid",€798.000,,,,,,,,,,,,,,,,,,,,,,,
,,,,"Piso en calle de Melquíades Álvarez, 23, Vallehermoso, Madrid",€940.000,,,,,,,,,,,,,,,,,,,,,,,
,,,,"Piso en calle de Membezar, Entrevías, Madrid",€159.000,,,,,,,,,,,,,,,,,,,,,,,
,,,,"Piso en calle de Menasalbas, Los Ángeles, Madrid",€129.000,,,,,,,,,,,,,,,,,,,,,,,
,,,,"Piso en calle de Méndez Álvaro, 64, Delicias, Madrid",€675.000,,,,,,,,,,,,,,,,,,,,,,,
,,,,"Piso en calle de Méndez Álvaro, Delicias, Madrid",€750.000,,,,,,,,,,,,,,,,,,,,,,,
,,,,"Piso en calle de Menorca, 29, Ibiza, Madrid",€860.000,,,,,,,,,,,,,,,,,,,,,,,
,,,,"Piso en calle de Menorca, Ibiza, Madrid",€4.205.000,,,,,,,,,,,,,,,,,,,,,,,
,,,,"Piso en calle de Mequinenza, Canillejas, Madrid",€315.000,,,,,,,,,,,,,,,,,,,,,,,
,,,,"Piso en calle de Mercedes Arteaga, 26, Opañel, Madrid",€156.000,,,,,,,,,,,,,,,,,,,,,,,
,,,,"Piso en calle de Mercedes Arteaga, 33, Opañel, Madrid",€150.300,,,,,,,,,,,,,,,,,,,,,,,
,,,,"Piso en calle de Mercedes Arteaga, Opañel, Madrid",€270.000,,,,,,,,,,,,,,,,,,,,,,,
,,,,"Piso en calle de Mercedes Arteaga, s/n, Opañel, Madrid",€140.000,,,,,,,,,,,,,,,,,,,,,,,
,,,,"Piso en calle de Mesonero Romanos, Sol, Madrid",€2.839.000,,,,,,,,,,,,,,,,,,,,,,,
,,,,"Piso en calle de Mieres, Simancas, Madrid",€265.000,,,,,,,,,,,,,,,,,,,,,,,
,,,,"Piso en calle de Miguel Ángel, Almagro, Madrid",€7.050.000,,,,,,,,,,,,,,,,,,,,,,,
,,,,"Piso en calle de Miguel Arredondo, 9, Chopera, Madrid",€400.000,,,,,,,,,,,,,,,,,,,,,,,
,,,,"Piso en calle de Miguel Arredondo, s/n, Chopera, Madrid",€217.000,,,,,,,,,,,,,,,,,,,,,,,
,,,,"Piso en calle de Miguel Servet, Lavapiés-Embajadores, Madrid",€695.000,,,,,,,,,,,,,,,,,,,,,,,
,,,,"Piso en calle de Miguel Yuste, Simancas, Madrid",€339.999,,,,,,,,,,,,,,,,,,,,,,,
,,,,"Piso en calle de Mira el Río Baja, Lavapiés-Embajadores, Madrid",€630.000,,,,,,,,,,,,,,,,,,,,,,,
,,,,"Piso en calle de Miranda de Arga, 2, Pinar del Rey, Madrid",€249.999,,,,,,,,,,,,,,,,,,,,,,,
,,,,"Piso en calle de Modesto Lafuente, Almagro, Madrid",€1.800.000,,,,,,,,,,,,,,,,,,,,,,,
,,,,"Piso en calle de Modesto Lafuente, Nuevos Ministerios-Ríos Rosas, Madrid",€3.365.000,,,,,,,,,,,,,,,,,,,,,,,
,,,,"Piso en calle de Mohernando, Portazgo, Madrid",€355.000,,,,,,,,,,,,,,,,,,,,,,,
,,,,"Piso en calle de Molina de Segura, 27, Marroquina, Madrid",€195.000,,,,,,,,,,,,,,,,,,,,,,,
,,,,"Piso en calle de Molina, Ventilla-Almenara, Madrid",€350.000,,,,,,,,,,,,,,,,,,,,,,,
,,,,"Piso en calle de Monseñor Oscar Romero, Puerta Bonita, Madrid",€1.042.000,,,,,,,,,,,,,,,,,,,,,,,
,,,,"Piso en calle de Monseñor Oscar Romero, Vista Alegre, Madrid",€1.002.000,,,,,,,,,,,,,,,,,,,,,,,
,,,,"Piso en calle de Montalbán, Jerónimos, Madrid",€4.150.000,,,,,,,,,,,,,,,,,,,,,,,
,,,,"Piso en calle de Montánchez, Entrevías, Madrid",€621.000,,,,,,,,,,,,,,,,,,,,,,,
,,,,"Piso en calle de Monteleón, 19, Malasaña-Universidad, Madrid",€930.000,,,,,,,,,,,,,,,,,,,,,,,
,,,,"Piso en calle de Monteleón, 20, Malasaña-Universidad, Madrid",€799.000,,,,,,,,,,,,,,,,,,,,,,,
,,,,"Piso en calle de Montemayor de Pililla, 19, Canillas, Madrid",€439.000,,,,,,,,,,,,,,,,,,,,,,,
,,,,"Piso en calle de Montes de Barbanza, 18, Casco Histórico de Vallecas, Madrid",€242.000,,,,,,,,,,,,,,,,,,,,,,,
,,,,"Piso en calle de Montes de Barbanza, Casco Histórico de Vallecas, Madrid",€185.000,,,,,,,,,,,,,,,,,,,,,,,
,,,,"Piso en calle de Montesa, 14, Goya, Madrid",€1.729.000,,,,,,,,,,,,,,,,,,,,,,,
,,,,"Piso en calle de Montesa, Goya, Madrid",€7.711.000,,,,,,,,,,,,,,,,,,,,,,,
,,,,"Piso en calle de Montseny, Numancia, Madrid",€161.600,,,,,,,,,,,,,,,,,,,,,,,
,,,,"Piso en calle de Moratín, 13, Huertas-Cortes, Madrid",€550.000,,,,,,,,,,,,,,,,,,,,,,,
,,,,"Piso en calle de Moratín, 55, Huertas-Cortes, Madrid",€825.000,,,,,,,,,,,,,,,,,,,,,,,
,,,,"Piso en calle de Moratín, Huertas-Cortes, Madrid",€1.599.000,,,,,,,,,,,,,,,,,,,,,,,
,,,,"Piso en calle de Moratines, 17, Acacias, Madrid",€409.000,,,,,,,,,,,,,,,,,,,,,,,
,,,,"Piso en calle de Moratines, Acacias, Madrid",€725.000,,,,,,,,,,,,,,,,,,,,,,,
,,,,"Piso en calle de Moreja, 12 de Octubre-Orcasur, Madrid",€600.000,,,,,,,,,,,,,,,,,,,,,,,
,,,,"Piso en calle de Morejón, Almagro, Madrid",€320.000,,,,,,,,,,,,,,,,,,,,,,,
,,,,"Piso en calle de Moreno Nieto, 16, Imperial, Madrid",€1.400.000,,,,,,,,,,,,,,,,,,,,,,,
,,,,"Piso en calle de Moreno Nieto, Imperial, Madrid",€1.200.000,,,,,,,,,,,,,,,,,,,,,,,
,,,,"Piso en calle de Mota del Cuervo, 28, Canillas, Madrid",€395.000,,,,,,,,,,,,,,,,,,,,,,,
,,,,"Piso en calle de Mota del Cuervo, 28, Conde Orgaz-Piovera, Madrid",€190.000,,,,,,,,,,,,,,,,,,,,,,,
,,,,"Piso en calle de Mota del Cuervo, 74, Canillas, Madrid",€358.000,,,,,,,,,,,,,,,,,,,,,,,
,,,,"Piso en calle de Mota del Cuervo, Canillas, Madrid",€430.000,,,,,,,,,,,,,,,,,,,,,,,
,,,,"Piso en calle de Mozart, Casa de Campo, Madrid",€474.000,,,,,,,,,,,,,,,,,,,,,,,
,,,,"Piso en calle de Muñoz Torrero, 7, Malasaña-Universidad, Madrid",€600.000,,,,,,,,,,,,,,,,,,,,,,,
,,,,"Piso en calle de Muñoz Torrero, Malasaña-Universidad, Madrid",€599.999,,,,,,,,,,,,,,,,,,,,,,,
,,,,"Piso en calle de Murcia, Palos de la Frontera, Madrid",€329.900,,,,,,,,,,,,,,,,,,,,,,,
,,,,"Piso en calle de Nanclares de Oca, Rejas, Madrid",€559.900,,,,,,,,,,,,,,,,,,,,,,,
,,,,"Piso en calle de Narciso Serra, 34, Pacífico, Madrid",€720.000,,,,,,,,,,,,,,,,,,,,,,,
,,,,"Piso en calle de Narciso Serra, Pacífico, Madrid",€550.000,,,,,,,,,,,,,,,,,,,,,,,
,,,,"Piso en calle de Narváez, Goya, Madrid",€7.945.000,,,,,,,,,,,,,,,,,,,,,,,
,,,,"Piso en calle de Narváez, Ibiza, Madrid",€505.000,,,,,,,,,,,,,,,,,,,,,,,
,,,,"Piso en calle de Navalmoral de la Mata, 25, Águilas, Madrid",€212.000,,,,,,,,,,,,,,,,,,,,,,,
,,,,"Piso en calle de Nicasio Gallego, 9, Trafalgar, Madrid",€2.200.000,,,,,,,,,,,,,,,,,,,,,,,
,,,,"Piso en calle de Nicolás Sánchez, Pradolongo, Madrid",€155.000,,,,,,,,,,,,,,,,,,,,,,,
,,,,"Piso en calle de Nicolás Usera, Pradolongo, Madrid",€374.000,,,,,,,,,,,,,,,,,,,,,,,
,,,,"Piso en calle de Nicolasa Gómez, 68, Canillejas, Madrid",€230.000,,,,,,,,,,,,,,,,,,,,,,,
,,,,"Piso en calle de Nicolasa Gómez, 78, Canillejas, Madrid",€219.900,,,,,,,,,,,,,,,,,,,,,,,
,,,,"Piso en calle de Nicolasa Gómez, 96, Canillejas, Madrid",€225.000,,,,,,,,,,,,,,,,,,,,,,,
,,,,"Piso en calle de Noblejas, Palacio, Madrid",€7.975.000,,,,,,,,,,,,,,,,,,,,,,,
,,,,"Piso en calle de Norberto, San Diego, Madrid",€229.990,,,,,,,,,,,,,,,,,,,,,,,
,,,,"Piso en calle de Nuestra Señora de la Antigua, Puerta Bonita, Madrid",€360.000,,,,,,,,,,,,,,,,,,,,,,,
,,,,"Piso en calle de Nuestra Señora de Luján, Nueva España, Madrid",€2.269.000,,,,,,,,,,,,,,,,,,,,,,,
,,,,"Piso en calle de Nuestra Señora de Valverde, Tres Olivos - Valverde, Madrid",€369.000,,,,,,,,,,,,,,,,,,,,,,,
,,,,"Piso en calle de Nuestra Señora del Carmen, 15, Berruguete, Madrid",€280.000,,,,,,,,,,,,,,,,,,,,,,,
,,,,"Piso en calle de Nuestra Señora del Villar, Ventas, Madrid",€1.227.000,,,,,,,,,,,,,,,,,,,,,,,
,,,,"Piso en calle de Núñez de Arce, Huertas-Cortes, Madrid",€2.500.000,,,,,,,,,,,,,,,,,,,,,,,
,,,,"Piso en calle de Núñez de Balboa, 30, Castellana, Madrid",€600.000,,,,,,,,,,,,,,,,,,,,,,,
,,,,"Piso en calle de Núñez de Balboa, 40, Recoletos, Madrid",€1.789.000,,,,,,,,,,,,,,,,,,,,,,,
,,,,"Piso en calle de Núñez de Balboa, 56, Castellana, Madrid",€830.000,,,,,,,,,,,,,,,,,,,,,,,
,,,,"Piso en calle de Núñez de Balboa, 65, Recoletos, Madrid",€3.100.000,,,,,,,,,,,,,,,,,,,,,,,
,,,,"Piso en calle de Núñez de Balboa, Castellana, Madrid",€41.770.000,,,,,,,,,,,,,,,,,,,,,,,
,,,,"Piso en calle de Núñez de Balboa, El Viso, Madrid",€2.050.000,,,,,,,,,,,,,,,,,,,,,,,
,,,,"Piso en calle de Nuñez de Balboa, Recoletos, Madrid",€4.500.000,,,,,,,,,,,,,,,,,,,,,,,
,,,,"Piso en calle de Núñez de Balboa, Recoletos, Madrid",€33.624.000,,,,,,,,,,,,,,,,,,,,,,,
,,,,"Piso en calle de Núñez de Balboa, s/n, Castellana, Madrid",€1.690.000,,,,,,,,,,,,,,,,,,,,,,,
,,,,"Piso en calle de Núñez Morgado, Castilla, Madrid",€1.980.000,,,,,,,,,,,,,,,,,,,,,,,
,,,,"Piso en calle de Nuria, 83, Mirasierra, Madrid",€560.000,,,,,,,,,,,,,,,,,,,,,,,
,,,,"Piso en calle de Nuria, Mirasierra, Madrid",€560.000,,,,,,,,,,,,,,,,,,,,,,,
,,,,"Piso en calle de O'Donnell, 19, Goya, Madrid",€2.450.000,,,,,,,,,,,,,,,,,,,,,,,
,,,,"Piso en calle de O'Donnell, 20, Ibiza, Madrid",€1.275.000,,,,,,,,,,,,,,,,,,,,,,,
,,,,"Piso en calle de O'Donnell, 4, Ibiza, Madrid",€2.200.000,,,,,,,,,,,,,,,,,,,,,,,
,,,,"Piso en calle de O'Donnell, 44, Ibiza, Madrid",€1.450.000,,,,,,,,,,,,,,,,,,,,,,,
,,,,"Piso en calle de O'Donnell, 46, Ibiza, Madrid",€1.195.000,,,,,,,,,,,,,,,,,,,,,,,
,,,,"Piso en calle de O'Donnell, Goya, Madrid",€38.187.000,,,,,,,,,,,,,,,,,,,,,,,
,,,,"Piso en calle de O'Donnell, Ibiza, Madrid",€8.014.000,,,,,,,,,,,,,,,,,,,,,,,
,,,,"Piso en calle de O'Donnell, Madrid, Goya, Madrid",€4.000.000,,,,,,,,,,,,,,,,,,,,,,,
,,,,"Piso en calle de O'Donnell, Recoletos, Madrid",€4.500.000,,,,,,,,,,,,,,,,,,,,,,,
,,,,"Piso en calle de Ocaña, 22, Aluche, Madrid",€165.000,,,,,,,,,,,,,,,,,,,,,,,
,,,,"Piso en calle de Ocaña, Aluche, Madrid",€1.441.500,,,,,,,,,,,,,,,,,,,,,,,
,,,,"Piso en calle de Ofelia Nieto, 9, Valdezarza, Madrid",€550.000,,,,,,,,,,,,,,,,,,,,,,,
,,,,"Piso en calle de Ofelia Nieto, Valdezarza, Madrid",€250.000,,,,,,,,,,,,,,,,,,,,,,,
,,,,"Piso en calle de Olite, Bellas Vistas, Madrid",€699.970,,,,,,,,,,,,,,,,,,,,,,,
,,,,"Piso en calle de Oliva de Plasencia, Águilas, Madrid",€240.000,,,,,,,,,,,,,,,,,,,,,,,
,,,,"Piso en calle de Oña, Virgen del Cortijo - Manoteras, Madrid",€300.000,,,,,,,,,,,,,,,,,,,,,,,
,,,,"Piso en calle de Orellana, Chueca-Justicia, Madrid",€2.160.000,,,,,,,,,,,,,,,,,,,,,,,
,,,,"Piso en calle de Orense, 27, Cuatro Caminos, Madrid",€1.150.000,,,,,,,,,,,,,,,,,,,,,,,
,,,,"Piso en calle de Orense, 44, Cuzco-Castillejos, Madrid",€510.000,,,,,,,,,,,,,,,,,,,,,,,
,,,,"Piso en calle de Orense, 69, Cuzco-Castillejos, Madrid",€4.073.000,,,,,,,,,,,,,,,,,,,,,,,
,,,,"Piso en calle de Orense, Cuatro Caminos, Madrid",€6.194.500,,,,,,,,,,,,,,,,,,,,,,,
,,,,"Piso en calle de Orense, Cuzco-Castillejos, Madrid",€2.710.000,,,,,,,,,,,,,,,,,,,,,,,
,,,,"Piso en calle de Orense, s/n, Cuatro Caminos, Madrid",€710.000,,,,,,,,,,,,,,,,,,,,,,,
,,,,"Piso en calle de Orion, 5, Casco Histórico de Barajas, Madrid",€280.000,,,,,,,,,,,,,,,,,,,,,,,
,,,,"Piso en calle de Oruro, 4, Bernabéu-Hispanoamérica, Madrid",€715.000,,,,,,,,,,,,,,,,,,,,,,,
,,,,"Piso en calle de Oteiza, 48, San Fermín, Madrid",€170.000,,,,,,,,,,,,,,,,,,,,,,,
,,,,"Piso en calle de Oteiza, San Fermín, Madrid",€1.041.600,,,,,,,,,,,,,,,,,,,,,,,
,,,,"Piso en calle de Pablo Lafargue, Ventas, Madrid",€219.000,,,,,,,,,,,,,,,,,,,,,,,
,,,,"Piso en calle de Pablo Serrano, 15, Pinar del Rey, Madrid",€210.000,,,,,,,,,,,,,,,,,,,,,,,
,,,,"Piso en calle de Pablo Vidal, 9, Colina, Madrid",€855.000,,,,,,,,,,,,,,,,,,,,,,,
,,,,"Piso en calle de Padilla, 40, Castellana, Madrid",€3.300.000,,,,,,,,,,,,,,,,,,,,,,,
,,,,"Piso en calle de Padilla, 88, Lista, Madrid",€4.197.000,,,,,,,,,,,,,,,,,,,,,,,
,,,,"Piso en calle de Padilla, Castellana, Madrid",€9.240.000,,,,,,,,,,,,,,,,,,,,,,,
,,,,"Piso en calle de Padilla, Lista, Madrid",€34.824.999,,,,,,,,,,,,,,,,,,,,,,,
,,,,"Piso en calle de Palafox, 1, Trafalgar, Madrid",€1.000.000,,,,,,,,,,,,,,,,,,,,,,,
,,,,"Piso en calle de Palafox, s/n, Trafalgar, Madrid",€950.000,,,,,,,,,,,,,,,,,,,,,,,
,,,,"Piso en calle de Palafox, Trafalgar, Madrid",€6.934.000,,,,,,,,,,,,,,,,,,,,,,,
,,,,"Piso en calle de Palas de Rey, 52, Las Tablas, Madrid",€449.000,,,,,,,,,,,,,,,,,,,,,,,
,,,,"Piso en calle de Palomares, s/n, Villaverde Alto, Madrid",€214.000,,,,,,,,,,,,,,,,,,,,,,,
,,,,"Piso en calle de Palomares, Villaverde Alto, Madrid",€124.000,,,,,,,,,,,,,,,,,,,,,,,
,,,,"Piso en calle de Palos de la Frontera, 16, Palos de la Frontera, Madrid",€440.000,,,,,,,,,,,,,,,,,,,,,,,
,,,,"Piso en calle de Pamplona, Bellas Vistas, Madrid",€265.000,,,,,,,,,,,,,,,,,,,,,,,
,,,,"Piso en calle de Paradinas, Imperial, Madrid",€475.000,,,,,,,,,,,,,,,,,,,,,,,
,,,,"Piso en calle de Parodia, Lucero, Madrid",€410.000,,,,,,,,,,,,,,,,,,,,,,,
,,,,"Piso en calle de Parvillas Altas, 11, Villaverde Alto, Madrid",€99.500,,,,,,,,,,,,,,,,,,,,,,,
,,,,"Piso en calle de Parvillas Altas, Villaverde Alto, Madrid",€90.000,,,,,,,,,,,,,,,,,,,,,,,
,,,,"Piso en calle de Paterna, 53, San Cristóbal, Madrid",€174.500,,,,,,,,,,,,,,,,,,,,,,,
,,,,"Piso en calle de Pedro de Valdivia, 36, El Viso, Madrid",€2.300.000,,,,,,,,,,,,,,,,,,,,,,,
,,,,"Piso en calle de Pedro de Valdivia, El Viso, Madrid",€12.050.000,,,,,,,,,,,,,,,,,,,,,,,
,,,,"Piso en calle de Pedro Domingo, 15, Puerta Bonita, Madrid",€215.000,,,,,,,,,,,,,,,,,,,,,,,
,,,,"Piso en calle de Pedro Rico, 27, La Paz, Madrid",€1.050.000,,,,,,,,,,,,,,,,,,,,,,,
,,,,"Piso en calle de Pedro Teixeira, Cuatro Caminos, Madrid",€1.950.000,,,,,,,,,,,,,,,,,,,,,,,
,,,,"Piso en calle de Peironcely, 42, Entrevías, Madrid",€250.000,,,,,,,,,,,,,,,,,,,,,,,
,,,,"Piso en calle de Peironcely, Entrevías, Madrid",€276.000,,,,,,,,,,,,,,,,,,,,,,,
,,,,"Piso en calle de Pelayo, 22, Chueca-Justicia, Madrid",€530.000,,,,,,,,,,,,,,,,,,,,,,,
,,,,"Piso en calle de Pelayo, Chueca-Justicia, Madrid",€2.645.000,,,,,,,,,,,,,,,,,,,,,,,
,,,,"Piso en calle de Peña Cavero, Casco Histórico de Vallecas, Madrid",€234.900,,,,,,,,,,,,,,,,,,,,,,,
,,,,"Piso en calle de Peña de la Atalaya, 125, San Diego, Madrid",€93.300,,,,,,,,,,,,,,,,,,,,,,,
,,,,"Piso en calle de Peña de la Atalaya, 23, San Diego, Madrid",€127.000,,,,,,,,,,,,,,,,,,,,,,,
,,,,"Piso en calle de Peña de la Atalaya, San Diego, Madrid",€459.900,,,,,,,,,,,,,,,,,,,,,,,
,,,,"Piso en calle de Peña Gorbea, San Diego, Madrid",€165.000,,,,,,,,,,,,,,,,,,,,,,,
,,,,"Piso en calle de Peña Nueva, Casco Histórico de Vallecas, Madrid",€249.900,,,,,,,,,,,,,,,,,,,,,,,
,,,,"Piso en calle de Peñalara de Aravaca, Aravaca, Madrid",€720.000,,,,,,,,,,,,,,,,,,,,,,,
,,,,"Piso en calle de Peñaranda de Bracamonte, Ensanche de Vallecas - La Gavia, Madrid",€489.000,,,,,,,,,,,,,,,,,,,,,,,
,,,,"Piso en calle de Pepe Isbert, Pueblo Nuevo, Madrid",€385.000,,,,,,,,,,,,,,,,,,,,,,,
,,,,"Piso en calle de Pico de la Peña Golosa, Numancia, Madrid",€339.900,,,,,,,,,,,,,,,,,,,,,,,
,,,,"Piso en calle de Pinilla del Valle, Prosperidad, Madrid",€495.000,,,,,,,,,,,,,,,,,,,,,,,
,,,,"Piso en calle de Pinos Baja, Valdeacederas, Madrid",€820.000,,,,,,,,,,,,,,,,,,,,,,,
,,,,"Piso en calle de Pirra, Rejas, Madrid",€249.000,,,,,,,,,,,,,,,,,,,,,,,
,,,,"Piso en calle de Ponferrada, 46, Pilar, Madrid",€320.000,,,,,,,,,,,,,,,,,,,,,,,
,,,,"Piso en calle de Ponferrada, Pilar, Madrid",€240.000,,,,,,,,,,,,,,,,,,,,,,,
,,,,"Piso en calle de Poniente, 25, Castilla, Madrid",€670.000,,,,,,,,,,,,,,,,,,,,,,,
,,,,"Piso en calle de Pont de Molins, 15, Portazgo, Madrid",€87.410,,,,,,,,,,,,,,,,,,,,,,,
,,,,"Piso en calle de Ponzano, Nuevos Ministerios-Ríos Rosas, Madrid",€975.000,,,,,,,,,,,,,,,,,,,,,,,
,,,,"Piso en calle de Portalegre, 11, Opañel, Madrid",€298.000,,,,,,,,,,,,,,,,,,,,,,,
,,,,"Piso en calle de Portalegre, Opañel, Madrid",€740.890,,,,,,,,,,,,,,,,,,,,,,,
,,,,"Piso en calle de Potosí, 4, Bernabéu-Hispanoamérica, Madrid",€450.000,,,,,,,,,,,,,,,,,,,,,,,
,,,,"Piso en calle de Potosí, Bernabéu-Hispanoamérica, Madrid",€1.250.000,,,,,,,,,,,,,,,,,,,,,,,
,,,,"Piso en calle de Poza de la Sal, 14, Santa Eugenia, Madrid",€380.000,,,,,,,,,,,,,,,,,,,,,,,
,,,,"Piso en calle de Pradillo, Ciudad Jardín, Madrid",€1.550.000,,,,,,,,,,,,,,,,,,,,,,,
,,,,"Piso en calle de Prado Alegre, 8, Campamento, Madrid",€239.000,,,,,,,,,,,,,,,,,,,,,,,
,,,,"Piso en calle de Preciados, 24, Sol, Madrid",€790.000,,,,,,,,,,,,,,,,,,,,,,,
,,,,"Piso en calle de Preciados, 33, Sol, Madrid",€2.999.000,,,,,,,,,,,,,,,,,,,,,,,
,,,,"Piso en calle de Preciados, Sol, Madrid",€2.779.000,,,,,,,,,,,,,,,,,,,,,,,
,,,,"Piso en calle de Prim, Chueca-Justicia, Madrid",€4.300.000,,,,,,,,,,,,,,,,,,,,,,,
,,,,"Piso en calle de Puenteareas, Prosperidad, Madrid",€559.000,,,,,,,,,,,,,,,,,,,,,,,
,,,,"Piso en calle de Puentedey, Ensanche de Vallecas - La Gavia, Madrid",€745.000,,,,,,,,,,,,,,,,,,,,,,,
,,,,"Piso en calle de Puentelarra, Santa Eugenia, Madrid",€167.700,,,,,,,,,,,,,,,,,,,,,,,
,,,,"Piso en calle de Puerto Serrano, 30, Legazpi, Madrid",€735.000,,,,,,,,,,,,,,,,,,,,,,,
,,,,"Piso en calle de Puerto Serrano, Legazpi, Madrid",€735.000,,,,,,,,,,,,,,,,,,,,,,,
,,,,"Piso en calle de Purchena, 71, Apóstol Santiago, Madrid",€520.000,,,,,,,,,,,,,,,,,,,,,,,
,,,,"Piso en calle de Quero, 93, Aluche, Madrid",€259.000,,,,,,,,,,,,,,,,,,,,,,,
,,,,"Piso en calle de Quero, Aluche, Madrid",€285.000,,,,,,,,,,,,,,,,,,,,,,,
,,,,"Piso en calle de Quijada de Pandiellos, San Diego, Madrid",€199.000,,,,,,,,,,,,,,,,,,,,,,,
,,,,"Piso en calle de Quintana, Argüelles, Madrid",€1.040.000,,,,,,,,,,,,,,,,,,,,,,,
,,,,"Piso en calle de Quintiliano, 13, Prosperidad, Madrid",€555.000,,,,,,,,,,,,,,,,,,,,,,,
,,,,"Piso en calle de Rafael Bergamín, San Juan Bautista, Madrid",€930.000,,,,,,,,,,,,,,,,,,,,,,,
,,,,"Piso en calle de Rafael Calvo, Almagro, Madrid",€5.649.000,,,,,,,,,,,,,,,,,,,,,,,
,,,,"Piso en calle de Rafael de Riego, Palos de la Frontera, Madrid",€370.000,,,,,,,,,,,,,,,,,,,,,,,
,,,,"Piso en calle de Rafael Fernández Hijicos, 15, Palomeras sureste, Madrid",€229.000,,,,,,,,,,,,,,,,,,,,,,,
,,,,"Piso en calle de Rafael Fernández Hijicos, Palomeras sureste, Madrid",€94.000,,,,,,,,,,,,,,,,,,,,,,,
,,,,"Piso en calle de Rafael Juan y Seva, Fuente del Berro, Madrid",€357.900,,,,,,,,,,,,,,,,,,,,,,,
,,,,"Piso en calle de Rafael Salgado, Bernabéu-Hispanoamérica, Madrid",€930.000,,,,,,,,,,,,,,,,,,,,,,,
,,,,"Piso en calle de Raimundo Fernández Villaverde, 1, Nuevos Ministerios-Ríos Rosas, Madrid",€795.000,,,,,,,,,,,,,,,,,,,,,,,
,,,,"Piso en calle de Raimundo Fernández Villaverde, 10, Nuevos Ministerios-Ríos Rosas, Madrid",€1.190.000,,,,,,,,,,,,,,,,,,,,,,,
,,,,"Piso en calle de Raimundo Fernández Villaverde, 14, Nuevos Ministerios-Ríos Rosas, Madrid",€750.000,,,,,,,,,,,,,,,,,,,,,,,
,,,,"Piso en calle de Raimundo Fernández Villaverde, Cuatro Caminos, Madrid",€5.498.000,,,,,,,,,,,,,,,,,,,,,,,
,,,,"Piso en calle de Raimundo Fernández Villaverde, s/n, Cuatro Caminos, Madrid",€750.000,,,,,,,,,,,,,,,,,,,,,,,
,,,,"Piso en calle de Ramírez de Prado, Delicias, Madrid",€1.100.000,,,,,,,,,,,,,,,,,,,,,,,
,,,,"Piso en calle de Ramiro II, 6, Vallehermoso, Madrid",€795.000,,,,,,,,,,,,,,,,,,,,,,,
,,,,"Piso en calle de Ramón Azorín, Los Cármenes, Madrid",€155.000,,,,,,,,,,,,,,,,,,,,,,,
,,,,"Piso en calle de Ramón Luján, 71, Almendrales, Madrid",€275.000,,,,,,,,,,,,,,,,,,,,,,,
,,,,"Piso en calle de Ramón Luján, Almendrales, Madrid",€289.900,,,,,,,,,,,,,,,,,,,,,,,
,,,,"Piso en calle de Ramón Pérez de Ayala, 70, Numancia, Madrid",€230.000,,,,,,,,,,,,,,,,,,,,,,,
,,,,"Piso en calle de Ramón Pérez de Ayala, 74, Numancia, Madrid",€234.500,,,,,,,,,,,,,,,,,,,,,,,
,,,,"Piso en calle de Ramón Pérez de Ayala, Numancia, Madrid",€429.999,,,,,,,,,,,,,,,,,,,,,,,
,,,,"Piso en calle de Ramón Serrano, Vista Alegre, Madrid",€505.000,,,,,,,,,,,,,,,,,,,,,,,
,,,,"Piso en calle de Ramos Carrión, 5, Prosperidad, Madrid",€415.000,,,,,,,,,,,,,,,,,,,,,,,
,,,,"Piso en calle de Recaredo, El Viso, Madrid",€740.000,,,,,,,,,,,,,,,,,,,,,,,
,,,,"Piso en calle de Recoletos, 19, Recoletos, Madrid",€4.700.000,,,,,,,,,,,,,,,,,,,,,,,
,,,,"Piso en calle de Recoletos, Recoletos, Madrid",€21.115.000,,,,,,,,,,,,,,,,,,,,,,,
,,,,"Piso en calle de Recoletos, s/n, Recoletos, Madrid",€2.600.000,,,,,,,,,,,,,,,,,,,,,,,
,,,,"Piso en calle de Ribadavia, 29, Pilar, Madrid",€212.000,,,,,,,,,,,,,,,,,,,,,,,
,,,,"Piso en calle de Ribadavia, Pilar, Madrid",€630.000,,,,,,,,,,,,,,,,,,,,,,,
,,,,"Piso en calle de Ricardo Beltrán y Rózpide, Zofío, Madrid",€330.000,,,,,,,,,,,,,,,,,,,,,,,
,,,,"Piso en calle de Ricardo Goizueta, Legazpi, Madrid",€600.000,,,,,,,,,,,,,,,,,,,,,,,
,,,,"Piso en calle de Ricardo Ortiz, Ventas, Madrid",€536.000,,,,,,,,,,,,,,,,,,,,,,,
,,,,"Piso en calle de Ríos Rosas, 41, Nuevos Ministerios-Ríos Rosas, Madrid",€1.080.000,,,,,,,,,,,,,,,,,,,,,,,
,,,,"Piso en calle de Ríos Rosas, 54, Nuevos Ministerios-Ríos Rosas, Madrid",€1.480.000,,,,,,,,,,,,,,,,,,,,,,,
,,,,"Piso en calle de Ríos Rosas, Nuevos Ministerios-Ríos Rosas, Madrid",€1.465.000,,,,,,,,,,,,,,,,,,,,,,,
,,,,"Piso en calle de Rocafort, 22, San Cristóbal, Madrid",€68.400,,,,,,,,,,,,,,,,,,,,,,,
,,,,"Piso en calle de Rocafort, San Cristóbal, Madrid",€209.000,,,,,,,,,,,,,,,,,,,,,,,
,,,,"Piso en calle de Rodríguez Espinosa, Palomeras Bajas, Madrid",€99.000,,,,,,,,,,,,,,,,,,,,,,,
,,,,"Piso en calle de Rodríguez Espinosa, s/n, Palomeras Bajas, Madrid",€70.000,,,,,,,,,,,,,,,,,,,,,,,
,,,,"Piso en calle de Rodríguez Marín, El Viso, Madrid",€1.680.000,,,,,,,,,,,,,,,,,,,,,,,
,,,,"Piso en calle de Rodríguez San Pedro, 50, Gaztambide, Madrid",€920.000,,,,,,,,,,,,,,,,,,,,,,,
,,,,"Piso en calle de Rodríguez San Pedro, Arapiles, Madrid",€500.000,,,,,,,,,,,,,,,,,,,,,,,
,,,,"Piso en calle de Romero Robledo, Argüelles, Madrid",€298.000,,,,,,,,,,,,,,,,,,,,,,,
,,,,"Piso en calle de Rufino Blanco, 16, Fuente del Berro, Madrid",€309.000,,,,,,,,,,,,,,,,,,,,,,,
,,,,"Piso en calle de Rufino Blanco, Fuente del Berro, Madrid",€1.240.500,,,,,,,,,,,,,,,,,,,,,,,
,,,,"Piso en calle de Ruiz de Alarcón, Jerónimos, Madrid",€6.078.000,,,,,,,,,,,,,,,,,,,,,,,
,,,,"Piso en calle de Ruiz, 10, Malasaña-Universidad, Madrid",€505.000,,,,,,,,,,,,,,,,,,,,,,,
,,,,"Piso en calle de Ruiz, Malasaña-Universidad, Madrid",€2.599.000,,,,,,,,,,,,,,,,,,,,,,,
,,,,"Piso en calle de Rumanía, 3, Rosas, Madrid",€375.000,,,,,,,,,,,,,,,,,,,,,,,
,,,,"Piso en calle de Saavedra Fajardo, Puerta del Ángel, Madrid",€2.432.400,,,,,,,,,,,,,,,,,,,,,,,
,,,,"Piso en calle de Sabadell, Tres Olivos - Valverde, Madrid",€290.000,,,,,,,,,,,,,,,,,,,,,,,
,,,,"Piso en calle de Sagasta, Chueca-Justicia, Madrid",€2.490.000,,,,,,,,,,,,,,,,,,,,,,,
,,,,"Piso en calle de Sagasta, Trafalgar, Madrid",€1.350.000,,,,,,,,,,,,,,,,,,,,,,,
,,,,"Piso en calle de Sáhara, 46, Los Rosales, Madrid",€145.000,,,,,,,,,,,,,,,,,,,,,,,
,,,,"Piso en calle de Sáhara, 85, Los Rosales, Madrid",€95.000,,,,,,,,,,,,,,,,,,,,,,,
,,,,"Piso en calle de Sáhara, Los Rosales, Madrid",€362.000,,,,,,,,,,,,,,,,,,,,,,,
,,,,"Piso en calle de Sáhara, s/n, Los Rosales, Madrid",€105.000,,,,,,,,,,,,,,,,,,,,,,,
,,,,"Piso en calle de Salasierra, s/n, Moscardó, Madrid",€289.000,,,,,,,,,,,,,,,,,,,,,,,
,,,,"Piso en calle de Salvador Allende, Pau de Carabanchel, Madrid",€527.000,,,,,,,,,,,,,,,,,,,,,,,
,,,,"Piso en calle de Salvador Alonso, San Isidro, Madrid",€265.000,,,,,,,,,,,,,,,,,,,,,,,
,,,,"Piso en calle de Salvador de Madariaga, San Pascual, Madrid",€249.930,,,,,,,,,,,,,,,,,,,,,,,
,,,,"Piso en calle de Salvador Martínez, 12 de Octubre-Orcasur, Madrid",€586.000,,,,,,,,,,,,,,,,,,,,,,,
,,,,"Piso en calle de Samaniego, 12, Rejas, Madrid",€665.000,,,,,,,,,,,,,,,,,,,,,,,
,,,,"Piso en calle de Samaria, 10, Niño Jesús, Madrid",€1.780.000,,,,,,,,,,,,,,,,,,,,,,,
,,,,"Piso en calle de Sambara, 79, Quintana, Madrid",€195.000,,,,,,,,,,,,,,,,,,,,,,,
,,,,"Piso en calle de Sambara, Quintana, Madrid",€143.000,,,,,,,,,,,,,,,,,,,,,,,
,,,,"Piso en calle de San Andrés, 5, Malasaña-Universidad, Madrid",€250.000,,,,,,,,,,,,,,,,,,,,,,,
,,,,"Piso en calle de San Andrés, Malasaña-Universidad, Madrid",€1.200.000,,,,,,,,,,,,,,,,,,,,,,,
,,,,"Piso en calle de San Aquilino, Ventilla-Almenara, Madrid",€349.000,,,,,,,,,,,,,,,,,,,,,,,
,,,,"Piso en calle de San Bartolomé, 13, Chueca-Justicia, Madrid",€790.000,,,,,,,,,,,,,,,,,,,,,,,
,,,,"Piso en calle de San Bartolomé, 7, Chueca-Justicia, Madrid",€1.650.000,,,,,,,,,,,,,,,,,,,,,,,
,,,,"Piso en calle de San Bartolomé, Chueca-Justicia, Madrid",€6.499.900,,,,,,,,,,,,,,,,,,,,,,,
,,,,"Piso en calle de San Benito, 24, Ventilla-Almenara, Madrid",€490.000,,,,,,,,,,,,,,,,,,,,,,,
,,,,"Piso en calle de San Benito, 8, Ventilla-Almenara, Madrid",€650.000,,,,,,,,,,,,,,,,,,,,,,,
,,,,"Piso en calle de San Bernardo, 15, Malasaña-Universidad, Madrid",€1.450.000,,,,,,,,,,,,,,,,,,,,,,,
,,,,"Piso en calle de San Bernardo, 77, Malasaña-Universidad, Madrid",€570.000,,,,,,,,,,,,,,,,,,,,,,,
,,,,"Piso en calle de San Bernardo, 89, Malasaña-Universidad, Madrid",€1.200.000,,,,,,,,,,,,,,,,,,,,,,,
,,,,"Piso en calle de San Bernardo, Malasaña-Universidad, Madrid",€8.080.000,,,,,,,,,,,,,,,,,,,,,,,
,,,,"Piso en calle de San Carlos, Lavapiés-Embajadores, Madrid",€429.000,,,,,,,,,,,,,,,,,,,,,,,
,,,,"Piso en calle de San Claudio, Palomeras sureste, Madrid",€354.000,,,,,,,,,,,,,,,,,,,,,,,
,,,,"Piso en calle de San Dalmacio, Villaverde Alto, Madrid",€49.900,,,,,,,,,,,,,,,,,,,,,,,
,,,,"Piso en calle de San Diego, 8, Portazgo, Madrid",€261.000,,,,,,,,,,,,,,,,,,,,,,,
,,,,"Piso en calle de San Emilio, Ventas, Madrid",€312.000,,,,,,,,,,,,,,,,,,,,,,,
,,,,"Piso en calle de San Faustino, Canillejas, Madrid",€245.000,,,,,,,,,,,,,,,,,,,,,,,
,,,,"Piso en calle de San Fidel, Pueblo Nuevo, Madrid",€439.000,,,,,,,,,,,,,,,,,,,,,,,
,,,,"Piso en calle de San Florencio, 5, Numancia, Madrid",€190.000,,,,,,,,,,,,,,,,,,,,,,,
,,,,"Piso en calle de San Florencio, Numancia, Madrid",€109.400,,,,,,,,,,,,,,,,,,,,,,,
,,,,"Piso en calle de San Germán, Cuatro Caminos, Madrid",€1.548.000,,,,,,,,,,,,,,,,,,,,,,,
,,,,"Piso en calle de San Germán, Cuzco-Castillejos, Madrid",€579.000,,,,,,,,,,,,,,,,,,,,,,,
,,,,"Piso en calle de San Gregorio, Chueca-Justicia, Madrid",€1.404.000,,,,,,,,,,,,,,,,,,,,,,,
,,,,"Piso en calle de San Gumersindo, Ventas, Madrid",€265.000,,,,,,,,,,,,,,,,,,,,,,,
,,,,"Piso en calle de San Hermenegildo, 20, Malasaña-Universidad, Madrid",€199.000,,,,,,,,,,,,,,,,,,,,,,,
,,,,"Piso en calle de San Hermenegildo, Malasaña-Universidad, Madrid",€639.000,,,,,,,,,,,,,,,,,,,,,,,
,,,,"Piso en calle de San Ildefonso, Lavapiés-Embajadores, Madrid",€243.000,,,,,,,,,,,,,,,,,,,,,,,
,,,,"Piso en calle de San Jaime, Ensanche de Vallecas - La Gavia, Madrid",€460.000,,,,,,,,,,,,,,,,,,,,,,,
,,,,"Piso en calle de San Joaquín, 16, Malasaña-Universidad, Madrid",€590.000,,,,,,,,,,,,,,,,,,,,,,,
,,,,"Piso en calle de San Julio, El Viso, Madrid",€1.662.000,,,,,,,,,,,,,,,,,,,,,,,
,,,,"Piso en calle de San Leopoldo, Ventilla-Almenara, Madrid",€730.000,,,,,,,,,,,,,,,,,,,,,,,
,,,,"Piso en calle de San Lucas, Chueca-Justicia, Madrid",€1.950.000,,,,,,,,,,,,,,,,,,,,,,,
,,,,"Piso en calle de San Magín, Zofío, Madrid",€480.000,,,,,,,,,,,,,,,,,,,,,,,
,,,,"Piso en calle de San Marcelo, 22, Ventas, Madrid",€355.000,,,,,,,,,,,,,,,,,,,,,,,
,,,,"Piso en calle de San Marcelo, Ventas, Madrid",€809.900,,,,,,,,,,,,,,,,,,,,,,,
,,,,"Piso en calle de San Mariano, 106, Canillejas, Madrid",€140.200,,,,,,,,,,,,,,,,,,,,,,,
,,,,"Piso en calle de San Mariano, Canillejas, Madrid",€140.200,,,,,,,,,,,,,,,,,,,,,,,
,,,,"Piso en calle de San Marino, Rosas, Madrid",€535.000,,,,,,,,,,,,,,,,,,,,,,,
,,,,"Piso en calle de San Maximiliano, 51, Ventas, Madrid",€319.900,,,,,,,,,,,,,,,,,,,,,,,
,,,,"Piso en calle de San Maximiliano, 9, Ventas, Madrid",€359.900,,,,,,,,,,,,,,,,,,,,,,,
,,,,"Piso en calle de San Maximiliano, Ventas, Madrid",€175.000,,,,,,,,,,,,,,,,,,,,,,,
,,,,"Piso en calle de San Máximo, San Fermín, Madrid",€780.000,,,,,,,,,,,,,,,,,,,,,,,
,,,,"Piso en calle de San Millán, Lavapiés-Embajadores, Madrid",€430.000,,,,,,,,,,,,,,,,,,,,,,,
,,,,"Piso en calle de San Nazario, Prosperidad, Madrid",€2.274.000,,,,,,,,,,,,,,,,,,,,,,,
,,,,"Piso en calle de San Nicolás, Palacio, Madrid",€2.530.000,,,,,,,,,,,,,,,,,,,,,,,
,,,,"Piso en calle de San Pablo, 6, Águilas, Madrid",€170.000,,,,,,,,,,,,,,,,,,,,,,,
,,,,"Piso en calle de San Pablo, Águilas, Madrid",€230.000,,,,,,,,,,,,,,,,,,,,,,,
,,,,"Piso en calle de San Pedro de Cardeña, Apóstol Santiago, Madrid",€230.000,,,,,,,,,,,,,,,,,,,,,,,
,,,,"Piso en calle de San Pedro de Cardeña, s/n, Apóstol Santiago, Madrid",€275.000,,,,,,,,,,,,,,,,,,,,,,,
,,,,"Piso en calle de San Pedro Mártir, Lavapiés-Embajadores, Madrid",€480.000,,,,,,,,,,,,,,,,,,,,,,,
,,,,"Piso en calle de San Pedro, Huertas-Cortes, Madrid",€2.113.000,,,,,,,,,,,,,,,,,,,,,,,
,,,,"Piso en calle de San Raimundo, Bellas Vistas, Madrid",€1.243.625,,,,,,,,,,,,,,,,,,,,,,,
,,,,"Piso en calle de San Rogelio, Bellas Vistas, Madrid",€529.000,,,,,,,,,,,,,,,,,,,,,,,
,,,,"Piso en calle de San Roque, Malasaña-Universidad, Madrid",€2.005.800,,,,,,,,,,,,,,,,,,,,,,,
,,,,"Piso en calle de San Rosendo, Canillejas, Madrid",€290.000,,,,,,,,,,,,,,,,,,,,,,,
,,,,"Piso en calle de San Samuel, Ventas, Madrid",€619.500,,,,,,,,,,,,,,,,,,,,,,,
,,,,"Piso en calle de San Sebastián, Huertas-Cortes, Madrid",€1.850.000,,,,,,,,,,,,,,,,,,,,,,,
,,,,"Piso en calle de San Secundino, Ventas, Madrid",€217.000,,,,,,,,,,,,,,,,,,,,,,,
,,,,"Piso en calle de San Silvestre, Opañel, Madrid",€955.000,,,,,,,,,,,,,,,,,,,,,,,
,,,,"Piso en calle de San Telesforo, Pueblo Nuevo, Madrid",€1.019.900,,,,,,,,,,,,,,,,,,,,,,,
,,,,"Piso en calle de San Valeriano, Bellas Vistas, Madrid",€309.000,,,,,,,,,,,,,,,,,,,,,,,
,,,,"Piso en calle de San Vicente Ferrer, 17, Malasaña-Universidad, Madrid",€720.000,,,,,,,,,,,,,,,,,,,,,,,
,,,,"Piso en calle de San Vicente Ferrer, 34, Malasaña-Universidad, Madrid",€1.150.000,,,,,,,,,,,,,,,,,,,,,,,
,,,,"Piso en calle de San Vicente Ferrer, Malasaña-Universidad, Madrid",€1.510.000,,,,,,,,,,,,,,,,,,,,,,,
,,,,"Piso en calle de Sánchez Barcáiztegui, 23, Pacífico, Madrid",€484.000,,,,,,,,,,,,,,,,,,,,,,,
,,,,"Piso en calle de Sánchez Bustillo, Lavapiés-Embajadores, Madrid",€1.500.000,,,,,,,,,,,,,,,,,,,,,,,
,,,,"Piso en calle de Sánchez Pacheco, 53, Ciudad Jardín, Madrid",€700.000,,,,,,,,,,,,,,,,,,,,,,,
,,,,"Piso en calle de Sánchez Preciado, Valdezarza, Madrid",€225.000,,,,,,,,,,,,,,,,,,,,,,,
,,,,"Piso en calle de Sancho Dávila, Fuente del Berro, Madrid",€1.150.000,,,,,,,,,,,,,,,,,,,,,,,
,,,,"Piso en calle de Sangenjo, 8, La Paz, Madrid",€595.000,,,,,,,,,,,,,,,,,,,,,,,
,,,,"Piso en calle de Sangenjo, La Paz, Madrid",€1.899.900,,,,,,,,,,,,,,,,,,,,,,,
,,,,"Piso en calle de Santa Águeda, Chueca-Justicia, Madrid",€620.000,,,,,,,,,,,,,,,,,,,,,,,
,,,,"Piso en calle de Santa Ana, 12, Lavapiés-Embajadores, Madrid",€340.000,,,,,,,,,,,,,,,,,,,,,,,
,,,,"Piso en calle de Santa Bárbara, Malasaña-Universidad, Madrid",€452.000,,,,,,,,,,,,,,,,,,,,,,,
,,,,"Piso en calle de Santa Brígida, Chueca-Justicia, Madrid",€1.695.000,,,,,,,,,,,,,,,,,,,,,,,
,,,,"Piso en calle de Santa Casilda, 1, Imperial, Madrid",€479.000,,,,,,,,,,,,,,,,,,,,,,,
,,,,"Piso en calle de Santa Catalina de Labouré, Opañel, Madrid",€400.000,,,,,,,,,,,,,,,,,,,,,,,
,,,,"Piso en calle de Santa Cecilia, Lucero, Madrid",€438.209,,,,,,,,,,,,,,,,,,,,,,,
,,,,"Piso en calle de Santa Cruz de Marcenado, 1, Malasaña-Universidad, Madrid",€1.100.000,,,,,,,,,,,,,,,,,,,,,,,
,,,,"Piso en calle de Santa Cruz de Marcenado, 2, Malasaña-Universidad, Madrid",€1.700.000,,,,,,,,,,,,,,,,,,,,,,,
,,,,"Piso en calle de Santa Cruz de Marcenado, 5, Malasaña-Universidad, Madrid",€999.999,,,,,,,,,,,,,,,,,,,,,,,
,,,,"Piso en calle de Santa Cruz de Marcenado, Malasaña-Universidad, Madrid",€3.995.000,,,,,,,,,,,,,,,,,,,,,,,
,,,,"Piso en calle de Santa Engracia, 12, Almagro, Madrid",€1.790.000,,,,,,,,,,,,,,,,,,,,,,,
,,,,"Piso en calle de Santa Engracia, Almagro, Madrid",€4.480.000,,,,,,,,,,,,,,,,,,,,,,,
,,,,"Piso en calle de Santa Engracia, Nuevos Ministerios-Ríos Rosas, Madrid",€12.530.000,,,,,,,,,,,,,,,,,,,,,,,
,,,,"Piso en calle de Santa Engracia, Trafalgar, Madrid",€7.705.000,,,,,,,,,,,,,,,,,,,,,,,
,,,,"Piso en calle de Santa Genoveva, 48, Ventas, Madrid",€284.900,,,,,,,,,,,,,,,,,,,,,,,
,,,,"Piso en calle de Santa Julia, 12, San Diego, Madrid",€230.000,,,,,,,,,,,,,,,,,,,,,,,
,,,,"Piso en calle de Santa Julia, San Diego, Madrid",€189.000,,,,,,,,,,,,,,,,,,,,,,,
,,,,"Piso en calle de Santa Juliana, Bellas Vistas, Madrid",€630.000,,,,,,,,,,,,,,,,,,,,,,,
,,,,"Piso en calle de Santa Lucía, 8, Malasaña-Universidad, Madrid",€1.185.000,,,,,,,,,,,,,,,,,,,,,,,
,,,,"Piso en calle de Santa María Magdalena, Nueva España, Madrid",€990.000,,,,,,,,,,,,,,,,,,,,,,,
,,,,"Piso en calle de Santa María Magdalena, s/n, Nueva España, Madrid",€1.250.000,,,,,,,,,,,,,,,,,,,,,,,
,,,,"Piso en calle de Santa María Salomé, Casco Histórico de Vallecas, Madrid",€157.000,,,,,,,,,,,,,,,,,,,,,,,
,,,,"Piso en calle de Santa María, Huertas-Cortes, Madrid",€469.000,,,,,,,,,,,,,,,,,,,,,,,
,,,,"Piso en calle de Santa Polonia, Huertas-Cortes, Madrid",€550.000,,,,,,,,,,,,,,,,,,,,,,,
,,,,"Piso en calle de Santa Susana, Pinar del Rey, Madrid",€550.000,,,,,,,,,,,,,,,,,,,,,,,
,,,,"Piso en calle de Santa Tecla, 52, Canillejas, Madrid",€269.000,,,,,,,,,,,,,,,,,,,,,,,
,,,,"Piso en calle de Santa Tecla, Canillejas, Madrid",€315.000,,,,,,,,,,,,,,,,,,,,,,,
,,,,"Piso en calle de Santa Virgilia, Pinar del Rey, Madrid",€510.000,,,,,,,,,,,,,,,,,,,,,,,
,,,,"Piso en calle de Santiago Bernabéu, 10, El Viso, Madrid",€1.110.000,,,,,,,,,,,,,,,,,,,,,,,
,,,,"Piso en calle de Santiago Bernabéu, El Viso, Madrid",€4.159.000,,,,,,,,,,,,,,,,,,,,,,,
,,,,"Piso en calle de Santiago Cordero, 15 ----b, Valdeacederas, Madrid",€360.000,,,,,,,,,,,,,,,,,,,,,,,
,,,,"Piso en calle de Santiago Cordero, 15, Valdeacederas, Madrid",€429.000,,,,,,,,,,,,,,,,,,,,,,,
,,,,"Piso en calle de Santiago Cordero, 18, Valdeacederas, Madrid",€209.000,,,,,,,,,,,,,,,,,,,,,,,
,,,,"Piso en calle de Santiago de Compostela, 62, Pilar, Madrid",€780.000,,,,,,,,,,,,,,,,,,,,,,,
,,,,"Piso en calle de Santiago de Compostela, La Paz, Madrid",€720.000,,,,,,,,,,,,,,,,,,,,,,,
,,,,"Piso en calle de Santiago de Compostela, Pilar, Madrid",€620.000,,,,,,,,,,,,,,,,,,,,,,,
,,,,"Piso en calle de Santiago el Verde, Lavapiés-Embajadores, Madrid",€315.000,,,,,,,,,,,,,,,,,,,,,,,
,,,,"Piso en calle de Santo Domingo de Silos, El Viso, Madrid",€3.240.000,,,,,,,,,,,,,,,,,,,,,,,
,,,,"Piso en calle de Seco, Adelfas, Madrid",€830.000,,,,,,,,,,,,,,,,,,,,,,,
,,,,"Piso en calle de Segovia, Imperial, Madrid",€310.000,,,,,,,,,,,,,,,,,,,,,,,
,,,,"Piso en calle de Segovia, Palacio, Madrid",€1.285.000,,,,,,,,,,,,,,,,,,,,,,,
,,,,"Piso en calle de Sepúlveda, 20, Puerta del Ángel, Madrid",€180.000,,,,,,,,,,,,,,,,,,,,,,,
,,,,"Piso en calle de Sepúlveda, 57, Los Cármenes, Madrid",€190.000,,,,,,,,,,,,,,,,,,,,,,,
,,,,"Piso en calle de Sepúlveda, Los Cármenes, Madrid",€190.000,,,,,,,,,,,,,,,,,,,,,,,
,,,,"Piso en calle de Sepúlveda, Lucero, Madrid",€129.000,,,,,,,,,,,,,,,,,,,,,,,
,,,,"Piso en calle de Serrano, 108, Castellana, Madrid",€1.700.000,,,,,,,,,,,,,,,,,,,,,,,
,,,,"Piso en calle de Serrano, 59, Castellana, Madrid",€4.900.000,,,,,,,,,,,,,,,,,,,,,,,
,,,,"Piso en calle de Serrano, Bernabéu-Hispanoamérica, Madrid",€1.950.000,,,,,,,,,,,,,,,,,,,,,,,
,,,,"Piso en calle de Serrano, Castellana, Madrid",€52.335.000,,,,,,,,,,,,,,,,,,,,,,,
,,,,"Piso en calle de Serrano, El Viso, Madrid",€3.280.000,,,,,,,,,,,,,,,,,,,,,,,
,,,,"Piso en calle de Serrano, Recoletos, Madrid",€22.500.000,,,,,,,,,,,,,,,,,,,,,,,
,,,,"Piso en calle de Servando Batanero, Pueblo Nuevo, Madrid",€350.000,,,,,,,,,,,,,,,,,,,,,,,
,,,,"Piso en calle de Seseña, 53, Aluche, Madrid",€148.000,,,,,,,,,,,,,,,,,,,,,,,
,,,,"Piso en calle de Seseña, Aluche, Madrid",€244.990,,,,,,,,,,,,,,,,,,,,,,,
,,,,"Piso en calle de Siderurgia, 11, Amposta, Madrid",€70.600,,,,,,,,,,,,,,,,,,,,,,,
,,,,"Piso en calle de Siena, 24, Quintana, Madrid",€195.000,,,,,,,,,,,,,,,,,,,,,,,
,,,,"Piso en calle de Siena, Quintana, Madrid",€719.900,,,,,,,,,,,,,,,,,,,,,,,
,,,,"Piso en calle de Sierra Bullones, Valdeacederas, Madrid",€350.000,,,,,,,,,,,,,,,,,,,,,,,
,,,,"Piso en calle de Sierra Carbonera, 8, San Diego, Madrid",€250.000,,,,,,,,,,,,,,,,,,,,,,,
,,,,"Piso en calle de Sierra Carbonera, San Diego, Madrid",€503.900,,,,,,,,,,,,,,,,,,,,,,,
,,,,"Piso en calle de Sierra Elvira, 24, Numancia, Madrid",€165.000,,,,,,,,,,,,,,,,,,,,,,,
,,,,"Piso en calle de Sierra Elvira, Numancia, Madrid",€605.000,,,,,,,,,,,,,,,,,,,,,,,
,,,,"Piso en calle de Sierra Gádor, Casco Histórico de Vallecas, Madrid",€279.000,,,,,,,,,,,,,,,,,,,,,,,
,,,,"Piso en calle de Silvano, Canillas, Madrid",€365.000,,,,,,,,,,,,,,,,,,,,,,,
,,,,"Piso en calle De Silvio Abad, Zofío, Madrid",€530.000,,,,,,,,,,,,,,,,,,,,,,,
,,,,"Piso en calle de Sirio, 50, Estrella, Madrid",€848.000,,,,,,,,,,,,,,,,,,,,,,,
,,,,"Piso en calle de Sirio, Estrella, Madrid",€490.000,,,,,,,,,,,,,,,,,,,,,,,
,,,,"Piso en calle de Sofía, 177 f, Rosas, Madrid",€650.000,,,,,,,,,,,,,,,,,,,,,,,
,,,,"Piso en calle de Sofía, Rosas, Madrid",€450.000,,,,,,,,,,,,,,,,,,,,,,,
,,,,"Piso en calle de Somontín, 106, Apóstol Santiago, Madrid",€415.000,,,,,,,,,,,,,,,,,,,,,,,
,,,,"Piso en calle de Sor Ángela de la Cruz, Cuzco-Castillejos, Madrid",€2.291.300,,,,,,,,,,,,,,,,,,,,,,,
,,,,"Piso en calle de Sor María de Ágreda, 47 -b, Ventas, Madrid",€180.000,,,,,,,,,,,,,,,,,,,,,,,
,,,,"Piso en calle de Sorzano, San Juan Bautista, Madrid",€485.000,,,,,,,,,,,,,,,,,,,,,,,
,,,,"Piso en calle de Sta Hortensia, 58, Prosperidad, Madrid",€647.000,,,,,,,,,,,,,,,,,,,,,,,
,,,,"Piso en calle de Tablada, Berruguete, Madrid",€1.955.000,,,,,,,,,,,,,,,,,,,,,,,
,,,,"Piso en calle de Talisio, 9, Quintana, Madrid",€296.900,,,,,,,,,,,,,,,,,,,,,,,
,,,,"Piso en calle de Talisio, Quintana, Madrid",€1.040.000,,,,,,,,,,,,,,,,,,,,,,,
,,,,"Piso en calle de Tarragona, Palos de la Frontera, Madrid",€405.000,,,,,,,,,,,,,,,,,,,,,,,
,,,,"Piso en calle de Téllez, 12, Pacífico, Madrid",€780.000,,,,,,,,,,,,,,,,,,,,,,,
,,,,"Piso en calle de Tembleque, Aluche, Madrid",€399.000,,,,,,,,,,,,,,,,,,,,,,,
,,,,"Piso en calle de Tenerife, 40, Bellas Vistas, Madrid",€398.000,,,,,,,,,,,,,,,,,,,,,,,
,,,,"Piso en calle de Tenerife, 60, Bellas Vistas, Madrid",€354.000,,,,,,,,,,,,,,,,,,,,,,,
,,,,"Piso en calle de Tenerife, Bellas Vistas, Madrid",€559.000,,,,,,,,,,,,,,,,,,,,,,,
,,,,"Piso en calle de Teruel, Cuatro Caminos, Madrid",€469.000,,,,,,,,,,,,,,,,,,,,,,,
,,,,"Piso en calle de Tetuán, 20, Sol, Madrid",€1.119.000,,,,,,,,,,,,,,,,,,,,,,,
,,,,"Piso en calle de Tetuán, Sol, Madrid",€7.519.000,,,,,,,,,,,,,,,,,,,,,,,
,,,,"Piso en calle de Timoteo Domingo, 7, Pueblo Nuevo, Madrid",€280.000,,,,,,,,,,,,,,,,,,,,,,,
,,,,"Piso en calle de Tinamús, Opañel, Madrid",€220.000,,,,,,,,,,,,,,,,,,,,,,,
,,,,"Piso en calle de Tiziano, 13, Cuatro Caminos, Madrid",€1.012.000,,,,,,,,,,,,,,,,,,,,,,,
,,,,"Piso en calle de Tiziano, 18, Cuatro Caminos, Madrid",€480.000,,,,,,,,,,,,,,,,,,,,,,,
,,,,"Piso en calle de Toledo, 4, Sol, Madrid",€996.000,,,,,,,,,,,,,,,,,,,,,,,
,,,,"Piso en calle de Toledo, 87, Lavapiés-Embajadores, Madrid",€325.000,,,,,,,,,,,,,,,,,,,,,,,
,,,,"Piso en calle de Toledo, Lavapiés-Embajadores, Madrid",€1.123.000,,,,,,,,,,,,,,,,,,,,,,,
,,,,"Piso en calle de Toledo, Palacio, Madrid",€750.000,,,,,,,,,,,,,,,,,,,,,,,
,,,,"Piso en calle de Tomás Esteban, San Diego, Madrid",€123.500,,,,,,,,,,,,,,,,,,,,,,,
,,,,"Piso en calle de Tomás García, San Diego, Madrid",€162.000,,,,,,,,,,,,,,,,,,,,,,,
,,,,"Piso en calle de Tomás López, Goya, Madrid",€1.715.000,,,,,,,,,,,,,,,,,,,,,,,
,,,,"Piso en calle de Tordegrillos, 17, Villaverde Alto, Madrid",€179.501,,,,,,,,,,,,,,,,,,,,,,,
,,,,"Piso en calle de Tordegrillos, 60, Villaverde Alto, Madrid",€215.000,,,,,,,,,,,,,,,,,,,,,,,
,,,,"Piso en calle de Tordegrillos, Villaverde Alto, Madrid",€134.800,,,,,,,,,,,,,,,,,,,,,,,
,,,,"Piso en calle de Torija, 6, Palacio, Madrid",€425.000,,,,,,,,,,,,,,,,,,,,,,,
,,,,"Piso en calle de Torija, Palacio, Madrid",€3.437.750,,,,,,,,,,,,,,,,,,,,,,,
,,,,"Piso en calle de Torquemada, 25, Canillas, Madrid",€620.000,,,,,,,,,,,,,,,,,,,,,,,
,,,,"Piso en calle de Torrelaguna, San Pascual, Madrid",€1.956.900,,,,,,,,,,,,,,,,,,,,,,,
,,,,"Piso en calle de Torremolinos, Palomeras sureste, Madrid",€170.000,,,,,,,,,,,,,,,,,,,,,,,
,,,,"Piso en calle de Trafalgar, Trafalgar, Madrid",€1.190.000,,,,,,,,,,,,,,,,,,,,,,,
,,,,"Piso en calle de Tremp, 34, Ciudad Universitaria, Madrid",€379.000,,,,,,,,,,,,,,,,,,,,,,,
,,,,"Piso en calle de Triana, Nueva España, Madrid",€1.650.000,,,,,,,,,,,,,,,,,,,,,,,
,,,,"Piso en calle de Tribaldos, 14, Canillas, Madrid",€464.900,,,,,,,,,,,,,,,,,,,,,,,
,,,,"Piso en calle de Trujillos, 1, Sol, Madrid",€665.000,,,,,,,,,,,,,,,,,,,,,,,
,,,,"Piso en calle de Trujillos, 7, Sol, Madrid",€710.000,,,,,,,,,,,,,,,,,,,,,,,
,,,,"Piso en calle de Trujillos, Sol, Madrid",€500.000,,,,,,,,,,,,,,,,,,,,,,,
,,,,"Piso en calle de Tucán, Vista Alegre, Madrid",€118.000,,,,,,,,,,,,,,,,,,,,,,,
,,,,"Piso en calle de Uceda, Palomeras Bajas, Madrid",€149.000,,,,,,,,,,,,,,,,,,,,,,,
,,,,"Piso en calle de Ulises, Canillas, Madrid",€589.000,,,,,,,,,,,,,,,,,,,,,,,
,,,,"Piso en calle de Uruguay, Bernabéu-Hispanoamérica, Madrid",€1.050.000,,,,,,,,,,,,,,,,,,,,,,,
,,,,"Piso en calle de Valderrey, Valdezarza, Madrid",€1.310.000,,,,,,,,,,,,,,,,,,,,,,,
,,,,"Piso en calle de Valderribas, 66, Adelfas, Madrid",€550.000,,,,,,,,,,,,,,,,,,,,,,,
,,,,"Piso en calle de Valderribas, Adelfas, Madrid",€550.000,,,,,,,,,,,,,,,,,,,,,,,
,,,,"Piso en calle de Valderromán, Valdezarza, Madrid",€340.000,,,,,,,,,,,,,,,,,,,,,,,
,,,,"Piso en calle de Valenzuela, Jerónimos, Madrid",€3.600.000,,,,,,,,,,,,,,,,,,,,,,,
,,,,"Piso en calle de Valldemosa, Valdezarza, Madrid",€250.000,,,,,,,,,,,,,,,,,,,,,,,
,,,,"Piso en calle de Valle Inclán, Águilas, Madrid",€549.000,,,,,,,,,,,,,,,,,,,,,,,
,,,,"Piso en calle de Vallehermoso, 75, Arapiles, Madrid",€635.000,,,,,,,,,,,,,,,,,,,,,,,
,,,,"Piso en calle de Vallehermoso, Arapiles, Madrid",€1.800.000,,,,,,,,,,,,,,,,,,,,,,,
,,,,"Piso en calle de Valmojado, 161, Aluche, Madrid",€230.000,,,,,,,,,,,,,,,,,,,,,,,
,,,,"Piso en calle de Valmojado, Aluche, Madrid",€2.195.898,,,,,,,,,,,,,,,,,,,,,,,
,,,,"Piso en calle de Valores, Estrella, Madrid",€499.000,,,,,,,,,,,,,,,,,,,,,,,
,,,,"Piso en calle de Valverde, 1, Malasaña-Universidad, Madrid",€1.995.000,,,,,,,,,,,,,,,,,,,,,,,
,,,,"Piso en calle de Valverde, Malasaña-Universidad, Madrid",€1.100.000,,,,,,,,,,,,,,,,,,,,,,,
,,,,"Piso en calle de Vázquez de Mella, Pueblo Nuevo, Madrid",€249.990,,,,,,,,,,,,,,,,,,,,,,,
,,,,"Piso en calle de Vegafría, Fuentelarreina, Madrid",€1.065.000,,,,,,,,,,,,,,,,,,,,,,,
,,,,"Piso en calle de Velarde, Malasaña-Universidad, Madrid",€2.293.000,,,,,,,,,,,,,,,,,,,,,,,
,,,,"Piso en calle de Velázquez, 119, Castellana, Madrid",€1.649.000,,,,,,,,,,,,,,,,,,,,,,,
,,,,"Piso en calle de Velázquez, 5, Recoletos, Madrid",€2.950.000,,,,,,,,,,,,,,,,,,,,,,,
,,,,"Piso en calle de Velázquez, 86, Castellana, Madrid",€2.900.000,,,,,,,,,,,,,,,,,,,,,,,
,,,,"Piso en calle de Velázquez, 93, Castellana, Madrid",€6.800.000,,,,,,,,,,,,,,,,,,,,,,,
,,,,"Piso en calle de Velázquez, Castellana, Madrid",€21.749.000,,,,,,,,,,,,,,,,,,,,,,,
,,,,"Piso en calle de Velázquez, Recoletos, Madrid",€46.425.000,,,,,,,,,,,,,,,,,,,,,,,
,,,,"Piso en calle de Vélez Málaga, Palomeras sureste, Madrid",€188.000,,,,,,,,,,,,,,,,,,,,,,,
,,,,"Piso en calle de Ventura de la Vega, Huertas-Cortes, Madrid",€9.534.000,,,,,,,,,,,,,,,,,,,,,,,
,,,,"Piso en calle de Vergara, Palacio, Madrid",€1.986.000,,,,,,,,,,,,,,,,,,,,,,,
,,,,"Piso en calle de Viana, Abrantes, Madrid",€175.000,,,,,,,,,,,,,,,,,,,,,,,
,,,,"Piso en calle de Vicente Blasco Ibáñez, Sanchinarro, Madrid",€565.000,,,,,,,,,,,,,,,,,,,,,,,
,,,,"Piso en calle de Vicente Carballal, Butarque, Madrid",€398.000,,,,,,,,,,,,,,,,,,,,,,,
,,,,"Piso en calle de Vicente Espinel, 12, Pueblo Nuevo, Madrid",€270.000,,,,,,,,,,,,,,,,,,,,,,,
,,,,"Piso en calle de Vicente Espinel, 32, Pueblo Nuevo, Madrid",€265.000,,,,,,,,,,,,,,,,,,,,,,,
,,,,"Piso en calle de Vicente Espinel, Pueblo Nuevo, Madrid",€170.000,,,,,,,,,,,,,,,,,,,,,,,
,,,,"Piso en calle de Viejas, Castilla, Madrid",€335.000,,,,,,,,,,,,,,,,,,,,,,,
,,,,"Piso en calle de Villaamil, Berruguete, Madrid",€1.574.999,,,,,,,,,,,,,,,,,,,,,,,
,,,,"Piso en calle de Villablanca, Ambroz, Madrid",€379.000,,,,,,,,,,,,,,,,,,,,,,,
,,,,"Piso en calle de Villafranca, Guindalera, Madrid",€619.900,,,,,,,,,,,,,,,,,,,,,,,
,,,,"Piso en calle de Villafuerte, Los Rosales, Madrid",€325.800,,,,,,,,,,,,,,,,,,,,,,,
,,,,"Piso en calle de Villagarcía, 5, Lucero, Madrid",€289.000,,,,,,,,,,,,,,,,,,,,,,,
,,,,"Piso en calle de Villagarcía, Lucero, Madrid",€903.900,,,,,,,,,,,,,,,,,,,,,,,
,,,,"Piso en calle de Villajimena, Ambroz, Madrid",€597.700,,,,,,,,,,,,,,,,,,,,,,,
,,,,"Piso en calle de Villalar, Recoletos, Madrid",€13.345.000,,,,,,,,,,,,,,,,,,,,,,,
,,,,"Piso en calle de Villalobos, 91, Palomeras sureste, Madrid",€195.000,,,,,,,,,,,,,,,,,,,,,,,
,,,,"Piso en calle de Villamanín, Lucero, Madrid",€969.000,,,,,,,,,,,,,,,,,,,,,,,
,,,,"Piso en calle de Villamanín, s/n, Lucero, Madrid",€165.000,,,,,,,,,,,,,,,,,,,,,,,
,,,,"Piso en calle de Villamayor de Santiago, Ensanche de Vallecas - La Gavia, Madrid",€615.000,,,,,,,,,,,,,,,,,,,,,,,
,,,,"Piso en calle de Villanueva, Recoletos, Madrid",€20.146.000,,,,,,,,,,,,,,,,,,,,,,,
,,,,"Piso en calle de Villasandino, 34, Lucero, Madrid",€138.000,,,,,,,,,,,,,,,,,,,,,,,
,,,,"Piso en calle de Vinaroz, 3, Ciudad Jardín, Madrid",€590.000,,,,,,,,,,,,,,,,,,,,,,,
,,,,"Piso en calle de Virgen de Lluc, 116 bis, Quintana, Madrid",€285.000,,,,,,,,,,,,,,,,,,,,,,,
,,,,"Piso en calle de Virgen de Lluc, 120, Quintana, Madrid",€235.000,,,,,,,,,,,,,,,,,,,,,,,
,,,,"Piso en calle de Virgen de Lluc, 43, Quintana, Madrid",€239.000,,,,,,,,,,,,,,,,,,,,,,,
,,,,"Piso en calle de Virgen de los Reyes, Concepción, Madrid",€869.000,,,,,,,,,,,,,,,,,,,,,,,
,,,,"Piso en calle de Virgen del Portillo, Concepción, Madrid",€206.000,,,,,,,,,,,,,,,,,,,,,,,
,,,,"Piso en calle de Viriato, 50, Almagro, Madrid",€1.950.000,,,,,,,,,,,,,,,,,,,,,,,
,,,,"Piso en calle de Viriato, Almagro, Madrid",€7.150.000,,,,,,,,,,,,,,,,,,,,,,,
,,,,"Piso en calle de Viriato, Trafalgar, Madrid",€3.340.000,,,,,,,,,,,,,,,,,,,,,,,
,,,,"Piso en calle de Vital Aza, 100, Pueblo Nuevo, Madrid",€285.000,,,,,,,,,,,,,,,,,,,,,,,
,,,,"Piso en calle de Vital Aza, Pueblo Nuevo, Madrid",€855.000,,,,,,,,,,,,,,,,,,,,,,,
,,,,"Piso en calle de Vizcaya, Palos de la Frontera, Madrid",€775.000,,,,,,,,,,,,,,,,,,,,,,,
,,,,"Piso en calle de Walia, Niño Jesús, Madrid",€1.185.000,,,,,,,,,,,,,,,,,,,,,,,
,,,,"Piso en calle de Yecla, Simancas, Madrid",€399.000,,,,,,,,,,,,,,,,,,,,,,,
,,,,"Piso en calle de Yécora, 32, Rejas, Madrid",€525.000,,,,,,,,,,,,,,,,,,,,,,,
,,,,"Piso en calle de Yécora, 39, Rejas, Madrid",€464.000,,,,,,,,,,,,,,,,,,,,,,,
,,,,"Piso en calle de Yécora, Rejas, Madrid",€525.000,,,,,,,,,,,,,,,,,,,,,,,
,,,,"Piso en calle de Yocasta, Rejas, Madrid",€380.000,,,,,,,,,,,,,,,,,,,,,,,
,,,,"Piso en calle de Zabaleta, 17, Prosperidad, Madrid",€319.900,,,,,,,,,,,,,,,,,,,,,,,
,,,,"Piso en calle de Zabaleta, 43, Prosperidad, Madrid",€340.000,,,,,,,,,,,,,,,,,,,,,,,
,,,,"Piso en calle de Zabaleta, Prosperidad, Madrid",€415.000,,,,,,,,,,,,,,,,,,,,,,,
,,,,"Piso en calle de Zaida, 9, San Isidro, Madrid",€112.000,,,,,,,,,,,,,,,,,,,,,,,
,,,,"Piso en calle de Zaida, San Isidro, Madrid",€248.000,,,,,,,,,,,,,,,,,,,,,,,
,,,,"Piso en calle de Zapatoca, Pinar del Rey, Madrid",€350.000,,,,,,,,,,,,,,,,,,,,,,,
,,,,"Piso en calle de Zaragoza, Sol, Madrid",€1.790.000,,,,,,,,,,,,,,,,,,,,,,,
,,,,"Piso en calle de Zazuar, 6, Santa Eugenia, Madrid",€324.000,,,,,,,,,,,,,,,,,,,,,,,
,,,,"Piso en calle de Zigia, Quintana, Madrid",€189.000,,,,,,,,,,,,,,,,,,,,,,,
,,,,"Piso en calle de Zorrilla, Huertas-Cortes, Madrid",€1.955.000,,,,,,,,,,,,,,,,,,,,,,,
,,,,"Piso en calle de Zorrilla, s/n, Huertas-Cortes, Madrid",€630.000,,,,,,,,,,,,,,,,,,,,,,,
,,,,"Piso en calle de Zurbano, Almagro, Madrid",€30.765.000,,,,,,,,,,,,,,,,,,,,,,,
,,,,"Piso en calle de Zurbano, s/n, Almagro, Madrid",€1.750.000,,,,,,,,,,,,,,,,,,,,,,,
,,,,"Piso en calle de Zurbarán, Almagro, Madrid",€1.675.000,,,,,,,,,,,,,,,,,,,,,,,
,,,,"Piso en calle de Zurita, 6, Lavapiés-Embajadores, Madrid",€190.000,,,,,,,,,,,,,,,,,,,,,,,
,,,,"Piso en calle del Abedul, Nueva España, Madrid",€2.490.000,,,,,,,,,,,,,,,,,,,,,,,
,,,,"Piso en calle del Acuerdo, 34, Malasaña-Universidad, Madrid",€1.650.000,,,,,,,,,,,,,,,,,,,,,,,
,,,,"Piso en calle del Águila, 10, Palacio, Madrid",€549.500,,,,,,,,,,,,,,,,,,,,,,,
,,,,"Piso en calle del Águila, Palacio, Madrid",€649.000,,,,,,,,,,,,,,,,,,,,,,,
,,,,"Piso en calle del Alamillo, 5, Palacio, Madrid",€748.000,,,,,,,,,,,,,,,,,,,,,,,
,,,,"Piso en calle del Álamo, 5, Malasaña-Universidad, Madrid",€950.000,,,,,,,,,,,,,,,,,,,,,,,
,,,,"Piso en calle del Alcalde Andrés Madrid Dávila, El Cañaveral, Madrid",€482.000,,,,,,,,,,,,,,,,,,,,,,,
,,,,"Piso en calle del Alcalde Garrido Juaristi, 7, Media Legua, Madrid",€465.000,,,,,,,,,,,,,,,,,,,,,,,
,,,,"Piso en calle del Alcalde Sainz de Baranda, 23, Ibiza, Madrid",€890.000,,,,,,,,,,,,,,,,,,,,,,,
,,,,"Piso en calle del Alcalde Sainz de Baranda, 30, Ibiza, Madrid",€525.000,,,,,,,,,,,,,,,,,,,,,,,
,,,,"Piso en calle del Alcalde Sainz de Baranda, 54, Niño Jesús, Madrid",€1.170.000,,,,,,,,,,,,,,,,,,,,,,,
,,,,"Piso en calle del Alcalde Sainz de Baranda, Ibiza, Madrid",€5.815.000,,,,,,,,,,,,,,,,,,,,,,,
,,,,"Piso en calle del Alcalde Sainz de Baranda, Niño Jesús, Madrid",€585.000,,,,,,,,,,,,,,,,,,,,,,,
,,,,"Piso en calle del Alerce, 15, 12 de Octubre-Orcasur, Madrid",€172.000,,,,,,,,,,,,,,,,,,,,,,,
,,,,"Piso en calle del Almanzora, Aravaca, Madrid",€1.198.800,,,,,,,,,,,,,,,,,,,,,,,
,,,,"Piso en calle del Almirante, 20, Chueca-Justicia, Madrid",€3.300.000,,,,,,,,,,,,,,,,,,,,,,,
,,,,"Piso en calle del Amparo, 14, Lavapiés-Embajadores, Madrid",€338.000,,,,,,,,,,,,,,,,,,,,,,,
,,,,"Piso en calle del Amparo, 22, Lavapiés-Embajadores, Madrid",€399.990,,,,,,,,,,,,,,,,,,,,,,,
,,,,"Piso en calle del Amparo, Lavapiés-Embajadores, Madrid",€3.614.890,,,,,,,,,,,,,,,,,,,,,,,
,,,,"Piso en calle del Áncora, Palos de la Frontera, Madrid",€2.070.000,,,,,,,,,,,,,,,,,,,,,,,
,,,,"Piso en calle del Ángel, Palacio, Madrid",€914.000,,,,,,,,,,,,,,,,,,,,,,,
,,,,"Piso en calle del Ánsar, Los Cármenes, Madrid",€206.000,,,,,,,,,,,,,,,,,,,,,,,
,,,,"Piso en calle del Apóstol Santiago, 52, Ventas, Madrid",€198.300,,,,,,,,,,,,,,,,,,,,,,,
,,,,"Piso en calle del Apóstol Santiago, 58, Ventas, Madrid",€330.000,,,,,,,,,,,,,,,,,,,,,,,
,,,,"Piso en calle del Apóstol Santiago, Ventas, Madrid",€225.000,,,,,,,,,,,,,,,,,,,,,,,
,,,,"Piso en calle del Arenal, 8, Sol, Madrid",€459.000,,,,,,,,,,,,,,,,,,,,,,,
,,,,"Piso en calle del Arenal, Sol, Madrid",€2.009.000,,,,,,,,,,,,,,,,,,,,,,,
,,,,"Piso en calle del Arroyo Bueno, 4, Villaverde Alto, Madrid",€339.800,,,,,,,,,,,,,,,,,,,,,,,
,,,,"Piso en calle del Arroyo de la Media Legua, Media Legua, Madrid",€260.000,,,,,,,,,,,,,,,,,,,,,,,
,,,,"Piso en calle del Arroyo de las Pilillas, s/n, Media Legua, Madrid",€275.000,,,,,,,,,,,,,,,,,,,,,,,
,,,,"Piso en calle del Arroyo del Olivar, San Diego, Madrid",€415.000,,,,,,,,,,,,,,,,,,,,,,,
,,,,"Piso en calle del Arroyo Opañel, 15, Opañel, Madrid",€450.000,,,,,,,,,,,,,,,,,,,,,,,
,,,,"Piso en calle del Arte, Costillares, Madrid",€674.000,,,,,,,,,,,,,,,,,,,,,,,
,,,,"Piso en calle del Atlético de Madrid, Puerta Bonita, Madrid",€138.000,,,,,,,,,,,,,,,,,,,,,,,
,,,,"Piso en calle del Ave María, 37, Lavapiés-Embajadores, Madrid",€597.500,,,,,,,,,,,,,,,,,,,,,,,
,,,,"Piso en calle del Ave María, 50, Lavapiés-Embajadores, Madrid",€600.000,,,,,,,,,,,,,,,,,,,,,,,
,,,,"Piso en calle del Ave María, Lavapiés-Embajadores, Madrid",€1.298.000,,,,,,,,,,,,,,,,,,,,,,,
,,,,"Piso en calle del Aviador Zorita, Cuatro Caminos, Madrid",€1.394.000,,,,,,,,,,,,,,,,,,,,,,,
,,,,"Piso en calle del Balandro, Alameda de Osuna, Madrid",€320.000,,,,,,,,,,,,,,,,,,,,,,,
,,,,"Piso en calle del Barco, 10, Malasaña-Universidad, Madrid",€760.000,,,,,,,,,,,,,,,,,,,,,,,
,,,,"Piso en calle del Barco, Malasaña-Universidad, Madrid",€2.060.000,,,,,,,,,,,,,,,,,,,,,,,
,,,,"Piso en calle del Bario, 18, Butarque, Madrid",€221.200,,,,,,,,,,,,,,,,,,,,,,,
,,,,"Piso en calle del Barranco del Novillo, Ensanche de Vallecas - La Gavia, Madrid",€219.900,,,,,,,,,,,,,,,,,,,,,,,
,,,,"Piso en calle del Brocado, Amposta, Madrid",€175.000,,,,,,,,,,,,,,,,,,,,,,,
,,,,"Piso en calle del Buen Suceso, Argüelles, Madrid",€770.000,,,,,,,,,,,,,,,,,,,,,,,
,,,,"Piso en calle del Caballero de Gracia, Sol, Madrid",€630.000,,,,,,,,,,,,,,,,,,,,,,,
,,,,"Piso en calle del Calvario, Lavapiés-Embajadores, Madrid",€1.312.000,,,,,,,,,,,,,,,,,,,,,,,
,,,,"Piso en calle del Camino de los Vinateros, Marroquina, Madrid",€235.000,,,,,,,,,,,,,,,,,,,,,,,
,,,,"Piso en calle del Camino de los Vinateros, Vinateros, Madrid",€235.000,,,,,,,,,,,,,,,,,,,,,,,
,,,,"Piso en calle del Campo de la Paloma, 52, Palomeras sureste, Madrid",€260.000,,,,,,,,,,,,,,,,,,,,,,,
,,,,"Piso en calle del Campo de la Paloma, Palomeras sureste, Madrid",€754.200,,,,,,,,,,,,,,,,,,,,,,,
,,,,"Piso en calle del Canal del Bósforo, 40, Canillejas, Madrid",€249.000,,,,,,,,,,,,,,,,,,,,,,,
,,,,"Piso en calle del Canal del Bósforo, 56, Canillejas, Madrid",€370.000,,,,,,,,,,,,,,,,,,,,,,,
,,,,"Piso en calle del Canal del Bósforo, Canillejas, Madrid",€249.000,,,,,,,,,,,,,,,,,,,,,,,
,,,,"Piso en calle del Capitán Blanco Argibay, 87, Valdeacederas, Madrid",€199.500,,,,,,,,,,,,,,,,,,,,,,,
,,,,"Piso en calle del Capitán Blanco Argibay, Valdeacederas, Madrid",€879.000,,,,,,,,,,,,,,,,,,,,,,,
,,,,"Piso en calle del Cardenal Cisneros, 86, Trafalgar, Madrid",€1.950.000,,,,,,,,,,,,,,,,,,,,,,,
,,,,"Piso en calle del Cardenal Cisneros, Trafalgar, Madrid",€3.053.000,,,,,,,,,,,,,,,,,,,,,,,
,,,,"Piso en calle del Cardenal Silíceo, 15, Prosperidad, Madrid",€690.000,,,,,,,,,,,,,,,,,,,,,,,
,,,,"Piso en calle del Cardenal Silíceo, Prosperidad, Madrid",€1.215.000,,,,,,,,,,,,,,,,,,,,,,,
,,,,"Piso en calle del Caribe, 4, San Pascual, Madrid",€680.000,,,,,,,,,,,,,,,,,,,,,,,
,,,,"Piso en calle del Caribe, San Pascual, Madrid",€1.960.000,,,,,,,,,,,,,,,,,,,,,,,
,,,,"Piso en calle del Carnero, Lavapiés-Embajadores, Madrid",€449.000,,,,,,,,,,,,,,,,,,,,,,,
,,,,"Piso en calle del Carril de los Caleros, 24, Aravaca, Madrid",€925.000,,,,,,,,,,,,,,,,,,,,,,,
,,,,"Piso en calle del Carril de los Caleros, Aravaca, Madrid",€6.029.000,,,,,,,,,,,,,,,,,,,,,,,
,,,,"Piso en calle del Casino, Lavapiés-Embajadores, Madrid",€700.000,,,,,,,,,,,,,,,,,,,,,,,
,,,,"Piso en calle del Castillo de Arévalo, Simancas, Madrid",€229.000,,,,,,,,,,,,,,,,,,,,,,,
,,,,"Piso en calle del Castillo de Madrigal de las Altas Torres, 1, Simancas, Madrid",€250.000,,,,,,,,,,,,,,,,,,,,,,,
,,,,"Piso en calle del Castillo de Madrigal de las Altas Torres, Simancas, Madrid",€180.000,,,,,,,,,,,,,,,,,,,,,,,
,,,,"Piso en calle del Castillo de Simancas, Simancas, Madrid",€625.000,,,,,,,,,,,,,,,,,,,,,,,
,,,,"Piso en calle del Castillo, Trafalgar, Madrid",€1.390.000,,,,,,,,,,,,,,,,,,,,,,,
,,,,"Piso en calle del Cerro del Carrasco, 13, Casco Histórico de Vallecas, Madrid",€195.000,,,,,,,,,,,,,,,,,,,,,,,
,,,,"Piso en calle del Cerro del Castañar, 193, Mirasierra, Madrid",€550.000,,,,,,,,,,,,,,,,,,,,,,,
,,,,"Piso en calle del Cerro del Castañar, Mirasierra, Madrid",€535.000,,,,,,,,,,,,,,,,,,,,,,,
,,,,"Piso en calle del Cerro, 307, Costillares, Madrid",€899.000,,,,,,,,,,,,,,,,,,,,,,,
,,,,"Piso en calle del Chimbo, Abrantes, Madrid",€223.000,,,,,,,,,,,,,,,,,,,,,,,
,,,,"Piso en calle del Comercio, Pacífico, Madrid",€1.380.000,,,,,,,,,,,,,,,,,,,,,,,
,,,,"Piso en calle del Condado de Treviño, 7, Costillares, Madrid",€995.000,,,,,,,,,,,,,,,,,,,,,,,
,,,,"Piso en calle del Condado de Treviño, Costillares, Madrid",€749.000,,,,,,,,,,,,,,,,,,,,,,,
,,,,"Piso en calle del Conde de Aranda, Recoletos, Madrid",€4.650.000,,,,,,,,,,,,,,,,,,,,,,,
,,,,"Piso en calle del Conde de la Cimera, Ciudad Universitaria, Madrid",€950.000,,,,,,,,,,,,,,,,,,,,,,,
,,,,"Piso en calle del Conde de las Posadas, Palomas, Madrid",€780.000,,,,,,,,,,,,,,,,,,,,,,,
,,,,"Piso en calle del Conde de Miranda, 1, Palacio, Madrid",€395.000,,,,,,,,,,,,,,,,,,,,,,,
,,,,"Piso en calle del Conde de Peñalver, 30, Goya, Madrid",€2.390.000,,,,,,,,,,,,,,,,,,,,,,,
,,,,"Piso en calle del Conde de Peñalver, Goya, Madrid",€10.190.000,,,,,,,,,,,,,,,,,,,,,,,
,,,,"Piso en calle del Conde de Peñalver, Lista, Madrid",€2.065.000,,,,,,,,,,,,,,,,,,,,,,,
,,,,"Piso en calle del Conde de Romanones, Lavapiés-Embajadores, Madrid",€470.000,,,,,,,,,,,,,,,,,,,,,,,
,,,,"Piso en calle del Conde Duque, 44, Malasaña-Universidad, Madrid",€800.000,,,,,,,,,,,,,,,,,,,,,,,
,,,,"Piso en calle del Congosto, Casco Histórico de Vallecas, Madrid",€375.000,,,,,,,,,,,,,,,,,,,,,,,
,,,,"Piso en calle del Corazón de María, 2, Prosperidad, Madrid",€1.250.000,,,,,,,,,,,,,,,,,,,,,,,
,,,,"Piso en calle del Corazón de María, Prosperidad, Madrid",€329.900,,,,,,,,,,,,,,,,,,,,,,,
,,,,"Piso en calle del Corindón, San Fermín, Madrid",€180.000,,,,,,,,,,,,,,,,,,,,,,,
,,,,"Piso en calle del Corral de Cantos, San Diego, Madrid",€189.900,,,,,,,,,,,,,,,,,,,,,,,
,,,,"Piso en calle del Corregidor Alonso de Tobar, Fontarrón, Madrid",€656.000,,,,,,,,,,,,,,,,,,,,,,,
,,,,"Piso en calle del Corregidor Diego de Valderrábano, Media Legua, Madrid",€249.000,,,,,,,,,,,,,,,,,,,,,,,
,,,,"Piso en calle del Corregidor José de Pasamonte, 15, Marroquina, Madrid",€215.000,,,,,,,,,,,,,,,,,,,,,,,
,,,,"Piso en calle del Corregidor José de Pasamonte, Marroquina, Madrid",€349.000,,,,,,,,,,,,,,,,,,,,,,,
,,,,"Piso en calle del Corregidor Juan de Bobadilla, 22, Vinateros, Madrid",€539.000,,,,,,,,,,,,,,,,,,,,,,,
,,,,"Piso en calle del Corregidor Juan de Bobadilla, Vinateros, Madrid",€488.500,,,,,,,,,,,,,,,,,,,,,,,
,,,,"Piso en calle del Corregidor Juan Francisco de Luján, 19, Fontarrón, Madrid",€240.000,,,,,,,,,,,,,,,,,,,,,,,
,,,,"Piso en calle del Corregidor Señor de la Elipa, Marroquina, Madrid",€151.500,,,,,,,,,,,,,,,,,,,,,,,
,,,,"Piso en calle del Cristo de la Fe, 1, Almendrales, Madrid",€185.000,,,,,,,,,,,,,,,,,,,,,,,
,,,,"Piso en calle del Cristo de la Fe, Almendrales, Madrid",€155.000,,,,,,,,,,,,,,,,,,,,,,,
,,,,"Piso en calle del Datil, Puerta Bonita, Madrid",€170.000,,,,,,,,,,,,,,,,,,,,,,,
,,,,"Piso en calle del Desengaño, 11, Malasaña-Universidad, Madrid",€1.260.000,,,,,,,,,,,,,,,,,,,,,,,
,,,,"Piso en calle del Desengaño, 6, Malasaña-Universidad, Madrid",€770.000,,,,,,,,,,,,,,,,,,,,,,,
,,,,"Piso en calle del Desengaño, Malasaña-Universidad, Madrid",€3.500.000,,,,,,,,,,,,,,,,,,,,,,,
,,,,"Piso en calle del Diario la Nación, 19, Puerta Bonita, Madrid",€180.000,,,,,,,,,,,,,,,,,,,,,,,
,,,,"Piso en calle del Divino Pastor, 14, Malasaña-Universidad, Madrid",€919.000,,,,,,,,,,,,,,,,,,,,,,,
,,,,"Piso en calle del Divino Pastor, Malasaña-Universidad, Madrid",€7.656.000,,,,,,,,,,,,,,,,,,,,,,,
,,,,"Piso en calle del Doce de Octubre, Ibiza, Madrid",€1.694.000,,,,,,,,,,,,,,,,,,,,,,,
,,,,"Piso en calle del Doctor Bellido, 20, San Diego, Madrid",€75.000,,,,,,,,,,,,,,,,,,,,,,,
,,,,"Piso en calle del Doctor Bellido, s/n, San Diego, Madrid",€75.000,,,,,,,,,,,,,,,,,,,,,,,
,,,,"Piso en calle del Doctor Bellido, San Diego, Madrid",€440.000,,,,,,,,,,,,,,,,,,,,,,,
,,,,"Piso en calle del Doctor Casal, Casa de Campo, Madrid",€310.000,,,,,,,,,,,,,,,,,,,,,,,
,,,,"Piso en calle del Doctor Castelo, Ibiza, Madrid",€5.835.000,,,,,,,,,,,,,,,,,,,,,,,
,,,,"Piso en calle del Doctor Drumen, Lavapiés-Embajadores, Madrid",€790.000,,,,,,,,,,,,,,,,,,,,,,,
,,,,"Piso en calle del Doctor Esquerdo, 115, Estrella, Madrid",€590.000,,,,,,,,,,,,,,,,,,,,,,,
,,,,"Piso en calle del Doctor Esquerdo, 17, Fuente del Berro, Madrid",€750.000,,,,,,,,,,,,,,,,,,,,,,,
,,,,"Piso en calle del Doctor Esquerdo, 189, Adelfas, Madrid",€915.000,,,,,,,,,,,,,,,,,,,,,,,
,,,,"Piso en calle del Doctor Esquerdo, Adelfas, Madrid",€575.000,,,,,,,,,,,,,,,,,,,,,,,
,,,,"Piso en calle del Doctor Esquerdo, Estrella, Madrid",€1.180.000,,,,,,,,,,,,,,,,,,,,,,,
,,,,"Piso en calle del Doctor Esquerdo, Fuente del Berro, Madrid",€1.630.000,,,,,,,,,,,,,,,,,,,,,,,
,,,,"Piso en calle del Doctor Esquerdo, Niño Jesús, Madrid",€1.885.900,,,,,,,,,,,,,,,,,,,,,,,
,,,,"Piso en calle del Doctor Esquerdo, Pacífico, Madrid",€649.000,,,,,,,,,,,,,,,,,,,,,,,
,,,,"Piso en calle del Doctor Jerónimo Iborra, Buena Vista, Madrid",€70.050,,,,,,,,,,,,,,,,,,,,,,,
,,,,"Piso en calle del doctor juan josé lópez ibor, 16, Valdezarza, Madrid",€925.000,,,,,,,,,,,,,,,,,,,,,,,
,,,,"Piso en calle del Doctor Juan José López Ibor, Valdezarza, Madrid",€2.775.000,,,,,,,,,,,,,,,,,,,,,,,
,,,,"Piso en calle del Doctor Mariani, 10, Berruguete, Madrid",€249.000,,,,,,,,,,,,,,,,,,,,,,,
,,,,"Piso en calle del Doctor Sánchez, San Diego, Madrid",€350.000,,,,,,,,,,,,,,,,,,,,,,,
,,,,"Piso en calle del Doctor Tolosa Latour, 23, 12 de Octubre-Orcasur, Madrid",€140.700,,,,,,,,,,,,,,,,,,,,,,,
,,,,"Piso en calle del Doctor Tolosa Latour, 25, 12 de Octubre-Orcasur, Madrid",€400.000,,,,,,,,,,,,,,,,,,,,,,,
,,,,"Piso en calle del Doctor Urquiola, Vista Alegre, Madrid",€83.400,,,,,,,,,,,,,,,,,,,,,,,
,,,,"Piso en calle del Doctor Zamenhof, 40, Salvador, Madrid",€475.000,,,,,,,,,,,,,,,,,,,,,,,
,,,,"Piso en calle del Doctor Zamenhof, Salvador, Madrid",€798.000,,,,,,,,,,,,,,,,,,,,,,,
,,,,"Piso en calle del Dos de Mayo, Malasaña-Universidad, Madrid",€385.000,,,,,,,,,,,,,,,,,,,,,,,
,,,,"Piso en calle del Duque de Rivas, 6, Lavapiés-Embajadores, Madrid",€700.000,,,,,,,,,,,,,,,,,,,,,,,
,,,,"Piso en calle del Duque de Rivas, Lavapiés-Embajadores, Madrid",€1.460.000,,,,,,,,,,,,,,,,,,,,,,,
,,,,"Piso en calle del Duque de Sesto, 2, Goya, Madrid",€860.000,,,,,,,,,,,,,,,,,,,,,,,
,,,,"Piso en calle del Duque de Sesto, 3, Goya, Madrid",€1.450.000,,,,,,,,,,,,,,,,,,,,,,,
,,,,"Piso en calle del Duque de Sesto, Goya, Madrid",€12.355.000,,,,,,,,,,,,,,,,,,,,,,,
,,,,"Piso en calle del Duque de Sevilla, El Viso, Madrid",€950.000,,,,,,,,,,,,,,,,,,,,,,,
,,,,"Piso en calle del Estroncio, Los Rosales, Madrid",€145.000,,,,,,,,,,,,,,,,,,,,,,,
,,,,"Piso en calle del Eucalipto, Bernabéu-Hispanoamérica, Madrid",€875.000,,,,,,,,,,,,,,,,,,,,,,,
,,,,"Piso en calle del Galeón, Alameda de Osuna, Madrid",€460.000,,,,,,,,,,,,,,,,,,,,,,,
,,,,"Piso en calle del General Álvarez de Castro, Trafalgar, Madrid",€820.000,,,,,,,,,,,,,,,,,,,,,,,
,,,,"Piso en calle del General Arrando, 12, Almagro, Madrid",€3.200.000,,,,,,,,,,,,,,,,,,,,,,,
,,,,"Piso en calle del General Cabrera, Cuatro Caminos, Madrid",€478.500,,,,,,,,,,,,,,,,,,,,,,,
,,,,"Piso en calle del General Díaz Porlier, 22, Goya, Madrid",€320.000,,,,,,,,,,,,,,,,,,,,,,,
,,,,"Piso en calle del General Díaz Porlier, 39, Goya, Madrid",€1.364.900,,,,,,,,,,,,,,,,,,,,,,,
,,,,"Piso en calle del General Díaz Porlier, Goya, Madrid",€6.977.900,,,,,,,,,,,,,,,,,,,,,,,
,,,,"Piso en calle del General Díaz Porlier, Lista, Madrid",€9.709.000,,,,,,,,,,,,,,,,,,,,,,,
,,,,"Piso en calle del General Lacy, 1, Palos de la Frontera, Madrid",€819.000,,,,,,,,,,,,,,,,,,,,,,,
,,,,"Piso en calle del General Lacy, Palos de la Frontera, Madrid",€503.900,,,,,,,,,,,,,,,,,,,,,,,
,,,,"Piso en calle del General Millan Astray, Águilas, Madrid",€1.068.900,,,,,,,,,,,,,,,,,,,,,,,
,,,,"Piso en calle del General Oraá, 69, Lista, Madrid",€599.900,,,,,,,,,,,,,,,,,,,,,,,
,,,,"Piso en calle del General Oráa, Castellana, Madrid",€3.045.000,,,,,,,,,,,,,,,,,,,,,,,
,,,,"Piso en calle del General Oráa, Lista, Madrid",€599.900,,,,,,,,,,,,,,,,,,,,,,,
,,,,"Piso en calle del General Palanca, Chopera, Madrid",€499.000,,,,,,,,,,,,,,,,,,,,,,,
,,,,"Piso en calle del General Palanca, Delicias, Madrid",€1.039.999,,,,,,,,,,,,,,,,,,,,,,,
,,,,"Piso en calle del General Pardiñas, 107, Lista, Madrid",€875.000,,,,,,,,,,,,,,,,,,,,,,,
,,,,"Piso en calle del General Pardiñas, 118, Lista, Madrid",€1.495.000,,,,,,,,,,,,,,,,,,,,,,,
,,,,"Piso en calle del General Pardiñas, 17, Goya, Madrid",€410.000,,,,,,,,,,,,,,,,,,,,,,,
,,,,"Piso en calle del General Pardiñas, 3, Goya, Madrid",€854.000,,,,,,,,,,,,,,,,,,,,,,,
,,,,"Piso en calle del General Pardiñas, 31, Lista, Madrid",€630.000,,,,,,,,,,,,,,,,,,,,,,,
,,,,"Piso en calle del General Pardiñas, 46, Goya, Madrid",€1.650.000,,,,,,,,,,,,,,,,,,,,,,,
,,,,"Piso en calle del General Pardiñas, 48, Goya, Madrid",€900.000,,,,,,,,,,,,,,,,,,,,,,,
,,,,"Piso en calle del General Pardiñas, 70, Lista, Madrid",€1.200.000,,,,,,,,,,,,,,,,,,,,,,,
,,,,"Piso en calle del General Pardiñas, 8, Goya, Madrid",€7.295.000,,,,,,,,,,,,,,,,,,,,,,,
,,,,"Piso en calle del General Pardiñas, Goya, Madrid",€36.952.000,,,,,,,,,,,,,,,,,,,,,,,
,,,,"Piso en calle del General Pardiñas, Lista, Madrid",€18.554.000,,,,,,,,,,,,,,,,,,,,,,,
,,,,"Piso en calle del General Pardiñas, s/n, Lista, Madrid",€1.459.000,,,,,,,,,,,,,,,,,,,,,,,
,,,,"Piso en calle del General Ramírez de Madrid, Cuatro Caminos, Madrid",€485.000,,,,,,,,,,,,,,,,,,,,,,,
,,,,"Piso en calle del General Ricardos, 57, Opañel, Madrid",€329.000,,,,,,,,,,,,,,,,,,,,,,,
,,,,"Piso en calle del General Ricardos, Opañel, Madrid",€3.073.990,,,,,,,,,,,,,,,,,,,,,,,
,,,,"Piso en calle del Ginebro, 12 de Octubre-Orcasur, Madrid",€269.000,,,,,,,,,,,,,,,,,,,,,,,
,,,,"Piso en calle del Ginebro, 3, 12 de Octubre-Orcasur, Madrid",€171.500,,,,,,,,,,,,,,,,,,,,,,,
,,,,"Piso en calle del Golfo de Salónica, 45, Costillares, Madrid",€670.000,,,,,,,,,,,,,,,,,,,,,,,
,,,,"Piso en calle del Golfo de Salónica, Costillares, Madrid",€1.186.600,,,,,,,,,,,,,,,,,,,,,,,
,,,,"Piso en calle del Gorrión, San Isidro, Madrid",€2.460.000,,,,,,,,,,,,,,,,,,,,,,,
,,,,"Piso en calle Del Hachero, 33, San Diego, Madrid",€149.900,,,,,,,,,,,,,,,,,,,,,,,
,,,,"Piso en calle del Hachero, San Diego, Madrid",€130.000,,,,,,,,,,,,,,,,,,,,,,,
,,,,"Piso en calle del Halcón, Vista Alegre, Madrid",€349.900,,,,,,,,,,,,,,,,,,,,,,,
,,,,"Piso en calle del Jardín de la Duquesa, Casco Histórico de Vicálvaro, Madrid",€218.000,,,,,,,,,,,,,,,,,,,,,,,
,,,,"Piso en calle del Jardín de San Federico, 9, Goya, Madrid",€335.000,,,,,,,,,,,,,,,,,,,,,,,
,,,,"Piso en calle del Jardín de San Federico, Goya, Madrid",€2.487.300,,,,,,,,,,,,,,,,,,,,,,,
,,,,"Piso en calle del Jaspe, Pradolongo, Madrid",€170.000,,,,,,,,,,,,,,,,,,,,,,,
,,,,"Piso en calle del Jazmín, 17, Costillares, Madrid",€960.000,,,,,,,,,,,,,,,,,,,,,,,
,,,,"Piso en calle del Jazmín, Costillares, Madrid",€309.000,,,,,,,,,,,,,,,,,,,,,,,
,,,,"Piso en calle del Labrador, Acacias, Madrid",€2.483.000,,,,,,,,,,,,,,,,,,,,,,,
,,,,"Piso en calle del Lago Iseo, Casco Histórico de Vicálvaro, Madrid",€101.300,,,,,,,,,,,,,,,,,,,,,,,
,,,,"Piso en calle del Lago Leman, Casco Histórico de Vicálvaro, Madrid",€139.000,,,,,,,,,,,,,,,,,,,,,,,
,,,,"Piso en calle del Laurel, 11, Acacias, Madrid",€350.000,,,,,,,,,,,,,,,,,,,,,,,
,,,,"Piso en calle del León, Huertas-Cortes, Madrid",€529.000,,,,,,,,,,,,,,,,,,,,,,,
,,,,"Piso en calle del Limón, Malasaña-Universidad, Madrid",€1.554.000,,,,,,,,,,,,,,,,,,,,,,,
,,,,"Piso en calle del Maestro Ángel Llorca, Vallehermoso, Madrid",€5.550.000,,,,,,,,,,,,,,,,,,,,,,,
,,,,"Piso en calle del Mar de Aral, Pinar del Rey, Madrid",€774.000,,,,,,,,,,,,,,,,,,,,,,,
,,,,"Piso en calle del Marqués de Jura Real, 21, Comillas, Madrid",€290.000,,,,,,,,,,,,,,,,,,,,,,,
,,,,"Piso en calle del Marqués de Jura Real, Comillas, Madrid",€260.000,,,,,,,,,,,,,,,,,,,,,,,
,,,,"Piso en calle del Marqués de la Ensenada, Chueca-Justicia, Madrid",€1.605.000,,,,,,,,,,,,,,,,,,,,,,,
,,,,"Piso en calle del Marqués de Portugalete, San Pascual, Madrid",€550.000,,,,,,,,,,,,,,,,,,,,,,,
,,,,"Piso en calle del Marqués de Santa Ana, Malasaña-Universidad, Madrid",€1.615.000,,,,,,,,,,,,,,,,,,,,,,,
,,,,"Piso en calle del Marqués de Urquijo, Argüelles, Madrid",€8.165.000,,,,,,,,,,,,,,,,,,,,,,,
,,,,"Piso en calle del Marqués Viudo de Pontejos, Sol, Madrid",€490.000,,,,,,,,,,,,,,,,,,,,,,,
,,,,"Piso en calle del Mediodía Chica, Palacio, Madrid",€716.000,,,,,,,,,,,,,,,,,,,,,,,
,,,,"Piso en calle del Mediodía Grande, 14, Palacio, Madrid",€648.000,,,,,,,,,,,,,,,,,,,,,,,
,,,,"Piso en calle del Mesón de Paredes, 26, Lavapiés-Embajadores, Madrid",€315.000,,,,,,,,,,,,,,,,,,,,,,,
,,,,"Piso en calle del Mesón de Paredes, 34, Lavapiés-Embajadores, Madrid",€480.000,,,,,,,,,,,,,,,,,,,,,,,
,,,,"Piso en calle del Mesón de Paredes, 7, Lavapiés-Embajadores, Madrid",€556.000,,,,,,,,,,,,,,,,,,,,,,,
,,,,"Piso en calle del Mesón de Paredes, 82, Lavapiés-Embajadores, Madrid",€465.240,,,,,,,,,,,,,,,,,,,,,,,
,,,,"Piso en calle del Mesón de Paredes, Lavapiés-Embajadores, Madrid",€3.946.000,,,,,,,,,,,,,,,,,,,,,,,
,,,,"Piso en calle del Molino de Viento, 5, Malasaña-Universidad, Madrid",€490.000,,,,,,,,,,,,,,,,,,,,,,,
,,,,"Piso en calle del Molino de Viento, Malasaña-Universidad, Madrid",€1.500.000,,,,,,,,,,,,,,,,,,,,,,,
,,,,"Piso en calle del Monasterio de Liébana, 9, Montecarmelo, Madrid",€640.000,,,,,,,,,,,,,,,,,,,,,,,
,,,,"Piso en calle del Monasterio de Oseira, 28, Montecarmelo, Madrid",€744.000,,,,,,,,,,,,,,,,,,,,,,,
,,,,"Piso en calle del Monte Esquinza, 9, Almagro, Madrid",€1.635.000,,,,,,,,,,,,,,,,,,,,,,,
,,,,"Piso en calle del Monte Esquinza, Almagro, Madrid",€9.840.000,,,,,,,,,,,,,,,,,,,,,,,
,,,,"Piso en calle del Monte Oliveti, Numancia, Madrid",€125.000,,,,,,,,,,,,,,,,,,,,,,,
,,,,"Piso en calle del Monte Perdido, Palomeras Bajas, Madrid",€73.000,,,,,,,,,,,,,,,,,,,,,,,
,,,,"Piso en calle del Monte Perdido, San Diego, Madrid",€245.000,,,,,,,,,,,,,,,,,,,,,,,
,,,,"Piso en calle del Naranjo, 99, Berruguete, Madrid",€270.000,,,,,,,,,,,,,,,,,,,,,,,
,,,,"Piso en calle del Naranjo, Berruguete, Madrid",€250.000,,,,,,,,,,,,,,,,,,,,,,,
,,,,"Piso en calle del Olivar, s/n, Lavapiés-Embajadores, Madrid",€339.754,,,,,,,,,,,,,,,,,,,,,,,
,,,,"Piso en calle del Olmo, 16, Lavapiés-Embajadores, Madrid",€490.000,,,,,,,,,,,,,,,,,,,,,,,
,,,,"Piso en calle del Olmo, 35, Lavapiés-Embajadores, Madrid",€450.000,,,,,,,,,,,,,,,,,,,,,,,
,,,,"Piso en calle del Olmo, Lavapiés-Embajadores, Madrid",€1.455.000,,,,,,,,,,,,,,,,,,,,,,,
,,,,"Piso en calle del Padre Damián, Nueva España, Madrid",€4.200.000,,,,,,,,,,,,,,,,,,,,,,,
,,,,"Piso en calle del Padre Francisco Palau y Quer, 5, Castilla, Madrid",€590.000,,,,,,,,,,,,,,,,,,,,,,,
,,,,"Piso en calle del Padre Francisco Palau y Quer, Castilla, Madrid",€2.002.000,,,,,,,,,,,,,,,,,,,,,,,
,,,,"Piso en calle del Panizo, Berruguete, Madrid",€460.000,,,,,,,,,,,,,,,,,,,,,,,
,,,,"Piso en calle del Parque de la Paloma, 1, Zofío, Madrid",€204.000,,,,,,,,,,,,,,,,,,,,,,,
,,,,"Piso en calle del Parque Eugenia de Montijo, 54, Vista Alegre, Madrid",€159.900,,,,,,,,,,,,,,,,,,,,,,,
,,,,"Piso en calle del Patrimonio de la Humanidad, Pau de Carabanchel, Madrid",€550.000,,,,,,,,,,,,,,,,,,,,,,,
,,,,"Piso en calle del Pelicano, Abrantes, Madrid",€236.000,,,,,,,,,,,,,,,,,,,,,,,
,,,,"Piso en calle del Pensamiento, 17, Cuzco-Castillejos, Madrid",€498.000,,,,,,,,,,,,,,,,,,,,,,,
,,,,"Piso en calle del Pensamiento, Cuzco-Castillejos, Madrid",€169.000,,,,,,,,,,,,,,,,,,,,,,,
,,,,"Piso en calle del Peso Hispano, Pau de Carabanchel, Madrid",€240.000,,,,,,,,,,,,,,,,,,,,,,,
,,,,"Piso en calle del Petirrojo, Aluche, Madrid",€180.000,,,,,,,,,,,,,,,,,,,,,,,
,,,,"Piso en calle del Petróleo, 12 de Octubre-Orcasur, Madrid",€169.000,,,,,,,,,,,,,,,,,,,,,,,
,,,,"Piso en calle del Pez Austral, 8, Estrella, Madrid",€790.000,,,,,,,,,,,,,,,,,,,,,,,
,,,,"Piso en calle del Pez Austral, Estrella, Madrid",€790.000,,,,,,,,,,,,,,,,,,,,,,,
,,,,"Piso en calle del Pez, 12, Malasaña-Universidad, Madrid",€830.000,,,,,,,,,,,,,,,,,,,,,,,
,,,,"Piso en calle del Pez, 36, Malasaña-Universidad, Madrid",€1.380.000,,,,,,,,,,,,,,,,,,,,,,,
,,,,"Piso en calle del Pez, Malasaña-Universidad, Madrid",€3.143.000,,,,,,,,,,,,,,,,,,,,,,,
,,,,"Piso en calle del Pico Balaitus, Peñagrande, Madrid",€395.000,,,,,,,,,,,,,,,,,,,,,,,
,,,,"Piso en calle del Pico Cebollera, San Diego, Madrid",€33.500,,,,,,,,,,,,,,,,,,,,,,,
,,,,"Piso en calle del Pico Cejo, Numancia, Madrid",€433.000,,,,,,,,,,,,,,,,,,,,,,,
,,,,"Piso en calle del Pico de Beriáin, Casco Histórico de Vallecas, Madrid",€155.000,,,,,,,,,,,,,,,,,,,,,,,
,,,,"Piso en calle del Pico de la Golondrina, Valdemarín, Madrid",€1.850.000,,,,,,,,,,,,,,,,,,,,,,,
,,,,"Piso en calle del Pico Montánchez, Casco Histórico de Vallecas, Madrid",€130.900,,,,,,,,,,,,,,,,,,,,,,,
,,,,"Piso en calle del Pico Veleta, 9, Numancia, Madrid",€106.000,,,,,,,,,,,,,,,,,,,,,,,
,,,,"Piso en calle del Pilar de Zaragoza, Guindalera, Madrid",€470.000,,,,,,,,,,,,,,,,,,,,,,,
,,,,"Piso en calle del Pinar de San José, 30, Pau de Carabanchel, Madrid",€410.000,,,,,,,,,,,,,,,,,,,,,,,
,,,,"Piso en calle del Pinar de San José, 66, Pau de Carabanchel, Madrid",€630.000,,,,,,,,,,,,,,,,,,,,,,,
,,,,"Piso en calle del Pinar, 8, Castellana, Madrid",€2.650.000,,,,,,,,,,,,,,,,,,,,,,,
,,,,"Piso en calle del Pintor Ribera, Bernabéu-Hispanoamérica, Madrid",€3.640.000,,,,,,,,,,,,,,,,,,,,,,,
,,,,"Piso en calle del Pintor Sorolla, 3, San Diego, Madrid",€269.000,,,,,,,,,,,,,,,,,,,,,,,
,,,,"Piso en calle del Pinzón, s/n, Vista Alegre, Madrid",€196.000,,,,,,,,,,,,,,,,,,,,,,,
,,,,"Piso en calle del Pinzón, Vista Alegre, Madrid",€169.000,,,,,,,,,,,,,,,,,,,,,,,
,,,,"Piso en calle del Plátano, 7, Valdeacederas, Madrid",€292.500,,,,,,,,,,,,,,,,,,,,,,,
,,,,"Piso en calle del Plátano, Valdeacederas, Madrid",€522.900,,,,,,,,,,,,,,,,,,,,,,,
,,,,"Piso en calle del Poeta Blas de Otero, 49, Ventas, Madrid",€147.600,,,,,,,,,,,,,,,,,,,,,,,
,,,,"Piso en calle del Poeta Blas de Otero, 63, Ventas, Madrid",€260.000,,,,,,,,,,,,,,,,,,,,,,,
,,,,"Piso en calle del Poeta Blas de Otero, Ventas, Madrid",€280.000,,,,,,,,,,,,,,,,,,,,,,,
,,,,"Piso en calle del Poeta Esteban de Villegas, 10, Jerónimos, Madrid",€810.000,,,,,,,,,,,,,,,,,,,,,,,
,,,,"Piso en calle del Poeta Esteban de Villegas, 12, Jerónimos, Madrid",€875.000,,,,,,,,,,,,,,,,,,,,,,,
,,,,"Piso en calle del Poeta Joan Maragall, 60, Cuzco-Castillejos, Madrid",€790.000,,,,,,,,,,,,,,,,,,,,,,,
,,,,"Piso en calle del Poeta Joan Maragall, 63, Cuzco-Castillejos, Madrid",€630.000,,,,,,,,,,,,,,,,,,,,,,,
,,,,"Piso en calle del Poeta Joan Maragall, Cuatro Caminos, Madrid",€3.770.000,,,,,,,,,,,,,,,,,,,,,,,
,,,,"Piso en calle del Poeta Joan Maragall, Cuzco-Castillejos, Madrid",€4.990.000,,,,,,,,,,,,,,,,,,,,,,,
,,,,"Piso en calle del Porvenir, 9, Fuente del Berro, Madrid",€565.000,,,,,,,,,,,,,,,,,,,,,,,
,,,,"Piso en calle del Porvenir, Fuente del Berro, Madrid",€660.000,,,,,,,,,,,,,,,,,,,,,,,
,,,,"Piso en calle del Postigo de San Martín, Sol, Madrid",€2.152.000,,,,,,,,,,,,,,,,,,,,,,,
,,,,"Piso en calle del Pozo, Sol, Madrid",€2.328.000,,,,,,,,,,,,,,,,,,,,,,,
,,,,"Piso en calle del Prado, 12, Huertas-Cortes, Madrid",€590.000,,,,,,,,,,,,,,,,,,,,,,,
,,,,"Piso en calle del Prado, Huertas-Cortes, Madrid",€548.000,,,,,,,,,,,,,,,,,,,,,,,
,,,,"Piso en calle del Preludio, Puerta del Ángel, Madrid",€1.750.000,,,,,,,,,,,,,,,,,,,,,,,
,,,,"Piso en calle del Pretil de los Consejos, Palacio, Madrid",€1.340.000,,,,,,,,,,,,,,,,,,,,,,,
,,,,"Piso en calle del Príncipe de Vergara, 197, El Viso, Madrid",€1.150.000,,,,,,,,,,,,,,,,,,,,,,,
,,,,"Piso en calle del Príncipe de Vergara, 205, El Viso, Madrid",€695.000,,,,,,,,,,,,,,,,,,,,,,,
,,,,"Piso en calle del Príncipe de Vergara, 253, Bernabéu-Hispanoamérica, Madrid",€795.000,,,,,,,,,,,,,,,,,,,,,,,
,,,,"Piso en calle del Príncipe de Vergara, 270, Bernabéu-Hispanoamérica, Madrid",€735.000,,,,,,,,,,,,,,,,,,,,,,,
,,,,"Piso en calle del Príncipe de Vergara, 4, Goya, Madrid",€1.700.000,,,,,,,,,,,,,,,,,,,,,,,
,,,,"Piso en calle del Príncipe de Vergara, 55, Castellana, Madrid",€2.200.000,,,,,,,,,,,,,,,,,,,,,,,
,,,,"Piso en calle del Príncipe de Vergara, 71, Castellana, Madrid",€4.938.000,,,,,,,,,,,,,,,,,,,,,,,
,,,,"Piso en calle del Príncipe de Vergara, 81, Castellana, Madrid",€1.370.000,,,,,,,,,,,,,,,,,,,,,,,
,,,,"Piso en calle del Príncipe de Vergara, Castellana, Madrid",€59.408.000,,,,,,,,,,,,,,,,,,,,,,,
,,,,"Piso en calle del Príncipe de Vergara, Ciudad Jardín, Madrid",€2.685.000,,,,,,,,,,,,,,,,,,,,,,,
,,,,"Piso en calle del Príncipe de Vergara, El Viso, Madrid",€5.788.000,,,,,,,,,,,,,,,,,,,,,,,
,,,,"Piso en calle del Príncipe de Vergara, Goya, Madrid",€14.800.000,,,,,,,,,,,,,,,,,,,,,,,
,,,,"Piso en calle del Príncipe de Vergara, Lista, Madrid",€7.650.000,,,,,,,,,,,,,,,,,,,,,,,
,,,,"Piso en calle del Príncipe de Vergara, Prosperidad, Madrid",€1.090.000,,,,,,,,,,,,,,,,,,,,,,,
,,,,"Piso en calle del Príncipe de Vergara, Recoletos, Madrid",€11.163.000,,,,,,,,,,,,,,,,,,,,,,,
,,,,"Piso en calle del Príncipe, 16, Huertas-Cortes, Madrid",€800.000,,,,,,,,,,,,,,,,,,,,,,,
,,,,"Piso en calle del Príncipe, 26, Huertas-Cortes, Madrid",€900.000,,,,,,,,,,,,,,,,,,,,,,,
,,,,"Piso en calle del Príncipe, Huertas-Cortes, Madrid",€5.695.000,,,,,,,,,,,,,,,,,,,,,,,
,,,,"Piso en calle del Progreso, 15, Buena Vista, Madrid",€180.000,,,,,,,,,,,,,,,,,,,,,,,
,,,,"Piso en calle del Progreso, Buena Vista, Madrid",€209.000,,,,,,,,,,,,,,,,,,,,,,,
,,,,"Piso en calle del Puerto Canfranc, 15, Numancia, Madrid",€184.999,,,,,,,,,,,,,,,,,,,,,,,
,,,,"Piso en calle del Puerto Canfranc, 19, Numancia, Madrid",€180.000,,,,,,,,,,,,,,,,,,,,,,,
,,,,"Piso en calle del Puerto de Arlabán, San Diego, Madrid",€114.500,,,,,,,,,,,,,,,,,,,,,,,
,,,,"Piso en calle del Puerto de Balbarán, 115, Palomeras Bajas, Madrid",€136.457,,,,,,,,,,,,,,,,,,,,,,,
,,,,"Piso en calle del Puerto de Balbarán, Palomeras Bajas, Madrid",€150.000,,,,,,,,,,,,,,,,,,,,,,,
,,,,"Piso en calle del Puerto de la Bonaigua, San Diego, Madrid",€146.000,,,,,,,,,,,,,,,,,,,,,,,
,,,,"Piso en calle Del Puerto de Panticosa, 6, Numancia, Madrid",€35.000,,,,,,,,,,,,,,,,,,,,,,,
,,,,"Piso en calle del Puerto de Pozazal, 35, Ensanche de Vallecas - La Gavia, Madrid",€189.000,,,,,,,,,,,,,,,,,,,,,,,
,,,,"Piso en calle del Puerto de Pozazal, 37, Ensanche de Vallecas - La Gavia, Madrid",€355.000,,,,,,,,,,,,,,,,,,,,,,,
,,,,"Piso en calle del Puerto de Pozazal, Ensanche de Vallecas - La Gavia, Madrid",€345.000,,,,,,,,,,,,,,,,,,,,,,,
,,,,"Piso en calle del Puerto de Used, 5, Ensanche de Vallecas - La Gavia, Madrid",€230.000,,,,,,,,,,,,,,,,,,,,,,,
,,,,"Piso en calle del Puerto del Bruch, Casco Histórico de Vallecas, Madrid",€118.000,,,,,,,,,,,,,,,,,,,,,,,
,,,,"Piso en calle del Quince de Agosto, s/n, Moscardó, Madrid",€249.000,,,,,,,,,,,,,,,,,,,,,,,
,,,,"Piso en calle del Real Madrid, 26, Puerta Bonita, Madrid",€163.000,,,,,,,,,,,,,,,,,,,,,,,
,,,,"Piso en calle del Río Bullaque, La Paz, Madrid",€400.000,,,,,,,,,,,,,,,,,,,,,,,
,,,,"Piso en calle del Río de la Plata, Portazgo, Madrid",€215.000,,,,,,,,,,,,,,,,,,,,,,,
,,,,"Piso en calle del Río Iguazú, 20, Portazgo, Madrid",€185.000,,,,,,,,,,,,,,,,,,,,,,,
,,,,"Piso en calle del Río Nervión, Pueblo Nuevo, Madrid",€240.000,,,,,,,,,,,,,,,,,,,,,,,
,,,,"Piso en calle del Río Orinoco, 30, Portazgo, Madrid",€182.000,,,,,,,,,,,,,,,,,,,,,,,
,,,,"Piso en calle del Río Ulla, Pueblo Nuevo, Madrid",€253.000,,,,,,,,,,,,,,,,,,,,,,,
,,,,"Piso en calle del Río Uruguay, 28, Portazgo, Madrid",€179.000,,,,,,,,,,,,,,,,,,,,,,,
,,,,"Piso en calle del Robledillo, Nuevos Ministerios-Ríos Rosas, Madrid",€1.650.000,,,,,,,,,,,,,,,,,,,,,,,
,,,,"Piso en calle del Rollo, Palacio, Madrid",€890.000,,,,,,,,,,,,,,,,,,,,,,,
,,,,"Piso en calle del Rosario, 25, Palacio, Madrid",€540.000,,,,,,,,,,,,,,,,,,,,,,,
,,,,"Piso en calle del Sacramento, Palacio, Madrid",€875.000,,,,,,,,,,,,,,,,,,,,,,,
,,,,"Piso en calle del Sándalo, Palomas, Madrid",€3.395.000,,,,,,,,,,,,,,,,,,,,,,,
,,,,"Piso en calle del Segre, 29, El Viso, Madrid",€1.850.000,,,,,,,,,,,,,,,,,,,,,,,
,,,,"Piso en calle del Segre, El Viso, Madrid",€1.850.000,,,,,,,,,,,,,,,,,,,,,,,
,,,,"Piso en calle del Socorro, Casco Histórico de Vicálvaro, Madrid",€250.000,,,,,,,,,,,,,,,,,,,,,,,
,,,,"Piso en calle del Sombrerete, 8, Lavapiés-Embajadores, Madrid",€285.000,,,,,,,,,,,,,,,,,,,,,,,
,,,,"Piso en calle del Sombrerete, Lavapiés-Embajadores, Madrid",€220.000,,,,,,,,,,,,,,,,,,,,,,,
,,,,"Piso en calle del Tesoro, Malasaña-Universidad, Madrid",€400.000,,,,,,,,,,,,,,,,,,,,,,,
,,,,"Piso en Calle del Toboso, 150, San Isidro, Madrid",€230.000,,,,,,,,,,,,,,,,,,,,,,,
,,,,"Piso en calle del Toboso, 9, San Isidro, Madrid",€400.000,,,,,,,,,,,,,,,,,,,,,,,
,,,,"Piso en calle del Toboso, San Isidro, Madrid",€639.400,,,,,,,,,,,,,,,,,,,,,,,
,,,,"Piso en calle del Tranvia de Arganda, 14, Palomeras sureste, Madrid",€985.000,,,,,,,,,,,,,,,,,,,,,,,
,,,,"Piso en calle del Tritón, 7, Colina, Madrid",€420.000,,,,,,,,,,,,,,,,,,,,,,,
,,,,"Piso en calle del Tutor, 18, Argüelles, Madrid",€484.000,,,,,,,,,,,,,,,,,,,,,,,
,,,,"Piso en calle del Tutor, 19, Argüelles, Madrid",€625.000,,,,,,,,,,,,,,,,,,,,,,,
,,,,"Piso en calle del Tutor, Argüelles, Madrid",€715.000,,,,,,,,,,,,,,,,,,,,,,,
,,,,"Piso en calle del Valle de Pinares Llanos, Arroyo del Fresno, Madrid",€460.000,,,,,,,,,,,,,,,,,,,,,,,
,,,,"Piso en calle del Vizconde de Matamala, 26, Fuente del Berro, Madrid",€380.000,,,,,,,,,,,,,,,,,,,,,,,
,,,,"Piso en calle del Vizconde de Matamala, Fuente del Berro, Madrid",€625.000,,,,,,,,,,,,,,,,,,,,,,,
,,,,"Piso en calle Dionisio Inca Yupanqui, 41, Conde Orgaz-Piovera, Madrid",€579.000,,,,,,,,,,,,,,,,,,,,,,,
,,,,"Piso en calle Doctor Balmis, 45, Aravaca, Madrid",€1.520.000,,,,,,,,,,,,,,,,,,,,,,,
,,,,"Piso en calle Doctor Balmis, Aravaca, Madrid",€1.312.000,,,,,,,,,,,,,,,,,,,,,,,
,,,,"Piso en calle Doctor Guiu, 57, Peñagrande, Madrid",€8.735.000,,,,,,,,,,,,,,,,,,,,,,,
,,,,"Piso en calle Dodge, 2, Orcasitas, Madrid",€330.000,,,,,,,,,,,,,,,,,,,,,,,
,,,,"Piso en calle Dodge, 4, Orcasitas, Madrid",€338.000,,,,,,,,,,,,,,,,,,,,,,,
,,,,"Piso en calle Dodge, Orcasitas, Madrid",€275.000,,,,,,,,,,,,,,,,,,,,,,,
,,,,"Piso en calle Dolores Armengot, Vista Alegre, Madrid",€119.000,,,,,,,,,,,,,,,,,,,,,,,
,,,,"Piso en calle Domingo Alboraya, 4, Puerta Bonita, Madrid",€315.000,,,,,,,,,,,,,,,,,,,,,,,
,,,,"Piso en calle dulce chacon, 23, Virgen del Cortijo - Manoteras, Madrid",€398.000,,,,,,,,,,,,,,,,,,,,,,,
,,,,"Piso en calle Dulce Chacón, 25, Virgen del Cortijo - Manoteras, Madrid",€6.473.000,,,,,,,,,,,,,,,,,,,,,,,
,,,,"Piso en calle Dulce Nombre de María, Numancia, Madrid",€160.000,,,,,,,,,,,,,,,,,,,,,,,
,,,,"Piso en calle Durazno, 9, Puerta Bonita, Madrid",€1.352.000,,,,,,,,,,,,,,,,,,,,,,,
,,,,"Piso en calle Dúrcal, 20, 12 de Octubre-Orcasur, Madrid",€207.000,,,,,,,,,,,,,,,,,,,,,,,
,,,,"Piso en calle Ebanistería, 13, Amposta, Madrid",€85.500,,,,,,,,,,,,,,,,,,,,,,,
,,,,"Piso en calle Eduardo Minguito, Los Rosales, Madrid",€282.500,,,,,,,,,,,,,,,,,,,,,,,
,,,,"Piso en calle Efigenia, Ambroz, Madrid",€230.000,,,,,,,,,,,,,,,,,,,,,,,
,,,,"Piso en calle Elvira Barrios, San Isidro, Madrid",€185.000,,,,,,,,,,,,,,,,,,,,,,,
,,,,"Piso en calle Emilio Muñoz, 47, Simancas, Madrid",€6.195.000,,,,,,,,,,,,,,,,,,,,,,,
,,,,"Piso en calle Emilio Raboso, 38, San Diego, Madrid",€135.000,,,,,,,,,,,,,,,,,,,,,,,
,,,,"Piso en calle Empedrada, 25, Casco Histórico de Barajas, Madrid",€188.000,,,,,,,,,,,,,,,,,,,,,,,
,,,,"Piso en calle Encomienda, 22, Lavapiés-Embajadores, Madrid",€430.000,,,,,,,,,,,,,,,,,,,,,,,
,,,,"Piso en calle Enrique I, Bellas Vistas, Madrid",€445.000,,,,,,,,,,,,,,,,,,,,,,,
,,,,"Piso en calle Entre Arroyos, Media Legua, Madrid",€250.000,,,,,,,,,,,,,,,,,,,,,,,
,,,,"Piso en calle Eraso, Guindalera, Madrid",€775.000,,,,,,,,,,,,,,,,,,,,,,,
,,,,"Piso en calle Escandón, Villaverde Alto, Madrid",€200.000,,,,,,,,,,,,,,,,,,,,,,,
,,,,"Piso en calle Escoriaza, 16, Los Ángeles, Madrid",€189.000,,,,,,,,,,,,,,,,,,,,,,,
,,,,"Piso en calle Escosura, Arapiles, Madrid",€499.000,,,,,,,,,,,,,,,,,,,,,,,
,,,,"Piso en calle Esperanza Macarena, 33, Los Rosales, Madrid",€135.000,,,,,,,,,,,,,,,,,,,,,,,
,,,,"Piso en calle Esperanza Sánchez Carrascosa, 45, Valdeacederas, Madrid",€910.000,,,,,,,,,,,,,,,,,,,,,,,
,,,,"Piso en calle Esperanza Sánchez Carrascosa, Valdeacederas, Madrid",€280.000,,,,,,,,,,,,,,,,,,,,,,,
,,,,"Piso en calle Esteban Collantes, Pueblo Nuevo, Madrid",€1.159.000,,,,,,,,,,,,,,,,,,,,,,,
,,,,"Piso en calle Esteban Terradas, Castilla, Madrid",€860.000,,,,,,,,,,,,,,,,,,,,,,,
,,,,"Piso en calle Estrella Hadar, Legazpi, Madrid",€540.000,,,,,,,,,,,,,,,,,,,,,,,
,,,,"Piso en calle Eulalia Paíno, Abrantes, Madrid",€189.000,,,,,,,,,,,,,,,,,,,,,,,
,,,,"Piso en calle Evangelina Sobredo Galanes, 9, Valdemarín, Madrid",€354.246,,,,,,,,,,,,,,,,,,,,,,,
,,,,"Piso en calle Federico Carlos Sainz de Robles, Valdezarza, Madrid",€665.000,,,,,,,,,,,,,,,,,,,,,,,
,,,,"Piso en calle Fernán Caballero, Comillas, Madrid",€518.000,,,,,,,,,,,,,,,,,,,,,,,
,,,,"Piso en calle Fernando Díaz de Mendoza, Comillas, Madrid",€1.335.000,,,,,,,,,,,,,,,,,,,,,,,
,,,,"Piso en calle Fernando Giráldez, 43, Numancia, Madrid",€240.000,,,,,,,,,,,,,,,,,,,,,,,
,,,,"Piso en calle Fernando Poo, Chopera, Madrid",€820.000,,,,,,,,,,,,,,,,,,,,,,,
,,,,"Piso en calle Ferretería, 8, Amposta, Madrid",€175.000,,,,,,,,,,,,,,,,,,,,,,,
,,,,"Piso en calle finisterre, 29, La Paz, Madrid",€390.000,,,,,,,,,,,,,,,,,,,,,,,
,,,,"Piso en calle Florencio Sanz, Vista Alegre, Madrid",€144.000,,,,,,,,,,,,,,,,,,,,,,,
,,,,"Piso en calle Fornillos, 22, Zofío, Madrid",€180.000,,,,,,,,,,,,,,,,,,,,,,,
,,,,"Piso en calle Fragata, San Isidro, Madrid",€505.000,,,,,,,,,,,,,,,,,,,,,,,
,,,,"Piso en calle Fraguas, 15, Casco Histórico de Barajas, Madrid",€260.000,,,,,,,,,,,,,,,,,,,,,,,
,,,,"Piso en calle Francisco de Icaza, Abrantes, Madrid",€237.222,,,,,,,,,,,,,,,,,,,,,,,
,,,,"Piso en calle Francisco del Pino, s/n, Los Rosales, Madrid",€150.000,,,,,,,,,,,,,,,,,,,,,,,
,,,,"Piso en calle Francisco García, Vista Alegre, Madrid",€512.000,,,,,,,,,,,,,,,,,,,,,,,
,,,,"Piso en calle Francisco Guzmán, 10, Puerta Bonita, Madrid",€123.200,,,,,,,,,,,,,,,,,,,,,,,
,,,,"Piso en calle Francisco Guzmán, Puerta Bonita, Madrid",€205.000,,,,,,,,,,,,,,,,,,,,,,,
,,,,"Piso en calle Francisco Navacerrada, 8, Guindalera, Madrid",€1.720.000,,,,,,,,,,,,,,,,,,,,,,,
,,,,"Piso en calle Francisco Salas, 25, Bellas Vistas, Madrid",€910.000,,,,,,,,,,,,,,,,,,,,,,,
,,,,"Piso en calle Fresno de Cantespino, 15, Ensanche de Vallecas - La Gavia, Madrid",€233.900,,,,,,,,,,,,,,,,,,,,,,,
,,,,"Piso en calle Fuencarral, Malasaña-Universidad, Madrid",€1.300.000,,,,,,,,,,,,,,,,,,,,,,,
,,,,"Piso en calle Fuente del Peral, Aravaca, Madrid",€1.450.000,,,,,,,,,,,,,,,,,,,,,,,
,,,,"Piso en calle Fuente del Saz, Bernabéu-Hispanoamérica, Madrid",€365.000,,,,,,,,,,,,,,,,,,,,,,,
,,,,"Piso en calle Fuente del Tiro, Águilas, Madrid",€164.000,,,,,,,,,,,,,,,,,,,,,,,
,,,,"Piso en calle Fuentes de San Jorge, 12, Casco Histórico de Vicálvaro, Madrid",€220.000,,,,,,,,,,,,,,,,,,,,,,,
,,,,"Piso en calle Gabriel Portadales, Valdeacederas, Madrid",€239.900,,,,,,,,,,,,,,,,,,,,,,,
,,,,"Piso en calle Gandhi, Pueblo Nuevo, Madrid",€1.047.000,,,,,,,,,,,,,,,,,,,,,,,
,,,,"Piso en calle Gandhi, s/n, Pueblo Nuevo, Madrid",€195.000,,,,,,,,,,,,,,,,,,,,,,,
,,,,"Piso en calle garcía luna, 7, Ciudad Jardín, Madrid",€325.000,,,,,,,,,,,,,,,,,,,,,,,
,,,,"Piso en calle Garcia Quintanilla, 4, Concepción, Madrid",€795.000,,,,,,,,,,,,,,,,,,,,,,,
,,,,"Piso en calle Garrovillas, Águilas, Madrid",€219.900,,,,,,,,,,,,,,,,,,,,,,,
,,,,"Piso en calle General Oraá, 9, Castellana, Madrid",€11.000.000,,,,,,,,,,,,,,,,,,,,,,,
,,,,"Piso en calle general Ricardos, 65, Opañel, Madrid",€300.000,,,,,,,,,,,,,,,,,,,,,,,
,,,,"Piso en calle Germán Pérez Carrasco, 24, Quintana, Madrid",€253.800,,,,,,,,,,,,,,,,,,,,,,,
,,,,"Piso en calle Germán Pérez Carrasco, Quintana, Madrid",€1.902.700,,,,,,,,,,,,,,,,,,,,,,,
,,,,"Piso en calle Gerona, Sol, Madrid",€380.000,,,,,,,,,,,,,,,,,,,,,,,
,,,,"Piso en calle Gilena, 13, Villaverde Alto, Madrid",€557.400,,,,,,,,,,,,,,,,,,,,,,,
,,,,"Piso en calle Gilena, Villaverde Alto, Madrid",€165.000,,,,,,,,,,,,,,,,,,,,,,,
,,,,"Piso en calle Girasol, Buena Vista, Madrid",€229.000,,,,,,,,,,,,,,,,,,,,,,,
,,,,"Piso en calle Gómez de Arteche, s/n, Buena Vista, Madrid",€152.000,,,,,,,,,,,,,,,,,,,,,,,
,,,,"Piso en calle Góndola, Alameda de Osuna, Madrid",€420.000,,,,,,,,,,,,,,,,,,,,,,,
,,,,"Piso en calle González Arias, 8, Pradolongo, Madrid",€94.200,,,,,,,,,,,,,,,,,,,,,,,
,,,,"Piso en calle Goya, Goya, Madrid",€675.000,,,,,,,,,,,,,,,,,,,,,,,
,,,,"Piso en calle Gran Vía, 41, Palacio, Madrid",€5.780.000,,,,,,,,,,,,,,,,,,,,,,,
,,,,"Piso en calle Gran Vía, Chueca-Justicia, Madrid",€2.600.000,,,,,,,,,,,,,,,,,,,,,,,
,,,,"Piso en calle Gran Vía, Malasaña-Universidad, Madrid",€1.295.000,,,,,,,,,,,,,,,,,,,,,,,
,,,,"Piso en calle Gran Vía, Palacio, Madrid",€2.320.000,,,,,,,,,,,,,,,,,,,,,,,
,,,,"Piso en calle Gran Vía, Sol, Madrid",€5.500.000,,,,,,,,,,,,,,,,,,,,,,,
,,,,"Piso en calle Grazia Deledda, 5, Los Rosales, Madrid",€330.000,,,,,,,,,,,,,,,,,,,,,,,
,,,,"Piso en calle Gregorio Vacas, Lucero, Madrid",€495.000,,,,,,,,,,,,,,,,,,,,,,,
,,,,"Piso en calle Guadalaviar, 3, Villaverde Alto, Madrid",€160.000,,,,,,,,,,,,,,,,,,,,,,,
,,,,"Piso en calle Guadalcázar, 10, Entrevías, Madrid",€72.800,,,,,,,,,,,,,,,,,,,,,,,
,,,,"Piso en calle Guisona, Pinar del Rey, Madrid",€409.500,,,,,,,,,,,,,,,,,,,,,,,
,,,,"Piso en calle Gumersinda Rosillo, 6, Moscardó, Madrid",€185.000,,,,,,,,,,,,,,,,,,,,,,,
,,,,"Piso en calle Gustavo Pérez Puig, 81, Valdebebas - Valdefuentes, Madrid",€895.000,,,,,,,,,,,,,,,,,,,,,,,
,,,,"Piso en calle Gustavo Pérez Puig, s/n, Valdebebas - Valdefuentes, Madrid",€2.776.980,,,,,,,,,,,,,,,,,,,,,,,
,,,,"Piso en calle Gustavo Pérez Puig, Valdebebas - Valdefuentes, Madrid",€820.000,,,,,,,,,,,,,,,,,,,,,,,
,,,,"Piso en calle Helena de Troya, Ambroz, Madrid",€157.260,,,,,,,,,,,,,,,,,,,,,,,
,,,,"Piso en calle Herencia, 1, Hellín, Madrid",€334.900,,,,,,,,,,,,,,,,,,,,,,,
,,,,"Piso en calle Hermandad de Donantes de Sangre, Los Ángeles, Madrid",€278.000,,,,,,,,,,,,,,,,,,,,,,,
,,,,"Piso en calle Hermanos de Pablo, 15, Quintana, Madrid",€275.000,,,,,,,,,,,,,,,,,,,,,,,
,,,,"Piso en calle Hermanos de Pablo, Quintana, Madrid",€709.000,,,,,,,,,,,,,,,,,,,,,,,
,,,,"Piso en calle Hermosilla, 60, Recoletos, Madrid",€9.981.000,,,,,,,,,,,,,,,,,,,,,,,
,,,,"Piso en calle Hernández de Tejada, 10, San Pascual, Madrid",€4.380.000,,,,,,,,,,,,,,,,,,,,,,,
,,,,"Piso en calle Hernández Mas, Entrevías, Madrid",€170.000,,,,,,,,,,,,,,,,,,,,,,,
,,,,"Piso en calle Horizón, 3, Orcasitas, Madrid",€275.000,,,,,,,,,,,,,,,,,,,,,,,
,,,,"Piso en calle huerta de castañeda, 14, Lucero, Madrid",€349.900,,,,,,,,,,,,,,,,,,,,,,,
,,,,"Piso en calle Huerta de Villaverde, Villaverde Alto, Madrid",€719.000,,,,,,,,,,,,,,,,,,,,,,,
,,,,"Piso en calle Humanitarias, Vista Alegre, Madrid",€275.000,,,,,,,,,,,,,,,,,,,,,,,
,,,,"Piso en calle Iglesia, Opañel, Madrid",€199.000,,,,,,,,,,,,,,,,,,,,,,,
,,,,"Piso en calle Ignacio Santos Vinuelas, 19, Los Rosales, Madrid",€196.000,,,,,,,,,,,,,,,,,,,,,,,
,,,,"Piso en calle Infanta Mercedes, 91, Cuzco-Castillejos, Madrid",€2.544.000,,,,,,,,,,,,,,,,,,,,,,,
,,,,"Piso en calle Inmaculada Concepción, s/n, Comillas, Madrid",€129.000,,,,,,,,,,,,,,,,,,,,,,,
,,,,"Piso en calle Inventores, 8, Hellín, Madrid",€155.000,,,,,,,,,,,,,,,,,,,,,,,
,,,,"Piso en calle Inventores, Hellín, Madrid",€299.000,,,,,,,,,,,,,,,,,,,,,,,
,,,,"Piso en calle Isabel Fornieles, Moscardó, Madrid",€270.000,,,,,,,,,,,,,,,,,,,,,,,
,,,,"Piso en calle Isidra Jiménez, 22, Pradolongo, Madrid",€220.000,,,,,,,,,,,,,,,,,,,,,,,
,,,,"Piso en calle Isis, 10, Palomas, Madrid",€1.400.000,,,,,,,,,,,,,,,,,,,,,,,
,,,,"Piso en calle Isla de Cristina, 14, Valdezarza, Madrid",€635.000,,,,,,,,,,,,,,,,,,,,,,,
,,,,"Piso en calle Isla de Tavira, Peñagrande, Madrid",€565.000,,,,,,,,,,,,,,,,,,,,,,,
,,,,"Piso en calle Islas Británicas, Tres Olivos - Valverde, Madrid",€84.000,,,,,,,,,,,,,,,,,,,,,,,
,,,,"Piso en calle Islas Filipinas, 16, Vallehermoso, Madrid",€1.590.000,,,,,,,,,,,,,,,,,,,,,,,
,,,,"Piso en calle Jaime Tercero, Puerta del Ángel, Madrid",€235.000,,,,,,,,,,,,,,,,,,,,,,,
,,,,"Piso en calle Javier Ferrero, 1, Ciudad Jardín, Madrid",€4.042.750,,,,,,,,,,,,,,,,,,,,,,,
,,,,"Piso en calle Jimena, Puerta Bonita, Madrid",€344.000,,,,,,,,,,,,,,,,,,,,,,,
,,,,"Piso en calle Joaquín Bau, Nueva España, Madrid",€8.970.000,,,,,,,,,,,,,,,,,,,,,,,
,,,,"Piso en calle Joaquín Lorenzo, s/n, Peñagrande, Madrid",€3.843.000,,,,,,,,,,,,,,,,,,,,,,,
,,,,"Piso en calle Joaquín Martínez Borreguero, Comillas, Madrid",€500.000,,,,,,,,,,,,,,,,,,,,,,,
,,,,"Piso en calle Jorge Juan, 171, Fuente del Berro, Madrid",€10.420.000,,,,,,,,,,,,,,,,,,,,,,,
,,,,"Piso en calle José del Río, San Isidro, Madrid",€505.000,,,,,,,,,,,,,,,,,,,,,,,
,,,,"Piso en calle José María Lozano Sáinz, 11, Los Ángeles, Madrid",€1.539.000,,,,,,,,,,,,,,,,,,,,,,,
,,,,"Piso en calle José Maurelo, Aluche, Madrid",€189.000,,,,,,,,,,,,,,,,,,,,,,,
,,,,"Piso en calle José Montalvo, San Isidro, Madrid",€159.900,,,,,,,,,,,,,,,,,,,,,,,
,,,,"Piso en calle jose serrano, San Diego, Madrid",€135.000,,,,,,,,,,,,,,,,,,,,,,,
,,,,"Piso en calle Juan Álvarez Mendizábal, Argüelles, Madrid",€635.000,,,,,,,,,,,,,,,,,,,,,,,
,,,,"Piso en calle Juan de Arolas, 4, Ventas, Madrid",€408.900,,,,,,,,,,,,,,,,,,,,,,,
,,,,"Piso en calle Juan de Arolas, Ventas, Madrid",€238.900,,,,,,,,,,,,,,,,,,,,,,,
,,,,"Piso en calle Juan Francisco, Puerta Bonita, Madrid",€620.000,,,,,,,,,,,,,,,,,,,,,,,
,,,,"Piso en calle Juan Pérez Zuñiga, 18, Concepción, Madrid",€2.825.000,,,,,,,,,,,,,,,,,,,,,,,
,,,,"Piso en calle Juan perez Zuñiga, 41, San Pascual, Madrid",€238.000,,,,,,,,,,,,,,,,,,,,,,,
,,,,"Piso en calle Juan Ramón Jiménez, 8, Bernabéu-Hispanoamérica, Madrid",€601.012,,,,,,,,,,,,,,,,,,,,,,,
,,,,"Piso en calle Juan Zofío, Zofío, Madrid",€319.000,,,,,,,,,,,,,,,,,,,,,,,
,,,,"Piso en calle Juana Urosa, 25, Vista Alegre, Madrid",€169.000,,,,,,,,,,,,,,,,,,,,,,,
,,,,"Piso en calle Julian Besteiro, 31, Cuzco-Castillejos, Madrid",€435.000,,,,,,,,,,,,,,,,,,,,,,,
,,,,"Piso en calle Julio Antonio, 21, Puerta Bonita, Madrid",€300.000,,,,,,,,,,,,,,,,,,,,,,,
,,,,"Piso en calle Julio Calvo, 2, Peñagrande, Madrid",€299.000,,,,,,,,,,,,,,,,,,,,,,,
,,,,"Piso en calle Julio Palacios, 29, La Paz, Madrid",€815.000,,,,,,,,,,,,,,,,,,,,,,,
,,,,"Piso en calle la Canción del Olvido, 23, Los Ángeles, Madrid",€170.000,,,,,,,,,,,,,,,,,,,,,,,
,,,,"Piso en calle la Canción del Olvido, 70, Los Ángeles, Madrid",€205.000,,,,,,,,,,,,,,,,,,,,,,,
,,,,"Piso en calle la Dolorosa, Los Ángeles, Madrid",€277.000,,,,,,,,,,,,,,,,,,,,,,,
,,,,"Piso en calle la Escuela de Vallecas, 58, Ensanche de Vallecas - La Gavia, Madrid",€2.762.000,,,,,,,,,,,,,,,,,,,,,,,
,,,,"Piso en calle la Escuela de Vallecas, s/n, Ensanche de Vallecas - La Gavia, Madrid",€397.340,,,,,,,,,,,,,,,,,,,,,,,
,,,,"Piso en calle la Ilíada, 13, Canillejas, Madrid",€230.000,,,,,,,,,,,,,,,,,,,,,,,
,,,,"Piso en calle la Ilíada, Canillejas, Madrid",€265.000,,,,,,,,,,,,,,,,,,,,,,,
,,,,"Piso en calle Lagasca, Castellana, Madrid",€2.490.000,,,,,,,,,,,,,,,,,,,,,,,
,,,,"Piso en calle Lagasca, Recoletos, Madrid",€3.450.000,,,,,,,,,,,,,,,,,,,,,,,
,,,,"Piso en calle Laguna del Marquesado, Villaverde Alto, Madrid",€149.999,,,,,,,,,,,,,,,,,,,,,,,
,,,,"Piso en calle Lagunas de Neila, 6, Villaverde Alto, Madrid",€285.000,,,,,,,,,,,,,,,,,,,,,,,
,,,,"Piso en calle Lanjarón, 12 de Octubre-Orcasur, Madrid",€560.000,,,,,,,,,,,,,,,,,,,,,,,
,,,,"Piso en calle Lanuza, Fuente del Berro, Madrid",€710.000,,,,,,,,,,,,,,,,,,,,,,,
,,,,"Piso en calle Lele del Pozo, Entrevías, Madrid",€190.000,,,,,,,,,,,,,,,,,,,,,,,
,,,,"Piso en calle Leonor Góngora, Los Rosales, Madrid",€683.900,,,,,,,,,,,,,,,,,,,,,,,
,,,,"Piso en calle Leopoldo alas clarin n 2 2a, 2, Peñagrande, Madrid",€670.000,,,,,,,,,,,,,,,,,,,,,,,
,,,,"Piso en calle Leopoldo Alas Clarín, 6, Peñagrande, Madrid",€790.000,,,,,,,,,,,,,,,,,,,,,,,
,,,,"Piso en calle Leopoldo Alas Clarín, Peñagrande, Madrid",€640.000,,,,,,,,,,,,,,,,,,,,,,,
,,,,"Piso en calle Lerida, 68, Cuatro Caminos, Madrid",€850.000,,,,,,,,,,,,,,,,,,,,,,,
,,,,"Piso en calle Litos, 12, Los Ángeles, Madrid",€115.000,,,,,,,,,,,,,,,,,,,,,,,
,,,,"Piso en calle Litos, 7, Los Ángeles, Madrid",€151.750,,,,,,,,,,,,,,,,,,,,,,,
,,,,"Piso en calle Llanos de Escudero, Pueblo Nuevo, Madrid",€200.000,,,,,,,,,,,,,,,,,,,,,,,
,,,,"Piso en calle Lola de Membrives, Opañel, Madrid",€230.000,,,,,,,,,,,,,,,,,,,,,,,
,,,,"Piso en calle Los Cerros, s/n, Los Cerros, Madrid",€1.388.689,,,,,,,,,,,,,,,,,,,,,,,
,,,,"Piso en calle los Realejos, Pueblo Nuevo, Madrid",€569.500,,,,,,,,,,,,,,,,,,,,,,,
,,,,"Piso en calle Lucano, 15, Canillejas, Madrid",€323.900,,,,,,,,,,,,,,,,,,,,,,,
,,,,"Piso en calle Lucano, 29, Canillejas, Madrid",€229.000,,,,,,,,,,,,,,,,,,,,,,,
,,,,"Piso en calle Lucano, Canillejas, Madrid",€180.000,,,,,,,,,,,,,,,,,,,,,,,
,,,,"Piso en calle Lucano, s/n, Canillejas, Madrid",€215.000,,,,,,,,,,,,,,,,,,,,,,,
,,,,"Piso en calle Luis de la Torre, Pradolongo, Madrid",€291.500,,,,,,,,,,,,,,,,,,,,,,,
,,,,"Piso en calle Madres Plaza de Mayo, 32, Pueblo Nuevo, Madrid",€250.000,,,,,,,,,,,,,,,,,,,,,,,
,,,,"Piso en calle Maestro García Navarro, Ensanche de Vallecas - La Gavia, Madrid",€184.000,,,,,,,,,,,,,,,,,,,,,,,
,,,,"Piso en calle Magín Calvo, Puerta del Ángel, Madrid",€890.000,,,,,,,,,,,,,,,,,,,,,,,
,,,,"Piso en calle Mahonia, 3, Conde Orgaz-Piovera, Madrid",€1.250.000,,,,,,,,,,,,,,,,,,,,,,,
,,,,"Piso en calle Mahonia, Conde Orgaz-Piovera, Madrid",€1.945.000,,,,,,,,,,,,,,,,,,,,,,,
,,,,"Piso en calle Maíz, 2, Zofío, Madrid",€380.000,,,,,,,,,,,,,,,,,,,,,,,
,,,,"Piso en calle Manuel Cano, 11, Casco Histórico de Vallecas, Madrid",€104.700,,,,,,,,,,,,,,,,,,,,,,,
,,,,"Piso en calle Manuel de García, 15, Campamento, Madrid",€279.000,,,,,,,,,,,,,,,,,,,,,,,
,,,,"Piso en calle Manuel Lamela, Puerta Bonita, Madrid",€148.000,,,,,,,,,,,,,,,,,,,,,,,
,,,,"Piso en calle Manuel Marañón, 4, Colina, Madrid",€1.340.000,,,,,,,,,,,,,,,,,,,,,,,
,,,,"Piso en calle Maracena, 12 de Octubre-Orcasur, Madrid",€219.000,,,,,,,,,,,,,,,,,,,,,,,
,,,,"Piso en calle Maratón, s/n, Simancas, Madrid",€190.000,,,,,,,,,,,,,,,,,,,,,,,
,,,,"Piso en calle Marcelino Castillo, Aluche, Madrid",€174.000,,,,,,,,,,,,,,,,,,,,,,,
,,,,"Piso en calle Marchamalo, 13, Portazgo, Madrid",€185.000,,,,,,,,,,,,,,,,,,,,,,,
,,,,"Piso en calle Marchamalo, Portazgo, Madrid",€260.000,,,,,,,,,,,,,,,,,,,,,,,
,,,,"Piso en calle Margaritas, Berruguete, Madrid",€365.000,,,,,,,,,,,,,,,,,,,,,,,
,,,,"Piso en calle María de Echarri, Los Rosales, Madrid",€178.600,,,,,,,,,,,,,,,,,,,,,,,
,,,,"Piso en calle María Odiaga, Puerta Bonita, Madrid",€199.000,,,,,,,,,,,,,,,,,,,,,,,
,,,,"Piso en calle Maria Pita, 42, El Cañaveral, Madrid",€399.000,,,,,,,,,,,,,,,,,,,,,,,
,,,,"Piso en calle Marianistas, Buena Vista, Madrid",€170.000,,,,,,,,,,,,,,,,,,,,,,,
,,,,"Piso en calle Mariano Carderera, 5, Puerta del Ángel, Madrid",€390.000,,,,,,,,,,,,,,,,,,,,,,,
,,,,"Piso en calle Mariblanca, Moscardó, Madrid",€239.000,,,,,,,,,,,,,,,,,,,,,,,
,,,,"Piso en calle Maricara, 11, Butarque, Madrid",€679.500,,,,,,,,,,,,,,,,,,,,,,,
,,,,"Piso en calle Marina Vega, 38, Zofío, Madrid",€175.000,,,,,,,,,,,,,,,,,,,,,,,
,,,,"Piso en calle Marques de la Valdavia, 5, Palos de la Frontera, Madrid",€837.000,,,,,,,,,,,,,,,,,,,,,,,
,,,,"Piso en calle Marqués de Monasterio, Chueca-Justicia, Madrid",€379.000,,,,,,,,,,,,,,,,,,,,,,,
,,,,"Piso en calle Mascaraque, Buena Vista, Madrid",€499.000,,,,,,,,,,,,,,,,,,,,,,,
,,,,"Piso en calle Matilde Gayo, Moscardó, Madrid",€270.000,,,,,,,,,,,,,,,,,,,,,,,
,,,,"Piso en calle Mayor, 76, Palacio, Madrid",€1.250.000,,,,,,,,,,,,,,,,,,,,,,,
,,,,"Piso en calle Mayor, 80, Palacio, Madrid",€899.000,,,,,,,,,,,,,,,,,,,,,,,
,,,,"Piso en calle Mayor, Palacio, Madrid",€10.417.000,,,,,,,,,,,,,,,,,,,,,,,
,,,,"Piso en calle Mayor, Sol, Madrid",€14.895.000,,,,,,,,,,,,,,,,,,,,,,,
,,,,"Piso en calle Mazo, s/n, Pueblo Nuevo, Madrid",€146.000,,,,,,,,,,,,,,,,,,,,,,,
,,,,"Piso en calle Mendívil, Numancia, Madrid",€124.000,,,,,,,,,,,,,,,,,,,,,,,
,,,,"Piso en calle Mercedes Domingo, 25, Opañel, Madrid",€195.000,,,,,,,,,,,,,,,,,,,,,,,
,,,,"Piso en calle Metal, Los Rosales, Madrid",€215.000,,,,,,,,,,,,,,,,,,,,,,,
,,,,"Piso en calle Miguel de la Roca, 25, Entrevías, Madrid",€192.000,,,,,,,,,,,,,,,,,,,,,,,
,,,,"Piso en calle Miguel de la Roca, Entrevías, Madrid",€186.000,,,,,,,,,,,,,,,,,,,,,,,
,,,,"Piso en calle Mijo, Zofío, Madrid",€499.000,,,,,,,,,,,,,,,,,,,,,,,
,,,,"Piso en calle Minas, 16, Malasaña-Universidad, Madrid",€695.000,,,,,,,,,,,,,,,,,,,,,,,
,,,,"Piso en calle Mingorría, Campamento, Madrid",€325.000,,,,,,,,,,,,,,,,,,,,,,,
,,,,"Piso en calle Mojácar, Apóstol Santiago, Madrid",€775.000,,,,,,,,,,,,,,,,,,,,,,,
,,,,"Piso en calle Molina, 53, Ventilla-Almenara, Madrid",€325.000,,,,,,,,,,,,,,,,,,,,,,,
,,,,"Piso en calle Mónaco, 7, Rosas, Madrid",€585.000,,,,,,,,,,,,,,,,,,,,,,,
,,,,"Piso en calle Monasterio de Liébana, 3, Montecarmelo, Madrid",€645.000,,,,,,,,,,,,,,,,,,,,,,,
,,,,"Piso en calle Monasterio de Liébana, 9, Montecarmelo, Madrid",€569.000,,,,,,,,,,,,,,,,,,,,,,,
,,,,"Piso en calle Moncada, 109, San Cristóbal, Madrid",€140.000,,,,,,,,,,,,,,,,,,,,,,,
,,,,"Piso en calle Moncada, 121, San Cristóbal, Madrid",€118.000,,,,,,,,,,,,,,,,,,,,,,,
,,,,"Piso en calle Moncada, 122, San Cristóbal, Madrid",€110.000,,,,,,,,,,,,,,,,,,,,,,,
,,,,"Piso en calle Moncada, San Cristóbal, Madrid",€62.000,,,,,,,,,,,,,,,,,,,,,,,
,,,,"Piso en calle Montejurra, 33, Ventas, Madrid",€254.000,,,,,,,,,,,,,,,,,,,,,,,
,,,,"Piso en calle Montejurra, Ventas, Madrid",€155.000,,,,,,,,,,,,,,,,,,,,,,,
,,,,"Piso en calle Monteleón, 7, Malasaña-Universidad, Madrid",€390.000,,,,,,,,,,,,,,,,,,,,,,,
,,,,"Piso en calle Montpellier, Horcajo, Madrid",€460.000,,,,,,,,,,,,,,,,,,,,,,,
,,,,"Piso en calle Montseny, 52, Numancia, Madrid",€61.100,,,,,,,,,,,,,,,,,,,,,,,
,,,,"Piso en calle Moratín, 3, Huertas-Cortes, Madrid",€4.192.000,,,,,,,,,,,,,,,,,,,,,,,
,,,,"Piso en calle Morenés Arteaga, Opañel, Madrid",€335.000,,,,,,,,,,,,,,,,,,,,,,,
,,,,"Piso en calle Moreno, Puerta Bonita, Madrid",€700.000,,,,,,,,,,,,,,,,,,,,,,,
,,,,"Piso en calle Moreras, 1, Numancia, Madrid",€260.000,,,,,,,,,,,,,,,,,,,,,,,
,,,,"Piso en calle Motilla del Palancar, Canillas, Madrid",€618.000,,,,,,,,,,,,,,,,,,,,,,,
,,,,"Piso en calle Muela de San Juan, Casco Histórico de Vallecas, Madrid",€698.000,,,,,,,,,,,,,,,,,,,,,,,
,,,,"Piso en calle Müller, 21, Valdeacederas, Madrid",€1.700.000,,,,,,,,,,,,,,,,,,,,,,,
,,,,"Piso en calle Musas, Canillejas, Madrid",€265.000,,,,,,,,,,,,,,,,,,,,,,,
,,,,"Piso en calle Naciones, Goya, Madrid",€9.596.000,,,,,,,,,,,,,,,,,,,,,,,
,,,,"Piso en calle Navas, 4, Cuzco-Castillejos, Madrid",€247.899,,,,,,,,,,,,,,,,,,,,,,,
,,,,"Piso en calle Nereida, Legazpi, Madrid",€730.000,,,,,,,,,,,,,,,,,,,,,,,
,,,,"Piso en calle Nicolás Godoy, Almendrales, Madrid",€707.250,,,,,,,,,,,,,,,,,,,,,,,
,,,,"Piso en calle Norberto, 14, San Diego, Madrid",€250.000,,,,,,,,,,,,,,,,,,,,,,,
,,,,"Piso en calle Núñez de Balboa, Recoletos, Madrid",€2.350.000,,,,,,,,,,,,,,,,,,,,,,,
,,,,"Piso en calle O'Donnell, Goya, Madrid",€4.000.000,,,,,,,,,,,,,,,,,,,,,,,
,,,,"Piso en calle Obanos, 10, Las Tablas, Madrid",€695.000,,,,,,,,,,,,,,,,,,,,,,,
,,,,"Piso en calle Ocaña, 99, Aluche, Madrid",€260.000,,,,,,,,,,,,,,,,,,,,,,,
,,,,"Piso en calle Ontanilla, 22, Abrantes, Madrid",€266.300,,,,,,,,,,,,,,,,,,,,,,,
,,,,"Piso en calle Ontanilla, Abrantes, Madrid",€304.500,,,,,,,,,,,,,,,,,,,,,,,
,,,,"Piso en calle Orgaz, Comillas, Madrid",€1.840.000,,,,,,,,,,,,,,,,,,,,,,,
,,,,"Piso en calle Orio, Los Ángeles, Madrid",€296.000,,,,,,,,,,,,,,,,,,,,,,,
,,,,"Piso en calle Otero, Guindalera, Madrid",€369.000,,,,,,,,,,,,,,,,,,,,,,,
,,,,"Piso en calle Padre José María, 12 de Octubre-Orcasur, Madrid",€310.000,,,,,,,,,,,,,,,,,,,,,,,
,,,,"Piso en calle Padre José María, s/n, 12 de Octubre-Orcasur, Madrid",€299.000,,,,,,,,,,,,,,,,,,,,,,,
,,,,"Piso en calle Palma, Malasaña-Universidad, Madrid",€1.918.000,,,,,,,,,,,,,,,,,,,,,,,
,,,,"Piso en calle Pan y Toros, s/n, Los Ángeles, Madrid",€285.000,,,,,,,,,,,,,,,,,,,,,,,
,,,,"Piso en calle Pasifae, Rejas, Madrid",€390.000,,,,,,,,,,,,,,,,,,,,,,,
,,,,"Piso en calle Pastrana, Salvador, Madrid",€475.000,,,,,,,,,,,,,,,,,,,,,,,
,,,,"Piso en calle Pedro de Valdivia, El Viso, Madrid",€2.300.000,,,,,,,,,,,,,,,,,,,,,,,
,,,,"Piso en calle Pedro Laborde, 1, Portazgo, Madrid",€180.000,,,,,,,,,,,,,,,,,,,,,,,
,,,,"Piso en calle Pedro Rico, 11, La Paz, Madrid",€720.000,,,,,,,,,,,,,,,,,,,,,,,
,,,,"Piso en calle Pedro Yagüe, Comillas, Madrid",€201.115,,,,,,,,,,,,,,,,,,,,,,,
,,,,"Piso en calle Penélope, Casco Histórico de Barajas, Madrid",€275.000,,,,,,,,,,,,,,,,,,,,,,,
,,,,"Piso en calle Peña Cerredo, Casco Histórico de Vallecas, Madrid",€145.000,,,,,,,,,,,,,,,,,,,,,,,
,,,,"Piso en calle Peña de Oroel, 4, Casco Histórico de Vallecas, Madrid",€98.200,,,,,,,,,,,,,,,,,,,,,,,
,,,,"Piso en calle Peña Rivera, Casco Histórico de Vallecas, Madrid",€479.900,,,,,,,,,,,,,,,,,,,,,,,
,,,,"Piso en calle Peralejo, San Fermín, Madrid",€164.000,,,,,,,,,,,,,,,,,,,,,,,
,,,,"Piso en calle Periana, San Fermín, Madrid",€400.000,,,,,,,,,,,,,,,,,,,,,,,
,,,,"Piso en calle Perpetua Díaz, s/n, Pradolongo, Madrid",€398.000,,,,,,,,,,,,,,,,,,,,,,,
,,,,"Piso en calle Pescara, 4, Pueblo Nuevo, Madrid",€480.000,,,,,,,,,,,,,,,,,,,,,,,
,,,,"Piso en calle Pez, Malasaña-Universidad, Madrid",€800.000,,,,,,,,,,,,,,,,,,,,,,,
,,,,"Piso en calle Pico Collarada, San Diego, Madrid",€140.000,,,,,,,,,,,,,,,,,,,,,,,
,,,,"Piso en calle Pico de la Cierva, 1, Casco Histórico de Vallecas, Madrid",€340.000,,,,,,,,,,,,,,,,,,,,,,,
,,,,"Piso en calle Pico de la Cierva, Casco Histórico de Vallecas, Madrid",€272.300,,,,,,,,,,,,,,,,,,,,,,,
,,,,"Piso en calle Pico de la Maliciosa, Numancia, Madrid",€859.900,,,,,,,,,,,,,,,,,,,,,,,
,,,,"Piso en calle Pico de los Artilleros, Vinateros, Madrid",€419.000,,,,,,,,,,,,,,,,,,,,,,,
,,,,"Piso en calle pico salvaguardia, 11, Peñagrande, Madrid",€250.000,,,,,,,,,,,,,,,,,,,,,,,
,,,,"Piso en calle Picos de Europa, 26, Numancia, Madrid",€175.000,,,,,,,,,,,,,,,,,,,,,,,
,,,,"Piso en calle Pimienta, Los Ángeles, Madrid",€219.000,,,,,,,,,,,,,,,,,,,,,,,
,,,,"Piso en calle Pinos Alta, Valdeacederas, Madrid",€241.000,,,,,,,,,,,,,,,,,,,,,,,
,,,,"Piso en calle Pinos Alta, Ventilla-Almenara, Madrid",€460.000,,,,,,,,,,,,,,,,,,,,,,,
,,,,"Piso en calle Piña, 3, Buena Vista, Madrid",€325.000,,,,,,,,,,,,,,,,,,,,,,,
,,,,"Piso en calle Piña, Buena Vista, Madrid",€145.000,,,,,,,,,,,,,,,,,,,,,,,
,,,,"Piso en calle Pirra, 44, Rejas, Madrid",€710.000,,,,,,,,,,,,,,,,,,,,,,,
,,,,"Piso en calle Pivijay, Pinar del Rey, Madrid",€190.000,,,,,,,,,,,,,,,,,,,,,,,
,,,,"Piso en calle Playa de San Juan, 15, Timón, Madrid",€280.000,,,,,,,,,,,,,,,,,,,,,,,
,,,,"Piso en calle Población de Campos, 27, Las Tablas, Madrid",€680.000,,,,,,,,,,,,,,,,,,,,,,,
,,,,"Piso en calle Población de Campos, Las Tablas, Madrid",€690.000,,,,,,,,,,,,,,,,,,,,,,,
,,,,"Piso en calle Poeta Joan Maragall, 31, Cuzco-Castillejos, Madrid",€1.500.000,,,,,,,,,,,,,,,,,,,,,,,
,,,,"Piso en calle Polibea, 1, Concepción, Madrid",€264.000,,,,,,,,,,,,,,,,,,,,,,,
,,,,"Piso en calle Polibea, 3, Concepción, Madrid",€269.000,,,,,,,,,,,,,,,,,,,,,,,
,,,,"Piso en calle Polibea, 5, Concepción, Madrid",€269.000,,,,,,,,,,,,,,,,,,,,,,,
,,,,"Piso en calle Polibea, Concepción, Madrid",€2.383.999,,,,,,,,,,,,,,,,,,,,,,,
,,,,"Piso en calle Polibea, s/n, Concepción, Madrid",€263.999,,,,,,,,,,,,,,,,,,,,,,,
,,,,"Piso en calle Pozas, Madrid, Malasaña-Universidad, Madrid",€495.000,,,,,,,,,,,,,,,,,,,,,,,
,,,,"Piso en calle Prádena del Rincón, 2, Prosperidad, Madrid",€330.000,,,,,,,,,,,,,,,,,,,,,,,
,,,,"Piso en calle Prádena del Rincón, Prosperidad, Madrid",€562.000,,,,,,,,,,,,,,,,,,,,,,,
,,,,"Piso en calle Prado, 7, Huertas-Cortes, Madrid",€325.000,,,,,,,,,,,,,,,,,,,,,,,
,,,,"Piso en calle Pradolongo, Orcasitas, Madrid",€245.000,,,,,,,,,,,,,,,,,,,,,,,
,,,,"Piso en calle Pradolonguillo, Orcasitas, Madrid",€480.000,,,,,,,,,,,,,,,,,,,,,,,
,,,,"Piso en calle Principal, 123, Villaverde Alto, Madrid",€265.000,,,,,,,,,,,,,,,,,,,,,,,
,,,,"Piso en calle Principal, Villaverde Alto, Madrid",€299.000,,,,,,,,,,,,,,,,,,,,,,,
,,,,"Piso en calle Príncipe de Asturias, Goya, Madrid",€1.210.000,,,,,,,,,,,,,,,,,,,,,,,
,,,,"Piso en calle Provisional Ahijones Cuarenta y Cinco, 35, Los Ahijones, Madrid",€1.440.241,,,,,,,,,,,,,,,,,,,,,,,
,,,,"Piso en calle Provisional Berrocales 81 10, s/n, Los Berrocales, Madrid",€1.885.000,,,,,,,,,,,,,,,,,,,,,,,
,,,,"Piso en calle Provisional Berrocales Ochenta y Dos, 1, Los Berrocales, Madrid",€2.491.860,,,,,,,,,,,,,,,,,,,,,,,
,,,,"Piso en calle Provisiones, 10, Lavapiés-Embajadores, Madrid",€555.000,,,,,,,,,,,,,,,,,,,,,,,
,,,,"Piso en calle Prudencio Álvaro, Quintana, Madrid",€1.055.000,,,,,,,,,,,,,,,,,,,,,,,
,,,,"Piso en calle Puebla de Sanabria, 14, Villaverde Alto, Madrid",€127.000,,,,,,,,,,,,,,,,,,,,,,,
,,,,"Piso en calle Puebla de Sanabria, Villaverde Alto, Madrid",€381.700,,,,,,,,,,,,,,,,,,,,,,,
,,,,"Piso en calle Puentecillo, Canillas, Madrid",€1.980.000,,,,,,,,,,,,,,,,,,,,,,,
,,,,"Piso en calle Puerto Alto, 38, San Diego, Madrid",€140.000,,,,,,,,,,,,,,,,,,,,,,,
,,,,"Piso en calle Puerto de Canencia, Numancia, Madrid",€858.000,,,,,,,,,,,,,,,,,,,,,,,
,,,,"Piso en calle Puerto de la Cruz Verde, 40, Legazpi, Madrid",€1.099.000,,,,,,,,,,,,,,,,,,,,,,,
,,,,"Piso en calle Puerto de la Cruz Verde, Legazpi, Madrid",€670.000,,,,,,,,,,,,,,,,,,,,,,,
,,,,"Piso en calle Puerto de las Pilas, Casco Histórico de Vallecas, Madrid",€228.000,,,,,,,,,,,,,,,,,,,,,,,
,,,,"Piso en calle Puerto de Maderi, San Diego, Madrid",€219.999,,,,,,,,,,,,,,,,,,,,,,,
,,,,"Piso en calle Puerto de Porzuna, Casco Histórico de Vallecas, Madrid",€278.000,,,,,,,,,,,,,,,,,,,,,,,
,,,,"Piso en calle Puerto del Monasterio, San Diego, Madrid",€239.000,,,,,,,,,,,,,,,,,,,,,,,
,,,,"Piso en calle Rafael Fernández Hijicos, 41, Palomeras sureste, Madrid",€280.000,,,,,,,,,,,,,,,,,,,,,,,
,,,,"Piso en calle Ramón Gómez de la Serna, 49, Peñagrande, Madrid",€700.000,,,,,,,,,,,,,,,,,,,,,,,
,,,,"Piso en calle Ramón Sainz, Vista Alegre, Madrid",€259.000,,,,,,,,,,,,,,,,,,,,,,,
,,,,"Piso en calle Rascón, 33, San Isidro, Madrid",€257.500,,,,,,,,,,,,,,,,,,,,,,,
,,,,"Piso en calle Real de Arganda, 48, Casco Histórico de Vallecas, Madrid",€260.000,,,,,,,,,,,,,,,,,,,,,,,
,,,,"Piso en calle Recesvinto, San Isidro, Madrid",€255.000,,,,,,,,,,,,,,,,,,,,,,,
,,,,"Piso en calle Redecilla del Camino, 9, Las Tablas, Madrid",€1.050.000,,,,,,,,,,,,,,,,,,,,,,,
,,,,"Piso en calle Redecilla del Camino, Las Tablas, Madrid",€1.250.000,,,,,,,,,,,,,,,,,,,,,,,
,,,,"Piso en calle Reina, 31, Chueca-Justicia, Madrid",€2.220.000,,,,,,,,,,,,,,,,,,,,,,,
,,,,"Piso en calle Río Arauca, 26, Portazgo, Madrid",€280.000,,,,,,,,,,,,,,,,,,,,,,,
,,,,"Piso en calle Río Esmeralda, 18, Portazgo, Madrid",€249.000,,,,,,,,,,,,,,,,,,,,,,,
,,,,"Piso en calle Rio Matarrañán, s/n, Salvador, Madrid",€580.650,,,,,,,,,,,,,,,,,,,,,,,
,,,,"Piso en calle Riocabado, 10, Los Cármenes, Madrid",€270.000,,,,,,,,,,,,,,,,,,,,,,,
,,,,"Piso en calle Riocabado, Los Cármenes, Madrid",€439.000,,,,,,,,,,,,,,,,,,,,,,,
,,,,"Piso en calle Riojanos, 15, Palomeras sureste, Madrid",€240.000,,,,,,,,,,,,,,,,,,,,,,,
,,,,"Piso en calle Rompedizo, 5, Águilas, Madrid",€339.000,,,,,,,,,,,,,,,,,,,,,,,
,,,,"Piso en calle Rozas de Puerto Real, Ensanche de Vallecas - La Gavia, Madrid",€190.000,,,,,,,,,,,,,,,,,,,,,,,
,,,,"Piso en calle Rufino González, 59, Simancas, Madrid",€3.585.000,,,,,,,,,,,,,,,,,,,,,,,
,,,,"Piso en calle Rutilo, San Fermín, Madrid",€295.000,,,,,,,,,,,,,,,,,,,,,,,
,,,,"Piso en calle Sacromonte, 12 de Octubre-Orcasur, Madrid",€314.000,,,,,,,,,,,,,,,,,,,,,,,
,,,,"Piso en calle Salvador del Mundo, 3, Vista Alegre, Madrid",€220.000,,,,,,,,,,,,,,,,,,,,,,,
,,,,"Piso en calle Salvador del Mundo, 7, Vista Alegre, Madrid",€439.000,,,,,,,,,,,,,,,,,,,,,,,
,,,,"Piso en calle Salvador del Mundo, Vista Alegre, Madrid",€779.000,,,,,,,,,,,,,,,,,,,,,,,
,,,,"Piso en calle San Agapito, Los Rosales, Madrid",€157.500,,,,,,,,,,,,,,,,,,,,,,,
,,,,"Piso en calle San Ambrosio, 8, Los Cármenes, Madrid",€118.000,,,,,,,,,,,,,,,,,,,,,,,
,,,,"Piso en calle San Bartolomé, 12, Chueca-Justicia, Madrid",€499.000,,,,,,,,,,,,,,,,,,,,,,,
,,,,"Piso en calle San Bartolomé, 22, Chueca-Justicia, Madrid",€595.000,,,,,,,,,,,,,,,,,,,,,,,
,,,,"Piso en calle San Basilio, Pradolongo, Madrid",€365.000,,,,,,,,,,,,,,,,,,,,,,,
,,,,"Piso en calle San Basilio, s/n, Pradolongo, Madrid",€190.000,,,,,,,,,,,,,,,,,,,,,,,
,,,,"Piso en calle San Ciriaco, Casco Histórico de Vicálvaro, Madrid",€236.000,,,,,,,,,,,,,,,,,,,,,,,
,,,,"Piso en calle San Cosme y San Damián, Lavapiés-Embajadores, Madrid",€129.900,,,,,,,,,,,,,,,,,,,,,,,
,,,,"Piso en calle San David, Comillas, Madrid",€460.000,,,,,,,,,,,,,,,,,,,,,,,
,,,,"Piso en calle San David, s/n, Comillas, Madrid",€530.000,,,,,,,,,,,,,,,,,,,,,,,
,,,,"Piso en calle San Delfín, Comillas, Madrid",€422.000,,,,,,,,,,,,,,,,,,,,,,,
,,,,"Piso en calle San Eudaldo, Ambroz, Madrid",€139.000,,,,,,,,,,,,,,,,,,,,,,,
,,,,"Piso en calle San Fidel, Pueblo Nuevo, Madrid",€275.000,,,,,,,,,,,,,,,,,,,,,,,
,,,,"Piso en calle San Gumersindo, 22, Ventas, Madrid",€652.219,,,,,,,,,,,,,,,,,,,,,,,
,,,,"Piso en calle San Herculano, 3, Canillejas, Madrid",€255.000,,,,,,,,,,,,,,,,,,,,,,,
,,,,"Piso en calle San Herculano, 5, Canillejas, Madrid",€135.900,,,,,,,,,,,,,,,,,,,,,,,
,,,,"Piso en calle San Herculano, Canillejas, Madrid",€141.600,,,,,,,,,,,,,,,,,,,,,,,
,,,,"Piso en calle San Juan de Ortega, Las Tablas, Madrid",€540.000,,,,,,,,,,,,,,,,,,,,,,,
,,,,"Piso en calle San Lamberto, Ventas, Madrid",€299.000,,,,,,,,,,,,,,,,,,,,,,,
,,,,"Piso en calle San Martín de Porres, 43, Ciudad Universitaria, Madrid",€689.000,,,,,,,,,,,,,,,,,,,,,,,
,,,,"Piso en calle San Martín de Porres, Ciudad Universitaria, Madrid",€580.000,,,,,,,,,,,,,,,,,,,,,,,
,,,,"Piso en calle San Moisés, San Diego, Madrid",€175.000,,,,,,,,,,,,,,,,,,,,,,,
,,,,"Piso en calle San Pantaleón, s/n, Opañel, Madrid",€239.000,,,,,,,,,,,,,,,,,,,,,,,
,,,,"Piso en calle San Remigio, Canillejas, Madrid",€298.000,,,,,,,,,,,,,,,,,,,,,,,
,,,,"Piso en calle San Robustiano, 8, Aluche, Madrid",€174.000,,,,,,,,,,,,,,,,,,,,,,,
,,,,"Piso en calle San Robustiano, Aluche, Madrid",€176.000,,,,,,,,,,,,,,,,,,,,,,,
,,,,"Piso en calle San Simplicio, 3, San Fermín, Madrid",€205.000,,,,,,,,,,,,,,,,,,,,,,,
,,,,"Piso en calle San Sinforiano, 4, Casco Histórico de Barajas, Madrid",€250.000,,,,,,,,,,,,,,,,,,,,,,,
,,,,"Piso en calle San Valeriano, Bellas Vistas, Madrid",€209.000,,,,,,,,,,,,,,,,,,,,,,,
,,,,"Piso en calle Sánchez Balderas, Prosperidad, Madrid",€354.000,,,,,,,,,,,,,,,,,,,,,,,
,,,,"Piso en calle Sánchez Preciado, 33, Valdezarza, Madrid",€914.006,,,,,,,,,,,,,,,,,,,,,,,
,,,,"Piso en calle Santa Áurea, Puerta del Ángel, Madrid",€635.000,,,,,,,,,,,,,,,,,,,,,,,
,,,,"Piso en calle Santa Comba, Casa de Campo, Madrid",€440.000,,,,,,,,,,,,,,,,,,,,,,,
,,,,"Piso en calle Santa Eduvigis, Casco Histórico de Barajas, Madrid",€359.000,,,,,,,,,,,,,,,,,,,,,,,
,,,,"Piso en calle Santa Engracia, 42, Almagro, Madrid",€5.525.000,,,,,,,,,,,,,,,,,,,,,,,
,,,,"Piso en calle Santa Engracia, 96, Almagro, Madrid",€3.700.860,,,,,,,,,,,,,,,,,,,,,,,
,,,,"Piso en calle Santa Julia, Madrid, San Diego, Madrid",€129.000,,,,,,,,,,,,,,,,,,,,,,,
,,,,"Piso en calle Santa María Reina, 11, 12 de Octubre-Orcasur, Madrid",€144.900,,,,,,,,,,,,,,,,,,,,,,,
,,,,"Piso en calle Santa María Reina, 12 de Octubre-Orcasur, Madrid",€220.000,,,,,,,,,,,,,,,,,,,,,,,
,,,,"Piso en calle Santanderina, Entrevías, Madrid",€220.000,,,,,,,,,,,,,,,,,,,,,,,
,,,,"Piso en calle Seco, 1, Adelfas, Madrid",€480.000,,,,,,,,,,,,,,,,,,,,,,,
,,,,"Piso en calle Secoya, 22, Buena Vista, Madrid",€450.000,,,,,,,,,,,,,,,,,,,,,,,
,,,,"Piso en calle Secoya, Pau de Carabanchel, Madrid",€942.900,,,,,,,,,,,,,,,,,,,,,,,
,,,,"Piso en calle Seis, Numancia, Madrid",€225.000,,,,,,,,,,,,,,,,,,,,,,,
,,,,"Piso en calle Sepúlveda, 34, Puerta del Ángel, Madrid",€580.000,,,,,,,,,,,,,,,,,,,,,,,
,,,,"Piso en calle Sierra de Algodonales, 15, San Diego, Madrid",€149.900,,,,,,,,,,,,,,,,,,,,,,,
,,,,"Piso en calle Sierra de Alquife, 30, San Diego, Madrid",€55.500,,,,,,,,,,,,,,,,,,,,,,,
,,,,"Piso en calle Sierra de Contraviesa, 25, Entrevías, Madrid",€193.000,,,,,,,,,,,,,,,,,,,,,,,
,,,,"Piso en calle Sierra de Contraviesa, Entrevías, Madrid",€302.500,,,,,,,,,,,,,,,,,,,,,,,
,,,,"Piso en calle Sierra del Brezo, Casco Histórico de Vallecas, Madrid",€186.500,,,,,,,,,,,,,,,,,,,,,,,
,,,,"Piso en calle Sierra del Cadí, Palomeras Bajas, Madrid",€205.000,,,,,,,,,,,,,,,,,,,,,,,
,,,,"Piso en calle Sierra Molina, 17, San Diego, Madrid",€220.000,,,,,,,,,,,,,,,,,,,,,,,
,,,,"Piso en calle Sílfide, Canillejas, Madrid",€123.000,,,,,,,,,,,,,,,,,,,,,,,
,,,,"Piso en calle Sinfonía, Cuatro Vientos, Madrid",€254.900,,,,,,,,,,,,,,,,,,,,,,,
,,,,"Piso en calle Socuéllamos, 4, Almendrales, Madrid",€250.000,,,,,,,,,,,,,,,,,,,,,,,
,,,,"Piso en calle Solana de Luche, Puerta del Ángel, Madrid",€103.000,,,,,,,,,,,,,,,,,,,,,,,
,,,,"Piso en calle Sorbe, 17, Comillas, Madrid",€131.100,,,,,,,,,,,,,,,,,,,,,,,
,,,,"Piso en calle Sorgo, 31, Valdeacederas, Madrid",€96.900,,,,,,,,,,,,,,,,,,,,,,,
,,,,"Piso en calle Soto Hidalgo, Alameda de Osuna, Madrid",€620.000,,,,,,,,,,,,,,,,,,,,,,,
,,,,"Piso en calle Suertes de la Villa, 2, El Cañaveral, Madrid",€525.000,,,,,,,,,,,,,,,,,,,,,,,
,,,,"Piso en calle Suertes de la Villa, El Cañaveral, Madrid",€497.000,,,,,,,,,,,,,,,,,,,,,,,
,,,,"Piso en calle Taconera, San Fermín, Madrid",€173.000,,,,,,,,,,,,,,,,,,,,,,,
,,,,"Piso en calle Talco, 82, Villaverde Alto, Madrid",€3.159.000,,,,,,,,,,,,,,,,,,,,,,,
,,,,"Piso en calle Taquigrafía, 3, Hellín, Madrid",€169.000,,,,,,,,,,,,,,,,,,,,,,,
,,,,"Piso en calle Tardobispo, Arcos, Madrid",€150.000,,,,,,,,,,,,,,,,,,,,,,,
,,,,"Piso en calle Tejar de la Pastora, Numancia, Madrid",€166.000,,,,,,,,,,,,,,,,,,,,,,,
,,,,"Piso en calle Teniente Compaired, s/n, Pradolongo, Madrid",€226.000,,,,,,,,,,,,,,,,,,,,,,,
,,,,"Piso en calle Teniente Ochoa Olalla, 2, San Isidro, Madrid",€1.056.300,,,,,,,,,,,,,,,,,,,,,,,
,,,,"Piso en calle Teresita González Quevedo, Cuzco-Castillejos, Madrid",€500.000,,,,,,,,,,,,,,,,,,,,,,,
,,,,"Piso en calle Terriente, 2, Villaverde Alto, Madrid",€125.000,,,,,,,,,,,,,,,,,,,,,,,
,,,,"Piso en calle Tiberíades, Canillas, Madrid",€575.000,,,,,,,,,,,,,,,,,,,,,,,
,,,,"Piso en calle Tinajo, Pueblo Nuevo, Madrid",€260.000,,,,,,,,,,,,,,,,,,,,,,,
,,,,"Piso en calle Tinamus Nos 6-8-10, 8, Opañel, Madrid",€320.000,,,,,,,,,,,,,,,,,,,,,,,
,,,,"Piso en calle Tintín y Milú, 12, Alameda de Osuna, Madrid",€530.000,,,,,,,,,,,,,,,,,,,,,,,
,,,,"Piso en calle Tintín y Milú, Alameda de Osuna, Madrid",€550.000,,,,,,,,,,,,,,,,,,,,,,,
,,,,"Piso en calle toledo, Palacio, Madrid",€790.000,,,,,,,,,,,,,,,,,,,,,,,
,,,,"Piso en calle Tomás Meabe, Comillas, Madrid",€380.000,,,,,,,,,,,,,,,,,,,,,,,
,,,,"Piso en calle Tomelloso, 3, Almendrales, Madrid",€141.100,,,,,,,,,,,,,,,,,,,,,,,
,,,,"Piso en calle Topete, 25, Bellas Vistas, Madrid",€142.000,,,,,,,,,,,,,,,,,,,,,,,
,,,,"Piso en calle Torcal, San Fermín, Madrid",€704.900,,,,,,,,,,,,,,,,,,,,,,,
,,,,"Piso en calle Tortajada, Villaverde Alto, Madrid",€140.000,,,,,,,,,,,,,,,,,,,,,,,
,,,,"Piso en calle Totana, s/n, Pinar del Rey, Madrid",€230.000,,,,,,,,,,,,,,,,,,,,,,,
,,,,"Piso en calle Transmonte, 4, Arcos, Madrid",€97.920,,,,,,,,,,,,,,,,,,,,,,,
,,,,"Piso en calle Transversal Sexta, 1, Villaverde Alto, Madrid",€270.000,,,,,,,,,,,,,,,,,,,,,,,
,,,,"Piso en calle Treviana, San Juan Bautista, Madrid",€435.000,,,,,,,,,,,,,,,,,,,,,,,
,,,,"Piso en calle Tucurinca, 12, Pinar del Rey, Madrid",€238.000,,,,,,,,,,,,,,,,,,,,,,,
,,,,"Piso en calle Tucurinca, s/n, Pinar del Rey, Madrid",€228.000,,,,,,,,,,,,,,,,,,,,,,,
,,,,"Piso en calle Turaco, Puerta del Ángel, Madrid",€249.000,,,,,,,,,,,,,,,,,,,,,,,
,,,,"Piso en calle Turquesa, Los Rosales, Madrid",€280.000,,,,,,,,,,,,,,,,,,,,,,,
,,,,"Piso en calle Tuya, 12 de Octubre-Orcasur, Madrid",€540.000,,,,,,,,,,,,,,,,,,,,,,,
,,,,"Piso en calle Uría, Pinar del Rey, Madrid",€715.000,,,,,,,,,,,,,,,,,,,,,,,
,,,,"Piso en calle Valdivieso, Aravaca, Madrid",€320.000,,,,,,,,,,,,,,,,,,,,,,,
,,,,"Piso en calle Valentín Llaguno, San Isidro, Madrid",€430.000,,,,,,,,,,,,,,,,,,,,,,,
,,,,"Piso en calle Valentín San Narciso, Palomeras Bajas, Madrid",€169.900,,,,,,,,,,,,,,,,,,,,,,,
,,,,"Piso en calle Valmojado, 231, Aluche, Madrid",€244.900,,,,,,,,,,,,,,,,,,,,,,,
,,,,"Piso en calle Vazquez de Mella, 11, Pueblo Nuevo, Madrid",€1.239.000,,,,,,,,,,,,,,,,,,,,,,,
,,,,"Piso en calle Velayos, Ciudad Universitaria, Madrid",€450.000,,,,,,,,,,,,,,,,,,,,,,,
,,,,"Piso en calle Velázquez, Castellana, Madrid",€3.539.000,,,,,,,,,,,,,,,,,,,,,,,
,,,,"Piso en calle Velázquez, Recoletos, Madrid",€28.100.000,,,,,,,,,,,,,,,,,,,,,,,
,,,,"Piso en calle Vicente Bautista, San Isidro, Madrid",€220.000,,,,,,,,,,,,,,,,,,,,,,,
,,,,"Piso en calle Vicente Camarón, Puerta del Ángel, Madrid",€209.995,,,,,,,,,,,,,,,,,,,,,,,
,,,,"Piso en calle Vicente Camarón, s/n, Puerta del Ángel, Madrid",€365.000,,,,,,,,,,,,,,,,,,,,,,,
,,,,"Piso en calle Victorino Bayo, Villaverde Alto, Madrid",€168.900,,,,,,,,,,,,,,,,,,,,,,,
,,,,"Piso en calle Villalonso, Villaverde Alto, Madrid",€189.000,,,,,,,,,,,,,,,,,,,,,,,
,,,,"Piso en calle Villaluenga de la Sagra, Ensanche de Vallecas - La Gavia, Madrid",€390.000,,,,,,,,,,,,,,,,,,,,,,,
,,,,"Piso en calle Villamanin, 36, Lucero, Madrid",€720.000,,,,,,,,,,,,,,,,,,,,,,,
,,,,"Piso en calle Villamanta, 16, Ensanche de Vallecas - La Gavia, Madrid",€285.000,,,,,,,,,,,,,,,,,,,,,,,
,,,,"Piso en calle Villamanta, Ensanche de Vallecas - La Gavia, Madrid",€324.500,,,,,,,,,,,,,,,,,,,,,,,
,,,,"Piso en calle Villardondiego, Ambroz, Madrid",€569.000,,,,,,,,,,,,,,,,,,,,,,,
,,,,"Piso en calle Villaveza, 6, Villaverde Alto, Madrid",€83.000,,,,,,,,,,,,,,,,,,,,,,,
,,,,"Piso en calle Villaveza, Villaverde Alto, Madrid",€155.000,,,,,,,,,,,,,,,,,,,,,,,
,,,,"Piso en calle Viña Virgen, 5, Ventilla-Almenara, Madrid",€395.000,,,,,,,,,,,,,,,,,,,,,,,
,,,,"Piso en calle Virgen de la Monjia, 3, Concepción, Madrid",€459.900,,,,,,,,,,,,,,,,,,,,,,,
,,,,"Piso en calle Virgen de la Paz, Concepción, Madrid",€235.000,,,,,,,,,,,,,,,,,,,,,,,
,,,,"Piso en calle Virgen de las Viñas, 17, Santa Eugenia, Madrid",€365.000,,,,,,,,,,,,,,,,,,,,,,,
,,,,"Piso en calle Virgen del Castañar, 22, Concepción, Madrid",€450.000,,,,,,,,,,,,,,,,,,,,,,,
,,,,"Piso en calle Virgen del Sagrario, 17, Quintana, Madrid",€225.000,,,,,,,,,,,,,,,,,,,,,,,
,,,,"Piso en calle Virgen del Sagrario, Concepción, Madrid",€518.320,,,,,,,,,,,,,,,,,,,,,,,
,,,,"Piso en calle Virgen del Sagrario, Quintana, Madrid",€289.000,,,,,,,,,,,,,,,,,,,,,,,
,,,,"Piso en calle Virgen del Sagrario, s/n, Quintana, Madrid",€245.000,,,,,,,,,,,,,,,,,,,,,,,
,,,,"Piso en calle Viriato, 25, Trafalgar, Madrid",€4.226.000,,,,,,,,,,,,,,,,,,,,,,,
,,,,"Piso en calle Yuste, 15, Entrevías, Madrid",€140.000,,,,,,,,,,,,,,,,,,,,,,,
,,,,"Piso en calle Yuste, Entrevías, Madrid",€160.000,,,,,,,,,,,,,,,,,,,,,,,
,,,,"Piso en calle Zalamea, 1, Simancas, Madrid",€180.000,,,,,,,,,,,,,,,,,,,,,,,
,,,,"Piso en calle Zalamea, Simancas, Madrid",€125.000,,,,,,,,,,,,,,,,,,,,,,,
,,,,"Piso en calle Zamenhof, 22, Salvador, Madrid",€2.525.000,,,,,,,,,,,,,,,,,,,,,,,
,,,,"Piso en calle Zarapitos, 26, Puerta Bonita, Madrid",€175.000,,,,,,,,,,,,,,,,,,,,,,,
,,,,"Piso en calle Zaratán, Simancas, Madrid",€179.900,,,,,,,,,,,,,,,,,,,,,,,
,,,,"Piso en calle Zuera, Simancas, Madrid",€179.000,,,,,,,,,,,,,,,,,,,,,,,
,,,,"Piso en callejón de los Ruíces, 2, San Diego, Madrid",€205.000,,,,,,,,,,,,,,,,,,,,,,,
,,,,"Piso en callejón de los Ruíces, 8, San Diego, Madrid",€299.000,,,,,,,,,,,,,,,,,,,,,,,
,,,,"Piso en callejón del Mellizo, 7, Lavapiés-Embajadores, Madrid",€345.000,,,,,,,,,,,,,,,,,,,,,,,
,,,,"Piso en camarena, 207, Aluche, Madrid",€350.000,,,,,,,,,,,,,,,,,,,,,,,
,,,,"Piso en camino de Ganapanes, Peñagrande, Madrid",€545.000,,,,,,,,,,,,,,,,,,,,,,,
,,,,"Piso en camino de las Cruces, Buena Vista, Madrid",€225.000,,,,,,,,,,,,,,,,,,,,,,,
,,,,"Piso en camino de Leganes, 8, Villaverde Alto, Madrid",€175.000,,,,,,,,,,,,,,,,,,,,,,,
,,,,"Piso en camino de Perales, 1, Almendrales, Madrid",€650.000,,,,,,,,,,,,,,,,,,,,,,,
,,,,"Piso en camino de Perales, San Fermín, Madrid",€636.000,,,,,,,,,,,,,,,,,,,,,,,
,,,,"Piso en camino de Valderribas, 38, Numancia, Madrid",€124.000,,,,,,,,,,,,,,,,,,,,,,,
,,,,"Piso en camino de Valderribas, Numancia, Madrid",€275.000,,,,,,,,,,,,,,,,,,,,,,,
,,,,"Piso en camino Leganes, 8, Villaverde Alto, Madrid",€175.000,,,,,,,,,,,,,,,,,,,,,,,
,,,,"Piso en camino Leganés, 8, Villaverde Alto, Madrid",€350.000,,,,,,,,,,,,,,,,,,,,,,,
,,,,"Piso en camino Leganés, Villaverde Alto, Madrid",€350.000,,,,,,,,,,,,,,,,,,,,,,,
,,,,"Piso en camino Viejo de Leganés, 92, Puerta Bonita, Madrid",€375.000,,,,,,,,,,,,,,,,,,,,,,,
,,,,"Piso en camino Viejo de Leganés, Opañel, Madrid",€312.000,,,,,,,,,,,,,,,,,,,,,,,
,,,,"Piso en camino Viejo de Leganés, Puerta Bonita, Madrid",€1.501.000,,,,,,,,,,,,,,,,,,,,,,,
,,,,"Piso en Campamento, Madrid",€1.371.990,,,,,,,,,,,,,,,,,,,,,,,
,,,,"Piso en campanas, Pau de Carabanchel, Madrid",€485.000,,,,,,,,,,,,,,,,,,,,,,,
,,,,"Piso en Campo de las Naciones-Corralejos, Madrid",€315.000,,,,,,,,,,,,,,,,,,,,,,,
,,,,"Piso en Canillas, Madrid",€4.244.900,,,,,,,,,,,,,,,,,,,,,,,
,,,,"Piso en Canillejas, Madrid",€1.003.000,,,,,,,,,,,,,,,,,,,,,,,
,,,,"Piso en canillejas, s/n, Canillejas, Madrid",€380.000,,,,,,,,,,,,,,,,,,,,,,,
,,,,"Piso en Carabelos, 36, San Fermín, Madrid",€196.000,,,,,,,,,,,,,,,,,,,,,,,
,,,,"Piso en Carmen Bordiú, 22, Villaverde Alto, Madrid",€269.000,,,,,,,,,,,,,,,,,,,,,,,
,,,,"Piso en Carrera de San Jerónimo, 10, Sol, Madrid",€789.000,,,,,,,,,,,,,,,,,,,,,,,
,,,,"Piso en Carrera de San Jerónimo, 12, Sol, Madrid",€3.956.000,,,,,,,,,,,,,,,,,,,,,,,
,,,,"Piso en Carrera de San Jerónimo, Huertas-Cortes, Madrid",€2.567.000,,,,,,,,,,,,,,,,,,,,,,,
,,,,"Piso en Carrera De San Jeronimo, Sol, Madrid",€789.000,,,,,,,,,,,,,,,,,,,,,,,
,,,,"Piso en Carrera de San Jerónimo, Sol, Madrid",€30.287.000,,,,,,,,,,,,,,,,,,,,,,,
,,,,"Piso en carretera Barrio de la Fortuna, 6 a, Pau de Carabanchel, Madrid",€275.000,,,,,,,,,,,,,,,,,,,,,,,
,,,,"Piso en carretera Barrio de la Fortuna, Pau de Carabanchel, Madrid",€489.000,,,,,,,,,,,,,,,,,,,,,,,
,,,,"Piso en carretera Canillas, 111, Canillas, Madrid",€450.000,,,,,,,,,,,,,,,,,,,,,,,
,,,,"Piso en carretera de Canillas, 17, Canillas, Madrid",€453.500,,,,,,,,,,,,,,,,,,,,,,,
,,,,"Piso en carretera Madrid a Rivas Jarama, s/n, Los Ahijones, Madrid",€681.100,,,,,,,,,,,,,,,,,,,,,,,
,,,,"Piso en carretera Vicálvaro a Rivas del Jarama, s/n, Los Ahijones, Madrid",€329.000,,,,,,,,,,,,,,,,,,,,,,,
,,,,"Piso en carril de los Caleros, Aravaca, Madrid",€1.174.000,,,,,,,,,,,,,,,,,,,,,,,
,,,,"Piso en carril del conde, 76, Canillas, Madrid",€395.000,,,,,,,,,,,,,,,,,,,,,,,
,,,,"Piso en carril del Conde, 81, Canillas, Madrid",€620.000,,,,,,,,,,,,,,,,,,,,,,,
,,,,"Piso en Casa de Campo, Madrid",€4.110.000,,,,,,,,,,,,,,,,,,,,,,,
,,,,"Piso en Casco Histórico de Vallecas, Madrid",€2.623.660,,,,,,,,,,,,,,,,,,,,,,,
,,,,"Piso en Casco Histórico de Vicálvaro, Madrid",€197.000,,,,,,,,,,,,,,,,,,,,,,,
,,,,"Piso en Castellana, Madrid",€341.975.000,,,,,,,,,,,,,,,,,,,,,,,
,,,,"Piso en Castilla, Madrid",€8.624.000,,,,,,,,,,,,,,,,,,,,,,,
,,,,"Piso en Cava de San Miguel, Palacio, Madrid",€1.250.000,,,,,,,,,,,,,,,,,,,,,,,
,,,,"Piso en Cerro del Campo, 31, El Cañaveral, Madrid",€3.499.000,,,,,,,,,,,,,,,,,,,,,,,
,,,,"Piso en Chamartín, Nueva España, Madrid",€2.297.000,,,,,,,,,,,,,,,,,,,,,,,
,,,,"Piso en Chopera, Madrid",€1.736.000,,,,,,,,,,,,,,,,,,,,,,,
,,,,"Piso en Chueca-Justicia, Madrid",€148.356.000,,,,,,,,,,,,,,,,,,,,,,,
,,,,"Piso en Ciudad Jardín, Madrid",€10.009.000,,,,,,,,,,,,,,,,,,,,,,,
,,,,"Piso en Ciudad Universitaria, Madrid",€9.790.905,,,,,,,,,,,,,,,,,,,,,,,
,,,,"Piso en Colina, Madrid",€4.119.000,,,,,,,,,,,,,,,,,,,,,,,
,,,,"Piso en Colonia Occidente, 9, Rejas, Madrid",€300.000,,,,,,,,,,,,,,,,,,,,,,,
,,,,"Piso en Comillas, Madrid",€110.200,,,,,,,,,,,,,,,,,,,,,,,
,,,,"Piso en Concejal Francisco Jose Martin, Los Cármenes, Madrid",€410.000,,,,,,,,,,,,,,,,,,,,,,,
,,,,"Piso en Concepción, Madrid",€2.608.900,,,,,,,,,,,,,,,,,,,,,,,
,,,,"Piso en Conde de las Posadas, 2, Palomas, Madrid",€769.000,,,,,,,,,,,,,,,,,,,,,,,
,,,,"Piso en Conde de Vistahermosa, 33, Comillas, Madrid",€870.000,,,,,,,,,,,,,,,,,,,,,,,
,,,,"Piso en Conde Orgaz-Piovera, Madrid",€6.580.000,,,,,,,,,,,,,,,,,,,,,,,
,,,,"Piso en Corredera Alta de San Pablo, 6, Malasaña-Universidad, Madrid",€450.000,,,,,,,,,,,,,,,,,,,,,,,
,,,,"Piso en Corredera Alta de San Pablo, Malasaña-Universidad, Madrid",€450.000,,,,,,,,,,,,,,,,,,,,,,,
,,,,"Piso en Corredera Baja de San Pablo, Malasaña-Universidad, Madrid",€10.463.000,,,,,,,,,,,,,,,,,,,,,,,
,,,,"Piso en costanilla de los Ángeles, 15, Palacio, Madrid",€490.000,,,,,,,,,,,,,,,,,,,,,,,
,,,,"Piso en costanilla de los Ángeles, Sol, Madrid",€550.000,,,,,,,,,,,,,,,,,,,,,,,
,,,,"Piso en costanilla de los Desamparados, 12, Huertas-Cortes, Madrid",€520.000,,,,,,,,,,,,,,,,,,,,,,,
,,,,"Piso en costanilla de San Andrés, Palacio, Madrid",€760.000,,,,,,,,,,,,,,,,,,,,,,,
,,,,"Piso en Costillares, Madrid",€6.550.000,,,,,,,,,,,,,,,,,,,,,,,
,,,,"Piso en Cruz, Sol, Madrid",€910.000,,,,,,,,,,,,,,,,,,,,,,,
,,,,"Piso en Cuatro Caminos, Madrid",€29.123.500,,,,,,,,,,,,,,,,,,,,,,,
,,,,"Piso en cuesta de las Descargas, Palacio, Madrid",€660.000,,,,,,,,,,,,,,,,,,,,,,,
,,,,"Piso en cuesta de San Vicente, 30, Argüelles, Madrid",€875.000,,,,,,,,,,,,,,,,,,,,,,,
,,,,"Piso en cuesta de San Vicente, Argüelles, Madrid",€3.500.000,,,,,,,,,,,,,,,,,,,,,,,
,,,,"Piso en cuesta de Santo Domingo, Palacio, Madrid",€3.450.000,,,,,,,,,,,,,,,,,,,,,,,
,,,,"Piso en Cuzco-Castillejos, Madrid",€16.415.000,,,,,,,,,,,,,,,,,,,,,,,
,,,,"Piso en de Alberto de Alcocer, Nueva España, Madrid",€2.700.000,,,,,,,,,,,,,,,,,,,,,,,
,,,,"Piso en de Antonio Rodríguez, Puerta Bonita, Madrid",€150.000,,,,,,,,,,,,,,,,,,,,,,,
,,,,"Piso en de Ardemans, Guindalera, Madrid",€585.000,,,,,,,,,,,,,,,,,,,,,,,
,,,,"Piso en de Carrero Juan Ramón, Abrantes, Madrid",€345.000,,,,,,,,,,,,,,,,,,,,,,,
,,,,"Piso en de Don Ramón de la Cruz, 88, Goya, Madrid",€1.295.000,,,,,,,,,,,,,,,,,,,,,,,
,,,,"Piso en de Evangelina Sobredo Galanes, s/n, Valdemarín, Madrid",€5.441.775,,,,,,,,,,,,,,,,,,,,,,,
,,,,"Piso en de Guzmán el Bueno, 113, Vallehermoso, Madrid",€710.000,,,,,,,,,,,,,,,,,,,,,,,
,,,,"Piso en de La Bañeza, Peñagrande, Madrid",€159.000,,,,,,,,,,,,,,,,,,,,,,,
,,,,"Piso en de La Bañeza, Pilar, Madrid",€159.000,,,,,,,,,,,,,,,,,,,,,,,
,,,,"Piso en de la Bolsa, Sol, Madrid",€1.980.000,,,,,,,,,,,,,,,,,,,,,,,
,,,,"Piso en de La Cal, 30, 12 de Octubre-Orcasur, Madrid",€270.000,,,,,,,,,,,,,,,,,,,,,,,
,,,,"Piso en de la Democracia, 26, Santa Eugenia, Madrid",€2.743.000,,,,,,,,,,,,,,,,,,,,,,,
,,,,"Piso en de la Madera, Sol, Madrid",€500.000,,,,,,,,,,,,,,,,,,,,,,,
,,,,"Piso en de las Acacias, Acacias, Madrid",€675.000,,,,,,,,,,,,,,,,,,,,,,,
,,,,"Piso en de Los Cerros, s/n, Los Cerros, Madrid",€2.264.972,,,,,,,,,,,,,,,,,,,,,,,
,,,,"Piso en de los Robles, San Diego, Madrid",€435.000,,,,,,,,,,,,,,,,,,,,,,,
,,,,"Piso en de Martín de los Heros, Argüelles, Madrid",€1.140.000,,,,,,,,,,,,,,,,,,,,,,,
,,,,"Piso en de Martín de Vargas, Acacias, Madrid",€490.000,,,,,,,,,,,,,,,,,,,,,,,
,,,,"Piso en de Maudes, Nuevos Ministerios-Ríos Rosas, Madrid",€950.000,,,,,,,,,,,,,,,,,,,,,,,
,,,,"Piso en de Pedro Díez, 7, San Isidro, Madrid",€1.588.700,,,,,,,,,,,,,,,,,,,,,,,
,,,,"Piso en de Pont de Molins, Portazgo, Madrid",€160.000,,,,,,,,,,,,,,,,,,,,,,,
,,,,"Piso en de San Agustín, 6, Huertas-Cortes, Madrid",€795.000,,,,,,,,,,,,,,,,,,,,,,,
,,,,"Piso en de San Julio, 11, El Viso, Madrid",€815.000,,,,,,,,,,,,,,,,,,,,,,,
,,,,"Piso en de Sebastián Elcano, 8, Palos de la Frontera, Madrid",€610.000,,,,,,,,,,,,,,,,,,,,,,,
,,,,"Piso en de Sta. Catalina, 5, Huertas-Cortes, Madrid",€8.135.000,,,,,,,,,,,,,,,,,,,,,,,
,,,,"Piso en del Buen Suceso, Argüelles, Madrid",€1.450.000,,,,,,,,,,,,,,,,,,,,,,,
,,,,"Piso en del Campo de la Paloma, Palomeras sureste, Madrid",€170.000,,,,,,,,,,,,,,,,,,,,,,,
,,,,"Piso en del Doctor Esquerdo, Estrella, Madrid",€525.000,,,,,,,,,,,,,,,,,,,,,,,
,,,,"Piso en del Este, 30, Los Berrocales, Madrid",€1.073.486,,,,,,,,,,,,,,,,,,,,,,,
,,,,"Piso en Delicias, Madrid",€2.574.900,,,,,,,,,,,,,,,,,,,,,,,
,,,,"Piso en Divino Pastor, Malasaña-Universidad, Madrid",€919.000,,,,,,,,,,,,,,,,,,,,,,,
,,,,"Piso en El Cañaveral, Madrid",€1.439.900,,,,,,,,,,,,,,,,,,,,,,,
,,,,"Piso en El Pardo, Madrid",€884.000,,,,,,,,,,,,,,,,,,,,,,,
,,,,"Piso en El Plantío, Madrid",€923.706,,,,,,,,,,,,,,,,,,,,,,,
,,,,"Piso en El Viso, Madrid",€158.149.970,,,,,,,,,,,,,,,,,,,,,,,
,,,,"Piso en Embajadores 165, Delicias, Madrid",€650.000,,,,,,,,,,,,,,,,,,,,,,,
,,,,"Piso en Enrique Larreta, 12, Castilla, Madrid",€437.000,,,,,,,,,,,,,,,,,,,,,,,
,,,,"Piso en Ensanche de Vallecas - La Gavia, Madrid",€2.132.990,,,,,,,,,,,,,,,,,,,,,,,
,,,,"Piso en Entrevías, Madrid",€558.900,,,,,,,,,,,,,,,,,,,,,,,
,,,,"Piso en espada, Sol, Madrid",€360.000,,,,,,,,,,,,,,,,,,,,,,,
,,,,"Piso en Esperanza Sanchez Carrascosa, 43, Valdeacederas, Madrid",€1.012.000,,,,,,,,,,,,,,,,,,,,,,,
,,,,"Piso en Estrella hadar, 1, Legazpi, Madrid",€715.000,,,,,,,,,,,,,,,,,,,,,,,
,,,,"Piso en Estrella, Madrid",€9.182.000,,,,,,,,,,,,,,,,,,,,,,,
,,,,"Piso en Fernández Caro, 7, Concepción, Madrid",€4.797.000,,,,,,,,,,,,,,,,,,,,,,,
,,,,"Piso en Fernando Diaz De Mendoza, Comillas, Madrid",€345.000,,,,,,,,,,,,,,,,,,,,,,,
,,,,"Piso en Fernando Mora, 10, San Isidro, Madrid",€676.000,,,,,,,,,,,,,,,,,,,,,,,
,,,,"Piso en Ferroviarios, 95, Almendrales, Madrid",€315.000,,,,,,,,,,,,,,,,,,,,,,,
,,,,"Piso en Fontarrón, Madrid",€582.000,,,,,,,,,,,,,,,,,,,,,,,
,,,,"Piso en Francisco de Ricci, 13, Gaztambide, Madrid",€850.000,,,,,,,,,,,,,,,,,,,,,,,
,,,,"Piso en Fuencarral, Chueca-Justicia, Madrid",€1.079.000,,,,,,,,,,,,,,,,,,,,,,,
,,,,"Piso en Fuente del Berro, Madrid",€5.250.000,,,,,,,,,,,,,,,,,,,,,,,
,,,,"Piso en Fuentelarreina, Madrid",€2.913.000,,,,,,,,,,,,,,,,,,,,,,,
,,,,"Piso en Gaztambide, Madrid",€21.506.000,,,,,,,,,,,,,,,,,,,,,,,
,,,,"Piso en General Pardiñas, Lista, Madrid",€1.490.000,,,,,,,,,,,,,,,,,,,,,,,
,,,,"Piso en General Peron, s/n, Cuatro Caminos, Madrid",€600.000,,,,,,,,,,,,,,,,,,,,,,,
,,,,"Piso en glorieta de Cuatro Caminos, Cuatro Caminos, Madrid",€695.000,,,,,,,,,,,,,,,,,,,,,,,
,,,,"Piso en glorieta de Quevedo, Arapiles, Madrid",€795.000,,,,,,,,,,,,,,,,,,,,,,,
,,,,"Piso en glorieta Embajadores, 7, Acacias, Madrid",€675.000,,,,,,,,,,,,,,,,,,,,,,,
,,,,"Piso en glorieta Marqués de Vadillo, Comillas, Madrid",€429.000,,,,,,,,,,,,,,,,,,,,,,,
,,,,"Piso en Godella, San Cristóbal, Madrid",€110.000,,,,,,,,,,,,,,,,,,,,,,,
,,,,"Piso en Gomez de Arteche, 27, Buena Vista, Madrid",€1.296.000,,,,,,,,,,,,,,,,,,,,,,,
,,,,"Piso en González Soto, 21, Numancia, Madrid",€442.000,,,,,,,,,,,,,,,,,,,,,,,
,,,,"Piso en Goya, Goya, Madrid",€1.925.000,,,,,,,,,,,,,,,,,,,,,,,
,,,,"Piso en Goya, Madrid",€299.205.700,,,,,,,,,,,,,,,,,,,,,,,
,,,,"Piso en Gran Vía de Hortaleza, Pinar del Rey, Madrid",€645.000,,,,,,,,,,,,,,,,,,,,,,,
,,,,"Piso en Guindalera, Madrid",€13.459.000,,,,,,,,,,,,,,,,,,,,,,,
,,,,"Piso en Hellín, Madrid",€864.996,,,,,,,,,,,,,,,,,,,,,,,
,,,,"Piso en Hermosilla, Fuente del Berro, Madrid",€310.000,,,,,,,,,,,,,,,,,,,,,,,
,,,,"Piso en Hispanoamérica, Bernabéu-Hispanoamérica, Madrid",€360.000,,,,,,,,,,,,,,,,,,,,,,,
,,,,"Piso en Huertas-Cortes, Madrid",€62.798.000,,,,,,,,,,,,,,,,,,,,,,,
,,,,"Piso en Ibiza, Madrid",€70.715.200,,,,,,,,,,,,,,,,,,,,,,,
,,,,"Piso en Ilustracion, Argüelles, Madrid",€580.000,,,,,,,,,,,,,,,,,,,,,,,
,,,,"Piso en Ilustración, Argüelles, Madrid",€560.000,,,,,,,,,,,,,,,,,,,,,,,
,,,,"Piso en Imperial, Madrid",€5.367.900,,,,,,,,,,,,,,,,,,,,,,,
,,,,"Piso en Indalecio Fernández, 40, 12 de Octubre-Orcasur, Madrid",€1.735.000,,,,,,,,,,,,,,,,,,,,,,,
,,,,"Piso en Infantas, Chueca-Justicia, Madrid",€1.700.000,,,,,,,,,,,,,,,,,,,,,,,
,,,,"Piso en Isabel Clara Eugenia, Sanchinarro, Madrid",€730.000,,,,,,,,,,,,,,,,,,,,,,,
,,,,"Piso en Isabel Patacon, Buena Vista, Madrid",€128.000,,,,,,,,,,,,,,,,,,,,,,,
,,,,"Piso en Jardín de San Federico, 3, Goya, Madrid",€6.025.000,,,,,,,,,,,,,,,,,,,,,,,
,,,,"Piso en Jeronimo Iborra, Buena Vista, Madrid",€73.740,,,,,,,,,,,,,,,,,,,,,,,
,,,,"Piso en Jerónimos, Madrid",€140.923.000,,,,,,,,,,,,,,,,,,,,,,,
,,,,"Piso en Jesus, Sol, Madrid",€795.000,,,,,,,,,,,,,,,,,,,,,,,
,,,,"Piso en José Silva, 17, San Juan Bautista, Madrid",€7.103.000,,,,,,,,,,,,,,,,,,,,,,,
,,,,"Piso en Juan de Juanes, 3, Adelfas, Madrid",€740.000,,,,,,,,,,,,,,,,,,,,,,,
,,,,"Piso en Juan de Vera, 13, Delicias, Madrid",€2.855.000,,,,,,,,,,,,,,,,,,,,,,,
,,,,"Piso en juan ramon jimenez,cuzco, s/n, Bernabéu-Hispanoamérica, Madrid",€780.000,,,,,,,,,,,,,,,,,,,,,,,
,,,,"Piso en La Paz, Madrid",€3.033.000,,,,,,,,,,,,,,,,,,,,,,,
,,,,"Piso en Lagasca, Recoletos, Madrid",€5.330.000,,,,,,,,,,,,,,,,,,,,,,,
,,,,"Piso en lago de constanza, Pueblo Nuevo, Madrid",€345.000,,,,,,,,,,,,,,,,,,,,,,,
,,,,"Piso en Las Tablas, 2, Las Tablas, Madrid",€690.000,,,,,,,,,,,,,,,,,,,,,,,
,,,,"Piso en Las Tablas, Madrid",€1.760.000,,,,,,,,,,,,,,,,,,,,,,,
,,,,"Piso en Lavapies-Embajadores, Lavapiés-Embajadores, Madrid",€295.000,,,,,,,,,,,,,,,,,,,,,,,
,,,,"Piso en Lavapiés-Embajadores, Madrid",€15.025.899,,,,,,,,,,,,,,,,,,,,,,,
,,,,"Piso en Legazpi, Madrid",€3.410.000,,,,,,,,,,,,,,,,,,,,,,,
,,,,"Piso en Lista, Madrid",€134.652.750,,,,,,,,,,,,,,,,,,,,,,,
,,,,"Piso en Litos, Los Ángeles, Madrid",€69.600,,,,,,,,,,,,,,,,,,,,,,,
,,,,"Piso en Los Ahijones, Madrid",€558.000,,,,,,,,,,,,,,,,,,,,,,,
,,,,"Piso en Los Ángeles, Madrid",€619.000,,,,,,,,,,,,,,,,,,,,,,,
,,,,"Piso en Los Berrocales, Madrid",€1.111.320,,,,,,,,,,,,,,,,,,,,,,,
,,,,"Piso en Los Berrocales, s/n, Los Berrocales, Madrid",€1.677.000,,,,,,,,,,,,,,,,,,,,,,,
,,,,"Piso en Los Cármenes, Madrid",€403.000,,,,,,,,,,,,,,,,,,,,,,,
,,,,"Piso en Los Rosales, Madrid",€2.441.995,,,,,,,,,,,,,,,,,,,,,,,
,,,,"Piso en Lucero, Madrid",€1.673.400,,,,,,,,,,,,,,,,,,,,,,,
,,,,"Piso en Magnolias, Ventilla-Almenara, Madrid",€278.000,,,,,,,,,,,,,,,,,,,,,,,
,,,,"Piso en Malasaña-Universidad, Madrid",€79.766.999,,,,,,,,,,,,,,,,,,,,,,,
,,,,"Piso en Malasaña-Universidad, Madrid, s/n, Malasaña-Universidad, Madrid",€449.000,,,,,,,,,,,,,,,,,,,,,,,
,,,,"Piso en Manuel Gutiérrez Mellado, 8, Valdebebas - Valdefuentes, Madrid",€889.000,,,,,,,,,,,,,,,,,,,,,,,
,,,,"Piso en Maria de Molina, El Viso, Madrid",€3.250.000,,,,,,,,,,,,,,,,,,,,,,,
,,,,"Piso en Marroquina, Madrid",€1.693.000,,,,,,,,,,,,,,,,,,,,,,,
,,,,"Piso en Martín de los Heros, 21, Argüelles, Madrid",€870.000,,,,,,,,,,,,,,,,,,,,,,,
,,,,"Piso en Maudes, 21, Nuevos Ministerios-Ríos Rosas, Madrid",€450.000,,,,,,,,,,,,,,,,,,,,,,,
,,,,"Piso en Mazarredo, 18, Imperial, Madrid",€6.617.000,,,,,,,,,,,,,,,,,,,,,,,
,,,,"Piso en Media Legua, Madrid",€969.000,,,,,,,,,,,,,,,,,,,,,,,
,,,,"Piso en miosotis, 73, Valdeacederas, Madrid",€240.000,,,,,,,,,,,,,,,,,,,,,,,
,,,,"Piso en Mirasierra, Madrid",€8.466.500,,,,,,,,,,,,,,,,,,,,,,,
,,,,"Piso en Mirasierra, Moscardó, Madrid",€329.000,,,,,,,,,,,,,,,,,,,,,,,
,,,,"Piso en Montecarmelo, Madrid",€1.210.000,,,,,,,,,,,,,,,,,,,,,,,
,,,,"Piso en Moscardó, Madrid",€2.278.000,,,,,,,,,,,,,,,,,,,,,,,
,,,,"Piso en Nicolás Godoy, 23, Almendrales, Madrid",€240.000,,,,,,,,,,,,,,,,,,,,,,,
,,,,"Piso en Niño Jesús, Madrid",€15.155.000,,,,,,,,,,,,,,,,,,,,,,,
,,,,"Piso en Nueva España, Madrid",€82.239.000,,,,,,,,,,,,,,,,,,,,,,,
,,,,"Piso en Nuevos Ministerios-Ríos Rosas, Madrid",€30.393.000,,,,,,,,,,,,,,,,,,,,,,,
,,,,"Piso en Numancia, Madrid",€1.575.590,,,,,,,,,,,,,,,,,,,,,,,
,,,,"Piso en Opañel, Madrid",€1.817.000,,,,,,,,,,,,,,,,,,,,,,,
,,,,"Piso en Orcasitas, Madrid",€1.188.000,,,,,,,,,,,,,,,,,,,,,,,
,,,,"Piso en orense, Cuzco-Castillejos, Madrid",€550.000,,,,,,,,,,,,,,,,,,,,,,,
,,,,"Piso en Orquideas, 11, Valdeacederas, Madrid",€778.000,,,,,,,,,,,,,,,,,,,,,,,
,,,,"Piso en Pacífico, Madrid",€8.279.000,,,,,,,,,,,,,,,,,,,,,,,
,,,,"Piso en Padilla, Lista, Madrid",€950.000,,,,,,,,,,,,,,,,,,,,,,,
,,,,"Piso en padre cipriano, El Pardo, Madrid",€360.000,,,,,,,,,,,,,,,,,,,,,,,
,,,,"Piso en Palacio, Madrid",€66.541.116,,,,,,,,,,,,,,,,,,,,,,,
,,,,"Piso en Palomares, 46, Villaverde Alto, Madrid",€150.000,,,,,,,,,,,,,,,,,,,,,,,
,,,,"Piso en Palomas, Madrid",€8.760.000,,,,,,,,,,,,,,,,,,,,,,,
,,,,"Piso en Palomeras Bajas, Madrid",€489.900,,,,,,,,,,,,,,,,,,,,,,,
,,,,"Piso en Palomeras sureste, Madrid",€2.589.300,,,,,,,,,,,,,,,,,,,,,,,
,,,,"Piso en palomeras sureste, Palomeras sureste, Madrid",€169.900,,,,,,,,,,,,,,,,,,,,,,,
,,,,"Piso en Palos de la Frontera, Madrid",€3.397.000,,,,,,,,,,,,,,,,,,,,,,,
,,,,"Piso en Parcela Rc.4.6.2. Sector UZPp. 02.04 Los Berrocales, 71, Los Berrocales, Madrid",€819.000,,,,,,,,,,,,,,,,,,,,,,,
,,,,"Piso en Parcela Rm C-26, s/n, Ensanche de Vallecas - La Gavia, Madrid",€1.449.181,,,,,,,,,,,,,,,,,,,,,,,
,,,,"Piso en pasaje Enrique Velasco, 3, Numancia, Madrid",€160.000,,,,,,,,,,,,,,,,,,,,,,,
,,,,"Piso en paseo Castellana, Cuzco-Castillejos, Madrid",€1.349.000,,,,,,,,,,,,,,,,,,,,,,,
,,,,"Piso en paseo de Alberto Palacios, 43, Villaverde Alto, Madrid",€180.000,,,,,,,,,,,,,,,,,,,,,,,
,,,,"Piso en paseo de Alberto Palacios, 77, Villaverde Alto, Madrid",€200.000,,,,,,,,,,,,,,,,,,,,,,,
,,,,"Piso en paseo de Alberto Palacios, 80, Villaverde Alto, Madrid",€419.000,,,,,,,,,,,,,,,,,,,,,,,
,,,,"Piso en paseo de Alberto Palacios, 84, Villaverde Alto, Madrid",€215.000,,,,,,,,,,,,,,,,,,,,,,,
,,,,"Piso en paseo de Alberto Palacios, 88, Villaverde Alto, Madrid",€212.000,,,,,,,,,,,,,,,,,,,,,,,
,,,,"Piso en paseo de Alberto Palacios, 90, Villaverde Alto, Madrid",€425.000,,,,,,,,,,,,,,,,,,,,,,,
,,,,"Piso en paseo de Eduardo Dato, Almagro, Madrid",€18.600.000,,,,,,,,,,,,,,,,,,,,,,,
,,,,"Piso en paseo de Extremadura, 152, Aluche, Madrid",€305.000,,,,,,,,,,,,,,,,,,,,,,,
,,,,"Piso en paseo de Extremadura, 300, Casa de Campo, Madrid",€350.000,,,,,,,,,,,,,,,,,,,,,,,
,,,,"Piso en paseo de Extremadura, 326, Aluche, Madrid",€595.000,,,,,,,,,,,,,,,,,,,,,,,
,,,,"Piso en paseo de Extremadura, Puerta del Ángel, Madrid",€2.038.000,,,,,,,,,,,,,,,,,,,,,,,
,,,,"Piso en paseo de Federico García Lorca, Casco Histórico de Vallecas, Madrid",€239.900,,,,,,,,,,,,,,,,,,,,,,,
,,,,"Piso en paseo de Ginebra, 26, Rosas, Madrid",€305.000,,,,,,,,,,,,,,,,,,,,,,,
,,,,"Piso en paseo de Ginebra, Rosas, Madrid",€305.000,,,,,,,,,,,,,,,,,,,,,,,
,,,,"Piso en paseo de Juan XXIII, 23 C, Ciudad Universitaria, Madrid",€510.000,,,,,,,,,,,,,,,,,,,,,,,
,,,,"Piso en paseo de la Alameda de Osuna, 10, Alameda de Osuna, Madrid",€850.000,,,,,,,,,,,,,,,,,,,,,,,
,,,,"Piso en paseo de la Alameda de Osuna, Alameda de Osuna, Madrid",€620.000,,,,,,,,,,,,,,,,,,,,,,,
,,,,"Piso en paseo de la Castellana, 105, Cuatro Caminos, Madrid",€1.275.000,,,,,,,,,,,,,,,,,,,,,,,
,,,,"Piso en paseo de la Castellana, 107, Cuatro Caminos, Madrid",€899.000,,,,,,,,,,,,,,,,,,,,,,,
,,,,"Piso en paseo de la Castellana, 117, Bernabéu-Hispanoamérica, Madrid",€1.600.000,,,,,,,,,,,,,,,,,,,,,,,
,,,,"Piso en paseo de la Castellana, 127, Cuzco-Castillejos, Madrid",€1.245.000,,,,,,,,,,,,,,,,,,,,,,,
,,,,"Piso en paseo de la Castellana, 151, Cuzco-Castillejos, Madrid",€1.540.000,,,,,,,,,,,,,,,,,,,,,,,
,,,,"Piso en paseo de la Castellana, 171, Cuzco-Castillejos, Madrid",€1.850.000,,,,,,,,,,,,,,,,,,,,,,,
,,,,"Piso en paseo de la Castellana, 187, Cuzco-Castillejos, Madrid",€1.320.000,,,,,,,,,,,,,,,,,,,,,,,
,,,,"Piso en paseo de la Castellana, 304, Castilla, Madrid",€700.000,,,,,,,,,,,,,,,,,,,,,,,
,,,,"Piso en paseo de la Castellana, Almagro, Madrid",€3.900.000,,,,,,,,,,,,,,,,,,,,,,,
,,,,"Piso en paseo de la Castellana, Bernabéu-Hispanoamérica, Madrid",€7.874.800,,,,,,,,,,,,,,,,,,,,,,,
,,,,"Piso en paseo de la Castellana, Castilla, Madrid",€666.000,,,,,,,,,,,,,,,,,,,,,,,
,,,,"Piso en paseo de la Castellana, Cuzco-Castillejos, Madrid",€21.258.000,,,,,,,,,,,,,,,,,,,,,,,
,,,,"Piso en paseo de la Castellana, El Viso, Madrid",€24.190.000,,,,,,,,,,,,,,,,,,,,,,,
,,,,"Piso en paseo de la Castellana, Nueva España, Madrid",€685.000,,,,,,,,,,,,,,,,,,,,,,,
,,,,"Piso en paseo de la Castellana, Recoletos, Madrid",€10.100.000,,,,,,,,,,,,,,,,,,,,,,,
,,,,"Piso en paseo de la Castellana, s/n, Bernabéu-Hispanoamérica, Madrid",€4.350.000,,,,,,,,,,,,,,,,,,,,,,,
,,,,"Piso en paseo de la Castellana, Ventilla-Almenara, Madrid",€1.574.900,,,,,,,,,,,,,,,,,,,,,,,
,,,,"Piso en paseo de la Chopera, Chopera, Madrid",€749.900,,,,,,,,,,,,,,,,,,,,,,,
,,,,"Piso en paseo de la Dirección, 161, Valdeacederas, Madrid",€875.000,,,,,,,,,,,,,,,,,,,,,,,
,,,,"Piso en paseo de la Dirección, 9, Berruguete, Madrid",€430.000,,,,,,,,,,,,,,,,,,,,,,,
,,,,"Piso en paseo de la Dirección, Berruguete, Madrid",€880.000,,,,,,,,,,,,,,,,,,,,,,,
,,,,"Piso en paseo de la Dirección, Valdeacederas, Madrid",€1.374.000,,,,,,,,,,,,,,,,,,,,,,,
,,,,"Piso en paseo de la Ermita del Santo, Puerta del Ángel, Madrid",€305.000,,,,,,,,,,,,,,,,,,,,,,,
,,,,"Piso en paseo de la Esperanza, 35, Acacias, Madrid",€460.000,,,,,,,,,,,,,,,,,,,,,,,
,,,,"Piso en paseo de la Esperanza, 41, Acacias, Madrid",€559.000,,,,,,,,,,,,,,,,,,,,,,,
,,,,"Piso en paseo de la Esperanza, Acacias, Madrid",€515.000,,,,,,,,,,,,,,,,,,,,,,,
,,,,"Piso en paseo de la Florida, Casa de Campo, Madrid",€940.000,,,,,,,,,,,,,,,,,,,,,,,
,,,,"Piso en paseo de La Habana, 174, Nueva España, Madrid",€1.080.000,,,,,,,,,,,,,,,,,,,,,,,
,,,,"Piso en paseo de La Habana, 190, Nueva España, Madrid",€2.480.000,,,,,,,,,,,,,,,,,,,,,,,
,,,,"Piso en paseo de La Habana, 202, Nueva España, Madrid",€2.950.000,,,,,,,,,,,,,,,,,,,,,,,
,,,,"Piso en paseo de La Habana, 21, El Viso, Madrid",€1.480.000,,,,,,,,,,,,,,,,,,,,,,,
,,,,"Piso en paseo de La Habana, 27, El Viso, Madrid",€1.495.000,,,,,,,,,,,,,,,,,,,,,,,
,,,,"Piso en paseo de La Habana, 72, Bernabéu-Hispanoamérica, Madrid",€1.985.000,,,,,,,,,,,,,,,,,,,,,,,
,,,,"Piso en paseo de La Habana, 80, Bernabéu-Hispanoamérica, Madrid",€1.395.000,,,,,,,,,,,,,,,,,,,,,,,
,,,,"Piso en paseo de La Habana, Bernabéu-Hispanoamérica, Madrid",€8.090.000,,,,,,,,,,,,,,,,,,,,,,,
,,,,"Piso en paseo de La Habana, El Viso, Madrid",€4.979.000,,,,,,,,,,,,,,,,,,,,,,,
,,,,"Piso en paseo de La Habana, Nueva España, Madrid",€1.120.000,,,,,,,,,,,,,,,,,,,,,,,
,,,,"Piso en paseo de la Infanta Isabel, Jerónimos, Madrid",€2.385.000,,,,,,,,,,,,,,,,,,,,,,,
,,,,"Piso en paseo de la Reina Cristina, 5, Jerónimos, Madrid",€675.000,,,,,,,,,,,,,,,,,,,,,,,
,,,,"Piso en paseo de la Reina Cristina, Jerónimos, Madrid",€3.335.000,,,,,,,,,,,,,,,,,,,,,,,
,,,,"Piso en paseo de la Reina Cristina, Pacífico, Madrid",€570.000,,,,,,,,,,,,,,,,,,,,,,,
,,,,"Piso en paseo de la Tierra de Melide, Las Tablas, Madrid",€565.000,,,,,,,,,,,,,,,,,,,,,,,
,,,,"Piso en paseo de la Virgen del Puerto, 43, Imperial, Madrid",€790.000,,,,,,,,,,,,,,,,,,,,,,,
,,,,"Piso en paseo de la Virgen del Puerto, Imperial, Madrid",€5.505.900,,,,,,,,,,,,,,,,,,,,,,,
,,,,"Piso en paseo de las Acacias, Acacias, Madrid",€108.000,,,,,,,,,,,,,,,,,,,,,,,
,,,,"Piso en paseo de las Delici, s/n, Delicias, Madrid",€630.000,,,,,,,,,,,,,,,,,,,,,,,
,,,,"Piso en paseo de las Delicias, 42, Palos de la Frontera, Madrid",€7.326.000,,,,,,,,,,,,,,,,,,,,,,,
,,,,"Piso en paseo de las Delicias, Delicias, Madrid",€2.449.990,,,,,,,,,,,,,,,,,,,,,,,
,,,,"Piso en paseo de los Ferroviarios, 10, Villaverde Alto, Madrid",€205.000,,,,,,,,,,,,,,,,,,,,,,,
,,,,"Piso en paseo de los Ferroviarios, Villaverde Alto, Madrid",€194.500,,,,,,,,,,,,,,,,,,,,,,,
,,,,"Piso en paseo de los Jesuitas, 31, Puerta del Ángel, Madrid",€250.000,,,,,,,,,,,,,,,,,,,,,,,
,,,,"Piso en paseo de los Jesuitas, Puerta del Ángel, Madrid",€794.000,,,,,,,,,,,,,,,,,,,,,,,
,,,,"Piso en paseo de los Lanceros, 1, Campamento, Madrid",€450.000,,,,,,,,,,,,,,,,,,,,,,,
,,,,"Piso en paseo de los Melancólicos, 39, Imperial, Madrid",€425.000,,,,,,,,,,,,,,,,,,,,,,,
,,,,"Piso en paseo de los Olivos, Puerta del Ángel, Madrid",€474.000,,,,,,,,,,,,,,,,,,,,,,,
,,,,"Piso en paseo de los Pontones, Imperial, Madrid",€725.000,,,,,,,,,,,,,,,,,,,,,,,
,,,,"Piso en paseo de Marcelino Camacho, 45, Vista Alegre, Madrid",€365.000,,,,,,,,,,,,,,,,,,,,,,,
,,,,"Piso en paseo de Moret, Argüelles, Madrid",€1.850.000,,,,,,,,,,,,,,,,,,,,,,,
,,,,"Piso en paseo de Recoletos, Recoletos, Madrid",€2.850.000,,,,,,,,,,,,,,,,,,,,,,,
,,,,"Piso en paseo de San Francisco de Sales, Vallehermoso, Madrid",€6.845.900,,,,,,,,,,,,,,,,,,,,,,,
,,,,"Piso en paseo de Santa María de la Cabeza, Comillas, Madrid",€526.000,,,,,,,,,,,,,,,,,,,,,,,
,,,,"Piso en paseo de Santa María de la Cabeza, Moscardó, Madrid",€784.900,,,,,,,,,,,,,,,,,,,,,,,
,,,,"Piso en paseo de Santa María de la Cabeza, Palos de la Frontera, Madrid",€2.130.000,,,,,,,,,,,,,,,,,,,,,,,
,,,,"Piso en paseo del General Martínez Campos, Almagro, Madrid",€8.640.000,,,,,,,,,,,,,,,,,,,,,,,
,,,,"Piso en paseo Del Marqués de Zafra, 41, Fuente del Berro, Madrid",€1.500.000,,,,,,,,,,,,,,,,,,,,,,,
,,,,"Piso en paseo del Marqués de Zafra, Fuente del Berro, Madrid",€725.000,,,,,,,,,,,,,,,,,,,,,,,
,,,,"Piso en paseo del Marqués de Zafra, s/n, Fuente del Berro, Madrid",€330.000,,,,,,,,,,,,,,,,,,,,,,,
,,,,"Piso en paseo del Pintor Rosales, Argüelles, Madrid",€13.775.000,,,,,,,,,,,,,,,,,,,,,,,
,,,,"Piso en paseo del Prado, 16, Huertas-Cortes, Madrid",€1.320.000,,,,,,,,,,,,,,,,,,,,,,,
,,,,"Piso en paseo del Prado, 34, Huertas-Cortes, Madrid",€1.100.000,,,,,,,,,,,,,,,,,,,,,,,
,,,,"Piso en paseo del Prado, Huertas-Cortes, Madrid",€1.500.000,,,,,,,,,,,,,,,,,,,,,,,
,,,,"Piso en paseo del Quince de Mayo, 15, San Isidro, Madrid",€225.000,,,,,,,,,,,,,,,,,,,,,,,
,,,,"Piso en paseo del Quince de Mayo, San Isidro, Madrid",€179.000,,,,,,,,,,,,,,,,,,,,,,,
,,,,"Piso en paseo del Rey, Argüelles, Madrid",€1.480.000,,,,,,,,,,,,,,,,,,,,,,,
,,,,"Piso en paseo Federico García Lorca, Casco Histórico de Vallecas, Madrid",€215.000,,,,,,,,,,,,,,,,,,,,,,,
,,,,"Piso en paseo Habana, 28, El Viso, Madrid",€1.520.000,,,,,,,,,,,,,,,,,,,,,,,
,,,,"Piso en paseo Húsares, Campamento, Madrid",€455.000,,,,,,,,,,,,,,,,,,,,,,,
,,,,"Piso en paseo Imperial, Imperial, Madrid",€168.800,,,,,,,,,,,,,,,,,,,,,,,
,,,,"Piso en paseo Juan XXIII, 23, Ciudad Universitaria, Madrid",€470.000,,,,,,,,,,,,,,,,,,,,,,,
,,,,"Piso en paseo Perales, Puerta del Ángel, Madrid",€510.000,,,,,,,,,,,,,,,,,,,,,,,
,,,,"Piso en Patio de Litografía, Estrella, Madrid",€520.000,,,,,,,,,,,,,,,,,,,,,,,
,,,,"Piso en Pau de Carabanchel, Madrid",€1.590.000,,,,,,,,,,,,,,,,,,,,,,,
,,,,"Piso en Pedro unanue, 8, Palos de la Frontera, Madrid",€260.000,,,,,,,,,,,,,,,,,,,,,,,
,,,,"Piso en Peñagrande, Madrid",€7.208.000,,,,,,,,,,,,,,,,,,,,,,,
,,,,"Piso en Pilar, Madrid",€1.704.000,,,,,,,,,,,,,,,,,,,,,,,
,,,,"Piso en Pinar del Rey, Madrid",€3.560.000,,,,,,,,,,,,,,,,,,,,,,,
,,,,"Piso en Pisco de los Artilleros, Vinateros, Madrid",€325.000,,,,,,,,,,,,,,,,,,,,,,,
,,,,"Piso en Piso en venta Barrio de Begoña., 11 CalleIsidroFernndez, Tres Olivos - Valverde, Madrid",€240.000,,,,,,,,,,,,,,,,,,,,,,,
,,,,"Piso en plaza Alcalde Brell, Abrantes, Madrid",€184.000,,,,,,,,,,,,,,,,,,,,,,,
,,,,"Piso en plaza Angel de Carbajo, Cuzco-Castillejos, Madrid",€990.000,,,,,,,,,,,,,,,,,,,,,,,
,,,,"Piso en plaza Antonio María Segovia, 4, Santa Eugenia, Madrid",€219.000,,,,,,,,,,,,,,,,,,,,,,,
,,,,"Piso en plaza Argüelles, Argüelles, Madrid",€1.380.000,,,,,,,,,,,,,,,,,,,,,,,
,,,,"Piso en plaza Castillo de la Mota, Simancas, Madrid",€145.000,,,,,,,,,,,,,,,,,,,,,,,
,,,,"Piso en plaza Ciudad de Viena, 6, Ciudad Universitaria, Madrid",€515.000,,,,,,,,,,,,,,,,,,,,,,,
,,,,"Piso en plaza Ciudad de Viena, Ciudad Universitaria, Madrid",€1.012.000,,,,,,,,,,,,,,,,,,,,,,,
,,,,"Piso en plaza de Alamillo, 2, Palacio, Madrid",€440.000,,,,,,,,,,,,,,,,,,,,,,,
,,,,"Piso en plaza de Andres Arteaga, Moscardó, Madrid",€252.000,,,,,,,,,,,,,,,,,,,,,,,
,,,,"Piso en plaza de Anocibar, Puerta Bonita, Madrid",€207.000,,,,,,,,,,,,,,,,,,,,,,,
,,,,"Piso en plaza de Arteijo, Pilar, Madrid",€245.000,,,,,,,,,,,,,,,,,,,,,,,
,,,,"Piso en plaza de Carballo, 123, Pilar, Madrid",€395.000,,,,,,,,,,,,,,,,,,,,,,,
,,,,"Piso en plaza de Carballo, Pilar, Madrid",€200.000,,,,,,,,,,,,,,,,,,,,,,,
,,,,"Piso en plaza de Cascorro, Lavapiés-Embajadores, Madrid",€1.500.000,,,,,,,,,,,,,,,,,,,,,,,
,,,,"Piso en plaza de Chueca, Chueca-Justicia, Madrid",€950.000,,,,,,,,,,,,,,,,,,,,,,,
,,,,"Piso en plaza de Coímbra, Abrantes, Madrid",€220.000,,,,,,,,,,,,,,,,,,,,,,,
,,,,"Piso en plaza de Ensidesa, Salvador, Madrid",€515.000,,,,,,,,,,,,,,,,,,,,,,,
,,,,"Piso en plaza de España, 18, Argüelles, Madrid",€1.080.000,,,,,,,,,,,,,,,,,,,,,,,
,,,,"Piso en plaza de Gómez Acebo, Villaverde Alto, Madrid",€177.000,,,,,,,,,,,,,,,,,,,,,,,
,,,,"Piso en plaza de José Moreno Villa, Argüelles, Madrid",€3.450.000,,,,,,,,,,,,,,,,,,,,,,,
,,,,"Piso en plaza de la Cebada, Palacio, Madrid",€530.000,,,,,,,,,,,,,,,,,,,,,,,
,,,,"Piso en plaza de la Ciudad de Salta, 1, Colina, Madrid",€350.000,,,,,,,,,,,,,,,,,,,,,,,
,,,,"Piso en plaza de la Ciudad de Salta, 2, Colina, Madrid",€410.000,,,,,,,,,,,,,,,,,,,,,,,
,,,,"Piso en plaza de la Cruz Verde, Palacio, Madrid",€1.560.000,,,,,,,,,,,,,,,,,,,,,,,
,,,,"Piso en plaza de la Encarnacion, Palacio, Madrid",€970.000,,,,,,,,,,,,,,,,,,,,,,,
,,,,"Piso en plaza de la República Argentina, 8, El Viso, Madrid",€940.000,,,,,,,,,,,,,,,,,,,,,,,
,,,,"Piso en plaza de la Sierra Carbonera, 2, San Diego, Madrid",€96.700,,,,,,,,,,,,,,,,,,,,,,,
,,,,"Piso en plaza de las Olivas, 2, Salvador, Madrid",€460.000,,,,,,,,,,,,,,,,,,,,,,,
,,,,"Piso en plaza de Lavapiés, Lavapiés-Embajadores, Madrid",€1.590.000,,,,,,,,,,,,,,,,,,,,,,,
,,,,"Piso en plaza de los Reyes Magos, Niño Jesús, Madrid",€2.349.635,,,,,,,,,,,,,,,,,,,,,,,
,,,,"Piso en plaza de los Sagrados Corazones, El Viso, Madrid",€1.800.000,,,,,,,,,,,,,,,,,,,,,,,
,,,,"Piso en plaza de Manuel Becerra, 5, Goya, Madrid",€1.300.000,,,,,,,,,,,,,,,,,,,,,,,
,,,,"Piso en plaza de Olavide, Trafalgar, Madrid",€1.250.000,,,,,,,,,,,,,,,,,,,,,,,
,,,,"Piso en plaza de Oriente, Palacio, Madrid",€1.995.000,,,,,,,,,,,,,,,,,,,,,,,
,,,,"Piso en plaza de Patricio Aguado, 5, Canillas, Madrid",€510.000,,,,,,,,,,,,,,,,,,,,,,,
,,,,"Piso en plaza de Puerta Cerrada, 7, Palacio, Madrid",€460.000,,,,,,,,,,,,,,,,,,,,,,,
,,,,"Piso en plaza de Puerta Cerrada, Palacio, Madrid",€529.000,,,,,,,,,,,,,,,,,,,,,,,
,,,,"Piso en plaza de Redondela, Pilar, Madrid",€240.000,,,,,,,,,,,,,,,,,,,,,,,
,,,,"Piso en plaza de Rutilio Gaci, 5, Chopera, Madrid",€355.000,,,,,,,,,,,,,,,,,,,,,,,
,,,,"Piso en plaza de San Ildefonso, Malasaña-Universidad, Madrid",€1.250.000,,,,,,,,,,,,,,,,,,,,,,,
,,,,"Piso en plaza de San Miguel, Palacio, Madrid",€700.000,,,,,,,,,,,,,,,,,,,,,,,
,,,,"Piso en plaza de Santa Ana, Huertas-Cortes, Madrid",€2.113.900,,,,,,,,,,,,,,,,,,,,,,,
,,,,"Piso en plaza de Santa Teresita, 2, Puerta del Ángel, Madrid",€690.000,,,,,,,,,,,,,,,,,,,,,,,
,,,,"Piso en plaza de Santa Teresita, Puerta del Ángel, Madrid",€230.000,,,,,,,,,,,,,,,,,,,,,,,
,,,,"Piso en plaza de Tirso de Molina, 3, Lavapiés-Embajadores, Madrid",€1.200.000,,,,,,,,,,,,,,,,,,,,,,,
,,,,"Piso en plaza de Tirso de Molina, Lavapiés-Embajadores, Madrid",€1.778.000,,,,,,,,,,,,,,,,,,,,,,,
,,,,"Piso en plaza del Alcalde Moreno Torres, Sanchinarro, Madrid",€232.000,,,,,,,,,,,,,,,,,,,,,,,
,,,,"Piso en plaza del Campillo del Mundo Nuevo, Lavapiés-Embajadores, Madrid",€620.000,,,,,,,,,,,,,,,,,,,,,,,
,,,,"Piso en plaza del Conde de Miranda, Palacio, Madrid",€625.000,,,,,,,,,,,,,,,,,,,,,,,
,,,,"Piso en plaza del Conde del Valle de Súchil, Arapiles, Madrid",€1.370.000,,,,,,,,,,,,,,,,,,,,,,,
,,,,"Piso en plaza del Doctor Lozano, Numancia, Madrid",€238.000,,,,,,,,,,,,,,,,,,,,,,,
,,,,"Piso en plaza del Dos de Mayo, Malasaña-Universidad, Madrid",€765.000,,,,,,,,,,,,,,,,,,,,,,,
,,,,"Piso en plaza del Encuentro, Fontarrón, Madrid",€557.000,,,,,,,,,,,,,,,,,,,,,,,
,,,,"Piso en plaza del General Vara de Rey, Lavapiés-Embajadores, Madrid",€297.000,,,,,,,,,,,,,,,,,,,,,,,
,,,,"Piso en plaza del Marqués de Salamanca, Castellana, Madrid",€2.210.000,,,,,,,,,,,,,,,,,,,,,,,
,,,,"Piso en plaza del Perú, 5, Nueva España, Madrid",€720.000,,,,,,,,,,,,,,,,,,,,,,,
,,,,"Piso en plaza del Perú, Nueva España, Madrid",€775.000,,,,,,,,,,,,,,,,,,,,,,,
,,,,"Piso en plaza del Pico Salvaguardia, Peñagrande, Madrid",€275.000,,,,,,,,,,,,,,,,,,,,,,,
,,,,"Piso en plaza Duque de Módena, Abrantes, Madrid",€120.000,,,,,,,,,,,,,,,,,,,,,,,
,,,,"Piso en plaza Geólogos, Quintana, Madrid",€285.000,,,,,,,,,,,,,,,,,,,,,,,
,,,,"Piso en plaza Independencia, Jerónimos, Madrid",€9.250.000,,,,,,,,,,,,,,,,,,,,,,,
,,,,"Piso en plaza Liceo, 3, Conde Orgaz-Piovera, Madrid",€949.500,,,,,,,,,,,,,,,,,,,,,,,
,,,,"Piso en plaza Liceo, Conde Orgaz-Piovera, Madrid",€1.100.000,,,,,,,,,,,,,,,,,,,,,,,
,,,,"Piso en plaza Manolete, Cuatro Caminos, Madrid",€2.325.000,,,,,,,,,,,,,,,,,,,,,,,
,,,,"Piso en plaza Manuel Rodrigo, 11, Conde Orgaz-Piovera, Madrid",€1.200.000,,,,,,,,,,,,,,,,,,,,,,,
,,,,"Piso en plaza Martinez Olmedilla, Santa Eugenia, Madrid",€206.000,,,,,,,,,,,,,,,,,,,,,,,
,,,,"Piso en plaza mayor, s/n, Sol, Madrid",€380.000,,,,,,,,,,,,,,,,,,,,,,,
,,,,"Piso en plaza Mayor, Sol, Madrid",€3.644.000,,,,,,,,,,,,,,,,,,,,,,,
,,,,"Piso en plaza Mil Delegados, 2, Orcasitas, Madrid",€114.900,,,,,,,,,,,,,,,,,,,,,,,
,,,,"Piso en plaza Pinazo, San Cristóbal, Madrid",€344.900,,,,,,,,,,,,,,,,,,,,,,,
,,,,"Piso en plaza Riofrío, Quintana, Madrid",€295.000,,,,,,,,,,,,,,,,,,,,,,,
,,,,"Piso en plaza Valle de Oro, Opañel, Madrid",€240.000,,,,,,,,,,,,,,,,,,,,,,,
,,,,"Piso en plaza virgen de los llanos, 10, Águilas, Madrid",€240.000,,,,,,,,,,,,,,,,,,,,,,,
,,,,"Piso en plaza Vulcano, 3, Abrantes, Madrid",€150.000,,,,,,,,,,,,,,,,,,,,,,,
,,,,"Piso en Plazuela de San Ginés, 1, Sol, Madrid",€1.395.000,,,,,,,,,,,,,,,,,,,,,,,
,,,,"Piso en Plazuela de San Ginés, Sol, Madrid",€1.395.000,,,,,,,,,,,,,,,,,,,,,,,
,,,,"Piso en Poligono Los Cerros, 357, Los Cerros, Madrid",€434.508,,,,,,,,,,,,,,,,,,,,,,,
,,,,"Piso en Poligono Uzp0202 los Cerros, 87, 157, Los Cerros, Madrid",€448.764,,,,,,,,,,,,,,,,,,,,,,,
,,,,"Piso en Poligono Uzp0203 los Ahijones, 32, Los Ahijones, Madrid",€1.093.000,,,,,,,,,,,,,,,,,,,,,,,
,,,,"Piso en Portazgo, Madrid",€664.985,,,,,,,,,,,,,,,,,,,,,,,
,,,,"Piso en Pradolongo, Madrid",€934.900,,,,,,,,,,,,,,,,,,,,,,,
,,,,"Piso en Prosperidad, 18, Ciudad Jardín, Madrid",€385.000,,,,,,,,,,,,,,,,,,,,,,,
,,,,"Piso en Prosperidad, Madrid",€5.038.000,,,,,,,,,,,,,,,,,,,,,,,
,,,,"Piso en Prov Ahijones-berrocales 2 176 ,Parcela Rc.7.3.2, 176, Los Berrocales, Madrid",€639.115,,,,,,,,,,,,,,,,,,,,,,,
,,,,"Piso en Pueblo nuevo, 2, Ventas, Madrid",€230.000,,,,,,,,,,,,,,,,,,,,,,,
,,,,"Piso en Pueblo Nuevo, Madrid",€4.109.800,,,,,,,,,,,,,,,,,,,,,,,
,,,,"Piso en Puentedeume, Pilar, Madrid",€269.000,,,,,,,,,,,,,,,,,,,,,,,
,,,,"Piso en Puerta Bonita, Madrid",€2.925.500,,,,,,,,,,,,,,,,,,,,,,,
,,,,"Piso en Puerta del Ángel, Madrid",€1.547.400,,,,,,,,,,,,,,,,,,,,,,,
,,,,"Piso en puerta del angel, Puerta del Ángel, Madrid",€199.000,,,,,,,,,,,,,,,,,,,,,,,
,,,,"Piso en puerta del Sol, 13, Sol, Madrid",€1.790.000,,,,,,,,,,,,,,,,,,,,,,,
,,,,"Piso en Puerto de Almansa, 44, San Diego, Madrid",€160.000,,,,,,,,,,,,,,,,,,,,,,,
,,,,"Piso en Puerto de Balbaran, 11, San Diego, Madrid",€239.000,,,,,,,,,,,,,,,,,,,,,,,
,,,,"Piso en Quintana, Madrid",€3.012.000,,,,,,,,,,,,,,,,,,,,,,,
,,,,"Piso en Rc.6.10.1 y 2 Sector UZPp. 02.04, Desarrollo Del Este-los Berrocales, s/n, Los Berrocales, Madrid",€609.993,,,,,,,,,,,,,,,,,,,,,,,
,,,,"Piso en Recoletos, Madrid",€576.159.585,,,,,,,,,,,,,,,,,,,,,,,
,,,,"Piso en Recoletos, Recoletos, Madrid",€2.900.000,,,,,,,,,,,,,,,,,,,,,,,
,,,,"Piso en Rejas, Madrid",€1.566.000,,,,,,,,,,,,,,,,,,,,,,,
,,,,"Piso en Ricardo Damas, 9, Legazpi, Madrid",€4.635.000,,,,,,,,,,,,,,,,,,,,,,,
,,,,"Piso en ronda de Atocha, 7, Palos de la Frontera, Madrid",€625.000,,,,,,,,,,,,,,,,,,,,,,,
,,,,"Piso en ronda de Atocha, 8, Lavapiés-Embajadores, Madrid",€730.000,,,,,,,,,,,,,,,,,,,,,,,
,,,,"Piso en ronda de Atocha, Lavapiés-Embajadores, Madrid",€479.900,,,,,,,,,,,,,,,,,,,,,,,
,,,,"Piso en ronda de Segovia, 15, Palacio, Madrid",€660.000,,,,,,,,,,,,,,,,,,,,,,,
,,,,"Piso en ronda de Segovia, 51, Palacio, Madrid",€480.000,,,,,,,,,,,,,,,,,,,,,,,
,,,,"Piso en ronda de Segovia, Imperial, Madrid",€2.215.000,,,,,,,,,,,,,,,,,,,,,,,
,,,,"Piso en ronda de Segovia, Palacio, Madrid",€475.000,,,,,,,,,,,,,,,,,,,,,,,
,,,,"Piso en ronda de Valencia, 8, Lavapiés-Embajadores, Madrid",€580.000,,,,,,,,,,,,,,,,,,,,,,,
,,,,"Piso en ronda de Valencia, Lavapiés-Embajadores, Madrid",€565.000,,,,,,,,,,,,,,,,,,,,,,,
,,,,"Piso en ronda del Ingenioso Hidalgo, Tres Olivos - Valverde, Madrid",€610.000,,,,,,,,,,,,,,,,,,,,,,,
,,,,"Piso en ronda del Sur, 101, Entrevías, Madrid",€103.000,,,,,,,,,,,,,,,,,,,,,,,
,,,,"Piso en ronda del Sur, 190, Entrevías, Madrid",€169.000,,,,,,,,,,,,,,,,,,,,,,,
,,,,"Piso en ronda del Sur, 191, Entrevías, Madrid",€165.000,,,,,,,,,,,,,,,,,,,,,,,
,,,,"Piso en ronda del Sur, 192, Entrevías, Madrid",€160.000,,,,,,,,,,,,,,,,,,,,,,,
,,,,"Piso en ronda del Sur, 193, Entrevías, Madrid",€160.000,,,,,,,,,,,,,,,,,,,,,,,
,,,,"Piso en ronda del Sur, 194, Entrevías, Madrid",€163.000,,,,,,,,,,,,,,,,,,,,,,,
,,,,"Piso en ronda del Sur, 195, Entrevías, Madrid",€165.000,,,,,,,,,,,,,,,,,,,,,,,
,,,,"Piso en ronda del Sur, Entrevías, Madrid",€666.000,,,,,,,,,,,,,,,,,,,,,,,
,,,,"Piso en ronda del Sur, s/n, Entrevías, Madrid",€178.000,,,,,,,,,,,,,,,,,,,,,,,
,,,,"Piso en Rosas, Madrid",€939.000,,,,,,,,,,,,,,,,,,,,,,,
,,,,"Piso en Ruiz, Malasaña-Universidad, Madrid",€1.285.000,,,,,,,,,,,,,,,,,,,,,,,
,,,,"Piso en Salazar Alonso, 13, Estrella, Madrid",€640.000,,,,,,,,,,,,,,,,,,,,,,,
,,,,"Piso en Salvador, Madrid",€860.000,,,,,,,,,,,,,,,,,,,,,,,
,,,,"Piso en San Blas de Canillejas, Simancas, Madrid",€265.000,,,,,,,,,,,,,,,,,,,,,,,
,,,,"Piso en San Cristóbal, Madrid",€125.000,,,,,,,,,,,,,,,,,,,,,,,
,,,,"Piso en San Diego, Madrid",€2.654.000,,,,,,,,,,,,,,,,,,,,,,,
,,,,"Piso en San Epifanio, 7, Imperial, Madrid",€825.000,,,,,,,,,,,,,,,,,,,,,,,
,,,,"Piso en San Fermín, Madrid",€1.112.990,,,,,,,,,,,,,,,,,,,,,,,
,,,,"Piso en San Isidro, Madrid",€2.375.000,,,,,,,,,,,,,,,,,,,,,,,
,,,,"Piso en San Jenaro, Villaverde Alto, Madrid",€350.000,,,,,,,,,,,,,,,,,,,,,,,
,,,,"Piso en San Juan Bautista, Madrid",€9.119.000,,,,,,,,,,,,,,,,,,,,,,,
,,,,"Piso en San Pascual, Madrid",€3.691.000,,,,,,,,,,,,,,,,,,,,,,,
,,,,"Piso en San Raimundo, Bellas Vistas, Madrid",€105.000,,,,,,,,,,,,,,,,,,,,,,,
,,,,"Piso en San Trifón, 4, Moscardó, Madrid",€330.000,,,,,,,,,,,,,,,,,,,,,,,
,,,,"Piso en San Valeriano, Bellas Vistas, Madrid",€210.000,,,,,,,,,,,,,,,,,,,,,,,
,,,,"Piso en Sanchinarro, Madrid",€10.909.900,,,,,,,,,,,,,,,,,,,,,,,
,,,,"Piso en Santa Engracia, Almagro, Madrid",€1.125.000,,,,,,,,,,,,,,,,,,,,,,,
,,,,"Piso en Santa Eugenia, Madrid",€1.296.999,,,,,,,,,,,,,,,,,,,,,,,
,,,,"Piso en Santa Teresa Jornet, 7, Buena Vista, Madrid",€307.500,,,,,,,,,,,,,,,,,,,,,,,
,,,,"Piso en Santillana del Mar, 21, Portazgo, Madrid",€200.000,,,,,,,,,,,,,,,,,,,,,,,
,,,,"Piso en Simancas, Madrid",€3.534.900,,,,,,,,,,,,,,,,,,,,,,,
,,,,"Piso en sinesio delgado, 5, La Paz, Madrid",€580.000,,,,,,,,,,,,,,,,,,,,,,,
,,,,"Piso en Sol, Madrid",€72.447.750,,,,,,,,,,,,,,,,,,,,,,,
,,,,"Piso en Solana de Luche, 12, Puerta del Ángel, Madrid",€199.000,,,,,,,,,,,,,,,,,,,,,,,
,,,,"Piso en Sor Ángela de la Cruz, 31, Cuzco-Castillejos, Madrid",€570.000,,,,,,,,,,,,,,,,,,,,,,,
,,,,"Piso en Tarragona, 1, Palos de la Frontera, Madrid",€2.461.000,,,,,,,,,,,,,,,,,,,,,,,
,,,,"Piso en Tetuan, Sol, Madrid",€1.119.000,,,,,,,,,,,,,,,,,,,,,,,
,,,,"Piso en Timón, Madrid",€378.990,,,,,,,,,,,,,,,,,,,,,,,
,,,,"Piso en Trafalgar, Madrid",€63.576.200,,,,,,,,,,,,,,,,,,,,,,,
,,,,"Piso en travesía de Felipe de Diego, Palomeras Bajas, Madrid",€818.000,,,,,,,,,,,,,,,,,,,,,,,
,,,,"Piso en travesía de José Noriega, Ventas, Madrid",€379.000,,,,,,,,,,,,,,,,,,,,,,,
,,,,"Piso en travesía de las Beatas, 8, Malasaña-Universidad, Madrid",€499.000,,,,,,,,,,,,,,,,,,,,,,,
,,,,"Piso en travesía de las Pozas, 4, Malasaña-Universidad, Madrid",€265.000,,,,,,,,,,,,,,,,,,,,,,,
,,,,"Piso en travesía de las Pozas, Malasaña-Universidad, Madrid",€1.010.000,,,,,,,,,,,,,,,,,,,,,,,
,,,,"Piso en travesía de Palomeras, 5, San Diego, Madrid",€70.900,,,,,,,,,,,,,,,,,,,,,,,
,,,,"Piso en travesía de San Mateo, Chueca-Justicia, Madrid",€1.650.000,,,,,,,,,,,,,,,,,,,,,,,
,,,,"Piso en travesía del Arroyo, 10, Valdeacederas, Madrid",€280.000,,,,,,,,,,,,,,,,,,,,,,,
,,,,"Piso en travesía del Conde Duque, Malasaña-Universidad, Madrid",€1.400.000,,,,,,,,,,,,,,,,,,,,,,,
,,,,"Piso en travesía del Doctor Sánchez, 3 --1, San Diego, Madrid",€169.000,,,,,,,,,,,,,,,,,,,,,,,
,,,,"Piso en travesía Enrique Velasco, Numancia, Madrid",€248.000,,,,,,,,,,,,,,,,,,,,,,,
,,,,"Piso en travesía Infanta Mercedes, Cuatro Caminos, Madrid",€525.000,,,,,,,,,,,,,,,,,,,,,,,
,,,,"Piso en Tres Olivos - Valverde, Madrid",€1.396.000,,,,,,,,,,,,,,,,,,,,,,,
,,,,"Piso en Trujillos, s/n, Sol, Madrid",€2.960.000,,,,,,,,,,,,,,,,,,,,,,,
,,,,"Piso en Urbanización Residencial Serpens, s/n, Los Berrocales, Madrid",€2.340.837,,,,,,,,,,,,,,,,,,,,,,,
,,,,"Piso en Valdeacederas, Madrid",€4.809.000,,,,,,,,,,,,,,,,,,,,,,,
,,,,"Piso en Valdebebas - Valdefuentes, Madrid",€1.710.200,,,,,,,,,,,,,,,,,,,,,,,
,,,,"Piso en Valdebernardo - Valderrivas, Madrid",€1.224.000,,,,,,,,,,,,,,,,,,,,,,,
,,,,"Piso en Valdecarros, Madrid",€1.012.598,,,,,,,,,,,,,,,,,,,,,,,
,,,,"Piso en Valdemarín, Madrid",€6.964.000,,,,,,,,,,,,,,,,,,,,,,,
,,,,"Piso en Valdemarin, s/n, Valdemarín, Madrid",€1.750.000,,,,,,,,,,,,,,,,,,,,,,,
,,,,"Piso en Valderrodrigo, 84, Valdezarza, Madrid",€375.000,,,,,,,,,,,,,,,,,,,,,,,
,,,,"Piso en Valdezarza, Madrid",€1.164.000,,,,,,,,,,,,,,,,,,,,,,,
,,,,"Piso en Vallehermoso, Madrid",€24.865.010,,,,,,,,,,,,,,,,,,,,,,,
,,,,"Piso en Ventas, Madrid",€2.960.000,,,,,,,,,,,,,,,,,,,,,,,
,,,,"Piso en Ventilla-Almenara, Madrid",€8.948.000,,,,,,,,,,,,,,,,,,,,,,,
,,,,"Piso en vereda de la Cebolla, s/n, El Cañaveral, Madrid",€3.575.200,,,,,,,,,,,,,,,,,,,,,,,
,,,,"Piso en via carpetana, 203, Vista Alegre, Madrid",€239.000,,,,,,,,,,,,,,,,,,,,,,,
,,,,"Piso en via Carpetana, 83, San Isidro, Madrid",€262.500,,,,,,,,,,,,,,,,,,,,,,,
,,,,"Piso en via Carpetana, Aluche, Madrid",€365.000,,,,,,,,,,,,,,,,,,,,,,,
,,,,"Piso en via Carpetana, San Isidro, Madrid",€265.000,,,,,,,,,,,,,,,,,,,,,,,
,,,,"Piso en via Carpetana, Vista Alegre, Madrid",€335.000,,,,,,,,,,,,,,,,,,,,,,,
,,,,"Piso en via Gran Vía, 68, Malasaña-Universidad, Madrid",€2.705.000,,,,,,,,,,,,,,,,,,,,,,,
,,,,"Piso en via Gran Vía, Malasaña-Universidad, Madrid",€1.865.000,,,,,,,,,,,,,,,,,,,,,,,
,,,,"Piso en via Gran Vía, Palacio, Madrid",€1.400.000,,,,,,,,,,,,,,,,,,,,,,,
,,,,"Piso en via Gran, Malasaña-Universidad, Madrid",€10.695.000,,,,,,,,,,,,,,,,,,,,,,,
,,,,"Piso en via Lusitana, 25, Abrantes, Madrid",€435.000,,,,,,,,,,,,,,,,,,,,,,,
,,,,"Piso en via Lusitana, Abrantes, Madrid",€738.500,,,,,,,,,,,,,,,,,,,,,,,
,,,,"Piso en Vicente Blasco Ibañez, Sanchinarro, Madrid",€590.000,,,,,,,,,,,,,,,,,,,,,,,
,,,,"Piso en Villaescusa, 62, Pueblo Nuevo, Madrid",€1.926.500,,,,,,,,,,,,,,,,,,,,,,,
,,,,"Piso en Villaverde Alto, Madrid",€4.877.000,,,,,,,,,,,,,,,,,,,,,,,
,,,,"Piso en Vinateros, Madrid",€269.500,,,,,,,,,,,,,,,,,,,,,,,
,,,,"Piso en virgen de la paz, 9, Concepción, Madrid",€1.130.000,,,,,,,,,,,,,,,,,,,,,,,
,,,,"Piso en Virgen de Lourdes, Concepción, Madrid",€572.000,,,,,,,,,,,,,,,,,,,,,,,
,,,,"Piso en Virgen del Cortijo - Manoteras, Madrid",€955.000,,,,,,,,,,,,,,,,,,,,,,,
,,,,"Piso en Vista Alegre, Madrid",€2.741.800,,,,,,,,,,,,,,,,,,,,,,,
,,,,"Piso en Zofío, Madrid",€809.000,,,,,,,,,,,,,,,,,,,,,,,
,,,,"Piso en Zubieta, Simancas, Madrid",€159.000,,,,,,,,,,,,,,,,,,,,,,,
,,,,"Piso en Zurbano, Almagro, Madrid",€1.060.000,,,,,,,,,,,,,,,,,,,,,,,
,,,INTERIOR,"Ático en avenida Provisional Ahijones Nueve, 90, Los Ahijones, Madrid",€349.500,,,,,,,,,,,,,,,,,,,,,,,
,,,,"Ático en calle de Alcalá, Fuente del Berro, Madrid",€1.800.000,,,,,,,,,,,,,,,,,,,,,,,
,,,,"Ático en calle de Antonio Grilo, Malasaña-Universidad, Madrid",€245.000,,,,,,,,,,,,,,,,,,,,,,,
,,,,"Ático en calle de Deyanira, 59, Rejas, Madrid",€220.000,,,,,,,,,,,,,,,,,,,,,,,
,,,,"Ático en calle de Hermosilla, Recoletos, Madrid",€1.895.000,,,,,,,,,,,,,,,,,,,,,,,
,,,,"Ático en calle de Ibiza, 37, Ibiza, Madrid",€1.550.000,,,,,,,,,,,,,,,,,,,,,,,
,,,,"Ático en calle de Isabel la Católica, Palacio, Madrid",€360.000,,,,,,,,,,,,,,,,,,,,,,,
,,,,"Ático en calle de Jesús del Valle, Malasaña-Universidad, Madrid",€495.000,,,,,,,,,,,,,,,,,,,,,,,
,,,,"Ático en calle de Juan Pantoja, Bellas Vistas, Madrid",€210.000,,,,,,,,,,,,,,,,,,,,,,,
,,,,"Ático en calle de la Infanta Mercedes, Cuatro Caminos, Madrid",€660.000,,,,,,,,,,,,,,,,,,,,,,,
,,,,"Ático en calle de la Paz, Sol, Madrid",€279.000,,,,,,,,,,,,,,,,,,,,,,,
,,,,"Ático en calle de la Princesa, s/n, Malasaña-Universidad, Madrid",€228.000,,,,,,,,,,,,,,,,,,,,,,,
,,,,"Ático en calle de los Morales, 10, Pau de Carabanchel, Madrid",€690.000,,,,,,,,,,,,,,,,,,,,,,,
,,,,"Ático en calle de Núñez de Balboa, Recoletos, Madrid",€2.250.000,,,,,,,,,,,,,,,,,,,,,,,
,,,,"Ático en calle de O'Donnell, Ibiza, Madrid",€2.780.000,,,,,,,,,,,,,,,,,,,,,,,
,,,,"Ático en calle de Raimundo Fernández Villaverde, 43, Cuatro Caminos, Madrid",€650.000,,,,,,,,,,,,,,,,,,,,,,,
,,,,"Ático en calle de Raimundo Fernández Villaverde, Nuevos Ministerios-Ríos Rosas, Madrid",€650.000,,,,,,,,,,,,,,,,,,,,,,,
,,,,"Ático en calle de San Vicente Ferrer, Malasaña-Universidad, Madrid",€344.000,,,,,,,,,,,,,,,,,,,,,,,
,,,,"Ático en calle de Vergara, 4, Palacio, Madrid",€1.150.000,,,,,,,,,,,,,,,,,,,,,,,
,,,,"Ático en calle de Zurbano, Almagro, Madrid",€2.100.000,,,,,,,,,,,,,,,,,,,,,,,
,,,,"Ático en calle del Bastero, 23, Lavapiés-Embajadores, Madrid",€200.000,,,,,,,,,,,,,,,,,,,,,,,
,,,,"Ático en calle del Salitre, Lavapiés-Embajadores, Madrid",€125.000,,,,,,,,,,,,,,,,,,,,,,,
,,,,"Ático en calle Palos De La Frontera, Palos de la Frontera, Madrid",€750.000,,,,,,,,,,,,,,,,,,,,,,,
,,,,"Ático en Carrera de San Jerónimo, Sol, Madrid",€2.175.000,,,,,,,,,,,,,,,,,,,,,,,
,,,,"Ático en Chueca-Justicia, Madrid",€600.000,,,,,,,,,,,,,,,,,,,,,,,
,,,,"Ático en Ciudad Jardín, Madrid",€815.000,,,,,,,,,,,,,,,,,,,,,,,
,,,,"Ático en Fuente del Berro, Madrid",€595.000,,,,,,,,,,,,,,,,,,,,,,,
,,,,"Ático en Ibiza, Madrid",€1.390.000,,,,,,,,,,,,,,,,,,,,,,,
,,,,"Ático en Lavapiés-Embajadores, Madrid",€425.000,,,,,,,,,,,,,,,,,,,,,,,
,,,,"Ático en Malasaña-Universidad, Madrid",€2.400.000,,,,,,,,,,,,,,,,,,,,,,,
,,,,"Ático en paseo de San Francisco de Sales, 15, Vallehermoso, Madrid",€1.000.400,,,,,,,,,,,,,,,,,,,,,,,
,,,,"Ático en paseo de San Francisco de Sales, Vallehermoso, Madrid",€2.299.560,,,,,,,,,,,,,,,,,,,,,,,
,,,,"Ático en plaza de Manuel Becerra, Goya, Madrid",€1.800.000,,,,,,,,,,,,,,,,,,,,,,,
,,,,"Ático en Recoletos, Madrid",€2.000.000,,,,,,,,,,,,,,,,,,,,,,,
,,,,"Ático en travesía de Andrés Mellado, 3, Gaztambide, Madrid",€115.000,,,,,,,,,,,,,,,,,,,,,,,
,,,,"Dúplex en Bellas Vistas, Madrid",€185.000,,,,,,,,,,,,,,,,,,,,,,,
,,,,"Dúplex en calle Cerro del Murmullo, Ensanche de Vallecas - La Gavia, Madrid",€195.000,,,,,,,,,,,,,,,,,,,,,,,
,,,,"Dúplex en calle Cronos, 20, Simancas, Madrid",€390.000,,,,,,,,,,,,,,,,,,,,,,,
,,,,"Dúplex en calle de Almagro, 28, Almagro, Madrid",€770.000,,,,,,,,,,,,,,,,,,,,,,,
,,,,"Dúplex en calle de Argente, San Diego, Madrid",€138.500,,,,,,,,,,,,,,,,,,,,,,,
,,,,"Dúplex en calle de Bravo Murillo, Cuzco-Castillejos, Madrid",€299.000,,,,,,,,,,,,,,,,,,,,,,,
,,,,"Dúplex en calle de Calatrava, Palacio, Madrid",€169.000,,,,,,,,,,,,,,,,,,,,,,,
,,,,"Dúplex en calle de Canarias, 25, Palos de la Frontera, Madrid",€320.000,,,,,,,,,,,,,,,,,,,,,,,
,,,,"Dúplex en calle de Cardenal Mendoza, Puerta del Ángel, Madrid",€540.000,,,,,,,,,,,,,,,,,,,,,,,
,,,,"Dúplex en calle de Carretas, Sol, Madrid",€980.000,,,,,,,,,,,,,,,,,,,,,,,
,,,,"Dúplex en calle de Cronos, Simancas, Madrid",€370.000,,,,,,,,,,,,,,,,,,,,,,,
,,,,"Dúplex en calle de Eloy Gonzalo, Trafalgar, Madrid",€369.000,,,,,,,,,,,,,,,,,,,,,,,
,,,,"Dúplex en calle de Galileo, 8, Arapiles, Madrid",€860.000,,,,,,,,,,,,,,,,,,,,,,,
,,,,"Dúplex en calle de Galileo, Arapiles, Madrid",€269.500,,,,,,,,,,,,,,,,,,,,,,,
,,,,"Dúplex en calle de García de Paredes, 9, Trafalgar, Madrid",€458.000,,,,,,,,,,,,,,,,,,,,,,,
,,,,"Dúplex en calle de Goya, 19, Recoletos, Madrid",€1.349.000,,,,,,,,,,,,,,,,,,,,,,,
,,,,"Dúplex en calle de Goya, Recoletos, Madrid",€8.094.000,,,,,,,,,,,,,,,,,,,,,,,
,,,,"Dúplex en calle de Hermosilla, Fuente del Berro, Madrid",€550.000,,,,,,,,,,,,,,,,,,,,,,,
,,,,"Dúplex en calle de Hortaleza, 23, Chueca-Justicia, Madrid",€290.000,,,,,,,,,,,,,,,,,,,,,,,
,,,,"Dúplex en calle de la Ribera de Curtidores, Lavapiés-Embajadores, Madrid",€190.000,,,,,,,,,,,,,,,,,,,,,,,
,,,,"Dúplex en calle de Lope de Vega, Huertas-Cortes, Madrid",€1.300.000,,,,,,,,,,,,,,,,,,,,,,,
,,,,"Dúplex en calle de Maudes, Nuevos Ministerios-Ríos Rosas, Madrid",€360.000,,,,,,,,,,,,,,,,,,,,,,,
,,,,"Dúplex en calle de Oviedo, Cuatro Caminos, Madrid",€159.900,,,,,,,,,,,,,,,,,,,,,,,
,,,,"Dúplex en calle de Pizarro, 6, Malasaña-Universidad, Madrid",€199.000,,,,,,,,,,,,,,,,,,,,,,,
,,,,"Dúplex en calle de Pizarro, Malasaña-Universidad, Madrid",€455.000,,,,,,,,,,,,,,,,,,,,,,,
,,,,"Dúplex en calle de Ponzano, Nuevos Ministerios-Ríos Rosas, Madrid",€235.000,,,,,,,,,,,,,,,,,,,,,,,
,,,,"Dúplex en calle de San Vicente Ferrer, Malasaña-Universidad, Madrid",€298.000,,,,,,,,,,,,,,,,,,,,,,,
,,,,"Dúplex en calle de Santa Engracia, Trafalgar, Madrid",€469.000,,,,,,,,,,,,,,,,,,,,,,,
,,,,"Dúplex en calle de Santa María, Huertas-Cortes, Madrid",€620.000,,,,,,,,,,,,,,,,,,,,,,,
,,,,"Dúplex en calle de Segovia, Imperial, Madrid",€215.000,,,,,,,,,,,,,,,,,,,,,,,
,,,,"Dúplex en calle de Tablada, Berruguete, Madrid",€232.000,,,,,,,,,,,,,,,,,,,,,,,
,,,,"Dúplex en calle de Velarde, Malasaña-Universidad, Madrid",€799.900,,,,,,,,,,,,,,,,,,,,,,,
,,,,"Dúplex en calle de Vergara, 10, Palacio, Madrid",€1.144.000,,,,,,,,,,,,,,,,,,,,,,,
,,,,"Dúplex en calle de Vergara, Palacio, Madrid",€2.288.000,,,,,,,,,,,,,,,,,,,,,,,
,,,,"Dúplex en calle del Amor de Dios, 13, Huertas-Cortes, Madrid",€325.000,,,,,,,,,,,,,,,,,,,,,,,
,,,,"Dúplex en calle del Amor de Dios, Huertas-Cortes, Madrid",€1.940.000,,,,,,,,,,,,,,,,,,,,,,,
,,,,"Dúplex en calle del Oso, Lavapiés-Embajadores, Madrid",€240.000,,,,,,,,,,,,,,,,,,,,,,,
,,,,"Dúplex en calle Tenerife, 4, Bellas Vistas, Madrid",€395.000,,,,,,,,,,,,,,,,,,,,,,,
,,,,"Dúplex en calle Válgame Dios, Chueca-Justicia, Madrid",€1.260.000,,,,,,,,,,,,,,,,,,,,,,,
,,,,"Dúplex en Ciudad Universitaria, Madrid",€810.000,,,,,,,,,,,,,,,,,,,,,,,
,,,,"Dúplex en Cuzco-Castillejos, Madrid",€370.000,,,,,,,,,,,,,,,,,,,,,,,
,,,,"Dúplex en Lavapiés-Embajadores, Madrid",€550.000,,,,,,,,,,,,,,,,,,,,,,,
,,,,"Dúplex en Numancia, Madrid",€320.000,,,,,,,,,,,,,,,,,,,,,,,
,,,,"Dúplex en plaza de Chueca, 2, Chueca-Justicia, Madrid",€400.000,,,,,,,,,,,,,,,,,,,,,,,
,,,,"Dúplex en Recoletos, Madrid",€1.349.000,,,,,,,,,,,,,,,,,,,,,,,
,,,,"Dúplex en Sol, Madrid",€980.000,,,,,,,,,,,,,,,,,,,,,,,
,,,,"Piso en Acacias, Madrid",€430.000,,,,,,,,,,,,,,,,,,,,,,,
,,,,"Piso en Academia, Jerónimos, Madrid",€1.200.000,,,,,,,,,,,,,,,,,,,,,,,
,,,,"Piso en Adelfas, Madrid",€695.000,,,,,,,,,,,,,,,,,,,,,,,
,,,,"Piso en Algaba, 28, San Isidro, Madrid",€340.000,,,,,,,,,,,,,,,,,,,,,,,
,,,,"Piso en Almagro, Madrid",€4.957.000,,,,,,,,,,,,,,,,,,,,,,,
,,,,"Piso en Antonio Pérez, 24, El Viso, Madrid",€1.780.000,,,,,,,,,,,,,,,,,,,,,,,
,,,,"Piso en Atocha, 74, Lavapiés-Embajadores, Madrid",€299.000,,,,,,,,,,,,,,,,,,,,,,,
,,,,"Piso en avenida de América, Prosperidad, Madrid",€540.000,,,,,,,,,,,,,,,,,,,,,,,
,,,,"Piso en avenida de Carabanchel Alto, Buena Vista, Madrid",€189.000,,,,,,,,,,,,,,,,,,,,,,,
,,,,"Piso en avenida de Córdoba, Almendrales, Madrid",€196.050,,,,,,,,,,,,,,,,,,,,,,,
,,,,"Piso en avenida de la Aviación, Águilas, Madrid",€195.000,,,,,,,,,,,,,,,,,,,,,,,
,,,,"Piso en avenida de la Ciudad de Barcelona, Pacífico, Madrid",€345.000,,,,,,,,,,,,,,,,,,,,,,,
,,,,"Piso en avenida de la Gran Vía del Sureste, Ensanche de Vallecas - La Gavia, Madrid",€475.000,,,,,,,,,,,,,,,,,,,,,,,
,,,,"Piso en avenida de la Reina Victoria, 44, Ciudad Universitaria, Madrid",€540.000,,,,,,,,,,,,,,,,,,,,,,,
,,,,"Piso en avenida de los Fueros, 1 c, San Fermín, Madrid",€160.000,,,,,,,,,,,,,,,,,,,,,,,
,,,,"Piso en avenida de los Madroños, Conde Orgaz-Piovera, Madrid",€2.500.000,,,,,,,,,,,,,,,,,,,,,,,
,,,,"Piso en avenida de los toreros, 22, Guindalera, Madrid",€460.000,,,,,,,,,,,,,,,,,,,,,,,
,,,,"Piso en avenida de Menéndez Pelayo, 109, Pacífico, Madrid",€384.000,,,,,,,,,,,,,,,,,,,,,,,
,,,,"Piso en avenida de Menéndez Pelayo, 119, Niño Jesús, Madrid",€260.000,,,,,,,,,,,,,,,,,,,,,,,
,,,,"Piso en avenida de Menéndez Pelayo, Ibiza, Madrid",€500.000,,,,,,,,,,,,,,,,,,,,,,,
,,,,"Piso en avenida de Menéndez Pelayo, Niño Jesús, Madrid",€1.059.000,,,,,,,,,,,,,,,,,,,,,,,
,,,,"Piso en avenida de Menéndez Pelayo, Pacífico, Madrid",€260.000,,,,,,,,,,,,,,,,,,,,,,,
,,,,"Piso en avenida de Pablo Iglesias, Vallehermoso, Madrid",€730.000,,,,,,,,,,,,,,,,,,,,,,,
,,,,"Piso en avenida de Ramón y Cajal, Bernabéu-Hispanoamérica, Madrid",€899.410,,,,,,,,,,,,,,,,,,,,,,,
,,,,"Piso en avenida del cerro milano, 141, Ensanche de Vallecas - La Gavia, Madrid",€220.000,,,,,,,,,,,,,,,,,,,,,,,
,,,,"Piso en avenida del Doctor Federico Rubio y Galí, Bellas Vistas, Madrid",€2.074.733,,,,,,,,,,,,,,,,,,,,,,,
,,,,"Piso en avenida del Manzanares, Comillas, Madrid",€700.000,,,,,,,,,,,,,,,,,,,,,,,
,,,,"Piso en avenida del Manzanares, Los Cármenes, Madrid",€449.000,,,,,,,,,,,,,,,,,,,,,,,
,,,,"Piso en avenida del Manzanares, Moscardó, Madrid",€539.000,,,,,,,,,,,,,,,,,,,,,,,
,,,,"Piso en avenida del Mediterráneo, Pacífico, Madrid",€565.000,,,,,,,,,,,,,,,,,,,,,,,
,,,,"Piso en avenida Provisional Ahijones Nueve, 90, Los Ahijones, Madrid",€659.000,,,,,,,,,,,,,,,,,,,,,,,
,,,,"Piso en Bellas Vistas, Madrid",€679.000,,,,,,,,,,,,,,,,,,,,,,,
,,,,"Piso en Buena Vista, Madrid",€159.000,,,,,,,,,,,,,,,,,,,,,,,
,,,,"Piso en calle Adora, 10, San Fermín, Madrid",€140.000,,,,,,,,,,,,,,,,,,,,,,,
,,,,"Piso en calle Adrián Pulido, Bellas Vistas, Madrid",€202.000,,,,,,,,,,,,,,,,,,,,,,,
,,,,"Piso en calle Algeciras, Palacio, Madrid",€645.000,,,,,,,,,,,,,,,,,,,,,,,
,,,,"Piso en calle Amanecer, Puerta Bonita, Madrid",€250.000,,,,,,,,,,,,,,,,,,,,,,,
,,,,"Piso en calle Andrés Torrejón, Pacífico, Madrid",€450.000,,,,,,,,,,,,,,,,,,,,,,,
,,,,"Piso en calle Andrómeda, Aravaca, Madrid",€169.000,,,,,,,,,,,,,,,,,,,,,,,
,,,,"Piso en calle Arriaza, 8, Argüelles, Madrid",€365.000,,,,,,,,,,,,,,,,,,,,,,,
,,,,"Piso en calle Baleares, Comillas, Madrid",€394.000,,,,,,,,,,,,,,,,,,,,,,,
,,,,"Piso en calle Batalla de Torrijos, 21, Vista Alegre, Madrid",€180.000,,,,,,,,,,,,,,,,,,,,,,,
,,,,"Piso en calle Casarabonela, San Fermín, Madrid",€148.500,,,,,,,,,,,,,,,,,,,,,,,
,,,,"Piso en calle Castro de Oro, 11, Opañel, Madrid",€220.000,,,,,,,,,,,,,,,,,,,,,,,
,,,,"Piso en calle Clara Campoamor, 49, Puerta Bonita, Madrid",€106.600,,,,,,,,,,,,,,,,,,,,,,,
,,,,"Piso en calle de Abtao, 22, Pacífico, Madrid",€839.800,,,,,,,,,,,,,,,,,,,,,,,
,,,,"Piso en calle de Abtao, Pacífico, Madrid",€1.550.000,,,,,,,,,,,,,,,,,,,,,,,
,,,,"Piso en calle de Agustín de Foxá, 18, Castilla, Madrid",€360.000,,,,,,,,,,,,,,,,,,,,,,,
,,,,"Piso en calle de Álava, Ventas, Madrid",€248.000,,,,,,,,,,,,,,,,,,,,,,,
,,,,"Piso en calle de Alberto Aguilera, Gaztambide, Madrid",€700.000,,,,,,,,,,,,,,,,,,,,,,,
,,,,"Piso en calle de Alberto Bosch, Jerónimos, Madrid",€2.379.000,,,,,,,,,,,,,,,,,,,,,,,
,,,,"Piso en calle de Albino Hernández Lázaro, 31, Villaverde Alto, Madrid",€287.000,,,,,,,,,,,,,,,,,,,,,,,
,,,,"Piso en calle de Alburquerque, Trafalgar, Madrid",€299.000,,,,,,,,,,,,,,,,,,,,,,,
,,,,"Piso en calle de Alcalá, Fuente del Berro, Madrid",€590.000,,,,,,,,,,,,,,,,,,,,,,,
,,,,"Piso en calle de Alcalá, Goya, Madrid",€820.000,,,,,,,,,,,,,,,,,,,,,,,
,,,,"Piso en calle de Alcántara, 23, Goya, Madrid",€359.000,,,,,,,,,,,,,,,,,,,,,,,
,,,,"Piso en calle de Alcántara, 33, Lista, Madrid",€1.049.000,,,,,,,,,,,,,,,,,,,,,,,
,,,,"Piso en calle de Alcántara, 57, Lista, Madrid",€830.000,,,,,,,,,,,,,,,,,,,,,,,
,,,,"Piso en calle de Alcántara, s/n, Lista, Madrid",€1.080.000,,,,,,,,,,,,,,,,,,,,,,,
,,,,"Piso en calle de Aldea del Fresno, Chopera, Madrid",€290.000,,,,,,,,,,,,,,,,,,,,,,,
,,,,"Piso en calle de Alejandro Sánchez, Opañel, Madrid",€292.000,,,,,,,,,,,,,,,,,,,,,,,
,,,,"Piso en calle de Alenza, Nuevos Ministerios-Ríos Rosas, Madrid",€1.060.000,,,,,,,,,,,,,,,,,,,,,,,
,,,,"Piso en calle de Alfonso XIII, Numancia, Madrid",€158.000,,,,,,,,,,,,,,,,,,,,,,,
,,,,"Piso en calle de Almansa, Bellas Vistas, Madrid",€197.000,,,,,,,,,,,,,,,,,,,,,,,
,,,,"Piso en calle de Alonso Cano, 65, Nuevos Ministerios-Ríos Rosas, Madrid",€315.000,,,,,,,,,,,,,,,,,,,,,,,
,,,,"Piso en calle de Alonso Cano, Nuevos Ministerios-Ríos Rosas, Madrid",€615.000,,,,,,,,,,,,,,,,,,,,,,,
,,,,"Piso en calle de Altamirano, 10, Argüelles, Madrid",€330.000,,,,,,,,,,,,,,,,,,,,,,,
,,,,"Piso en calle de Alvarado, 17, Bellas Vistas, Madrid",€169.000,,,,,,,,,,,,,,,,,,,,,,,
,,,,"Piso en calle de Alvarado, Bellas Vistas, Madrid",€507.000,,,,,,,,,,,,,,,,,,,,,,,
,,,,"Piso en calle de Anastasio Herrero, Cuatro Caminos, Madrid",€425.000,,,,,,,,,,,,,,,,,,,,,,,
,,,,"Piso en calle de Andrés Borrego, Malasaña-Universidad, Madrid",€399.000,,,,,,,,,,,,,,,,,,,,,,,
,,,,"Piso en calle de Andrés Mellado, 106, Vallehermoso, Madrid",€1.075.000,,,,,,,,,,,,,,,,,,,,,,,
,,,,"Piso en calle de Andrés Mellado, Gaztambide, Madrid",€550.000,,,,,,,,,,,,,,,,,,,,,,,
,,,,"Piso en calle de Antequera, San Fermín, Madrid",€312.000,,,,,,,,,,,,,,,,,,,,,,,
,,,,"Piso en calle de Antonio Acuña, Ibiza, Madrid",€425.000,,,,,,,,,,,,,,,,,,,,,,,
,,,,"Piso en calle de Antonio Arias, 4, Ibiza, Madrid",€720.000,,,,,,,,,,,,,,,,,,,,,,,
,,,,"Piso en calle de Antonio Arias, Ibiza, Madrid",€380.000,,,,,,,,,,,,,,,,,,,,,,,
,,,,"Piso en calle de Antonio López, 139, Moscardó, Madrid",€305.000,,,,,,,,,,,,,,,,,,,,,,,
,,,,"Piso en calle de Antonio Pérez, 6, El Viso, Madrid",€320.000,,,,,,,,,,,,,,,,,,,,,,,
,,,,"Piso en calle de Antonio Toledano, Fuente del Berro, Madrid",€375.000,,,,,,,,,,,,,,,,,,,,,,,
,,,,"Piso en Calle de Aragón, Ciudad Jardín, Madrid",€350.000,,,,,,,,,,,,,,,,,,,,,,,
,,,,"Piso en calle de Arganzuela, Lavapiés-Embajadores, Madrid",€389.000,,,,,,,,,,,,,,,,,,,,,,,
,,,,"Piso en calle de Argensola, Chueca-Justicia, Madrid",€3.470.000,,,,,,,,,,,,,,,,,,,,,,,
,,,,"Piso en calle de Argumosa, 15, Lavapiés-Embajadores, Madrid",€300.000,,,,,,,,,,,,,,,,,,,,,,,
,,,,"Piso en calle de Arregui y Aruej, Adelfas, Madrid",€189.990,,,,,,,,,,,,,,,,,,,,,,,
,,,,"Piso en calle de Arriaza, 14, Argüelles, Madrid",€350.000,,,,,,,,,,,,,,,,,,,,,,,
,,,,"Piso en calle de Arriaza, Argüelles, Madrid",€281.000,,,,,,,,,,,,,,,,,,,,,,,
,,,,"Piso en calle de Arrieta, Palacio, Madrid",€815.000,,,,,,,,,,,,,,,,,,,,,,,
,,,,"Piso en calle de Atocha, Huertas-Cortes, Madrid",€460.000,,,,,,,,,,,,,,,,,,,,,,,
,,,,"Piso en calle de Augusto Figueroa, Chueca-Justicia, Madrid",€1.049.000,,,,,,,,,,,,,,,,,,,,,,,
,,,,"Piso en calle de Ayala, 43, Recoletos, Madrid",€1.799.998,,,,,,,,,,,,,,,,,,,,,,,
,,,,"Piso en calle de Ayala, 74, Goya, Madrid",€695.000,,,,,,,,,,,,,,,,,,,,,,,
,,,,"Piso en calle de Ayala, 81, Goya, Madrid",€298.000,,,,,,,,,,,,,,,,,,,,,,,
,,,,"Piso en calle de Ayala, Goya, Madrid",€1.958.000,,,,,,,,,,,,,,,,,,,,,,,
,,,,"Piso en calle de Ayala, Recoletos, Madrid",€2.884.999,,,,,,,,,,,,,,,,,,,,,,,
,,,,"Piso en calle de Bailén, Palacio, Madrid",€570.000,,,,,,,,,,,,,,,,,,,,,,,
,,,,"Piso en calle de Barbieri, Chueca-Justicia, Madrid",€1.830.000,,,,,,,,,,,,,,,,,,,,,,,
,,,,"Piso en calle de Belén, Chueca-Justicia, Madrid",€580.000,,,,,,,,,,,,,,,,,,,,,,,
,,,,"Piso en calle de Belzunegui, Puerta Bonita, Madrid",€139.000,,,,,,,,,,,,,,,,,,,,,,,
,,,,"Piso en calle de Benita López, Los Rosales, Madrid",€140.000,,,,,,,,,,,,,,,,,,,,,,,
,,,,"Piso en calle de Benito Gutiérrez, Argüelles, Madrid",€950.000,,,,,,,,,,,,,,,,,,,,,,,
,,,,"Piso en calle de Blasco de Garay, 21, Gaztambide, Madrid",€540.000,,,,,,,,,,,,,,,,,,,,,,,
,,,,"Piso en calle de Blasco de Garay, 84, Arapiles, Madrid",€650.000,,,,,,,,,,,,,,,,,,,,,,,
,,,,"Piso en calle de Blasco de Garay, Arapiles, Madrid",€350.000,,,,,,,,,,,,,,,,,,,,,,,
,,,,"Piso en calle de Boltaña, Canillejas, Madrid",€250.000,,,,,,,,,,,,,,,,,,,,,,,
,,,,"Piso en calle de Bravo Murillo, Arapiles, Madrid",€360.000,,,,,,,,,,,,,,,,,,,,,,,
,,,,"Piso en calle de Bravo Murillo, Bellas Vistas, Madrid",€649.000,,,,,,,,,,,,,,,,,,,,,,,
,,,,"Piso en calle de Bravo Murillo, Berruguete, Madrid",€169.000,,,,,,,,,,,,,,,,,,,,,,,
,,,,"Piso en calle de Bravo Murillo, Cuatro Caminos, Madrid",€545.000,,,,,,,,,,,,,,,,,,,,,,,
,,,,"Piso en calle de Bravo Murillo, Cuzco-Castillejos, Madrid",€399.000,,,,,,,,,,,,,,,,,,,,,,,
,,,,"Piso en calle de Bravo Murillo, Valdeacederas, Madrid",€425.000,,,,,,,,,,,,,,,,,,,,,,,
,,,,"Piso en calle de Bretón de los Herreros, Nuevos Ministerios-Ríos Rosas, Madrid",€1.286.000,,,,,,,,,,,,,,,,,,,,,,,
,,,,"Piso en calle de Buenavista, Lavapiés-Embajadores, Madrid",€325.900,,,,,,,,,,,,,,,,,,,,,,,
,,,,"Piso en calle de Cáceres, Delicias, Madrid",€570.000,,,,,,,,,,,,,,,,,,,,,,,
,,,,"Piso en calle de Calatrava, 9, Palacio, Madrid",€225.000,,,,,,,,,,,,,,,,,,,,,,,
,,,,"Piso en calle de Calatrava, Palacio, Madrid",€487.000,,,,,,,,,,,,,,,,,,,,,,,
,,,,"Piso en calle de Camarena, Aluche, Madrid",€198.700,,,,,,,,,,,,,,,,,,,,,,,
,,,,"Piso en calle de Canarias, 23, Palos de la Frontera, Madrid",€220.000,,,,,,,,,,,,,,,,,,,,,,,
,,,,"Piso en calle de Canarias, Palos de la Frontera, Madrid",€555.000,,,,,,,,,,,,,,,,,,,,,,,
,,,,"Piso en calle de Carabelos, 41, San Fermín, Madrid",€192.000,,,,,,,,,,,,,,,,,,,,,,,
,,,,"Piso en calle de Caramuel, Puerta del Ángel, Madrid",€124.000,,,,,,,,,,,,,,,,,,,,,,,
,,,,"Piso en calle de Carlos Arniches, Lavapiés-Embajadores, Madrid",€444.000,,,,,,,,,,,,,,,,,,,,,,,
,,,,"Piso en calle de Carlos y Guillermo Fernández Shaw, 1, Adelfas, Madrid",€720.000,,,,,,,,,,,,,,,,,,,,,,,
,,,,"Piso en calle de carranza, 4, Trafalgar, Madrid",€356.000,,,,,,,,,,,,,,,,,,,,,,,
,,,,"Piso en calle de Carranza, Trafalgar, Madrid",€685.000,,,,,,,,,,,,,,,,,,,,,,,
,,,,"Piso en calle de Carretas, Sol, Madrid",€980.000,,,,,,,,,,,,,,,,,,,,,,,
,,,,"Piso en calle de Cartagena, Prosperidad, Madrid",€349.000,,,,,,,,,,,,,,,,,,,,,,,
,,,,"Piso en calle de Carvajales, Acacias, Madrid",€820.000,,,,,,,,,,,,,,,,,,,,,,,
,,,,"Piso en calle de Castelló, 116, Castellana, Madrid",€1.438.000,,,,,,,,,,,,,,,,,,,,,,,
,,,,"Piso en calle de Castelló, 84, Castellana, Madrid",€1.495.000,,,,,,,,,,,,,,,,,,,,,,,
,,,,"Piso en calle de Castelló, Castellana, Madrid",€20.793.000,,,,,,,,,,,,,,,,,,,,,,,
,,,,"Piso en calle de Castelló, Recoletos, Madrid",€1.490.000,,,,,,,,,,,,,,,,,,,,,,,
,,,,"Piso en calle de Castelló, s/n, Castellana, Madrid",€1.418.000,,,,,,,,,,,,,,,,,,,,,,,
,,,,"Piso en calle de Catalina Suárez, 6, Adelfas, Madrid",€282.500,,,,,,,,,,,,,,,,,,,,,,,
,,,,"Piso en calle de Cea Bermúdez, 66, Vallehermoso, Madrid",€788.000,,,,,,,,,,,,,,,,,,,,,,,
,,,,"Piso en calle de Centenera, Pueblo Nuevo, Madrid",€85.000,,,,,,,,,,,,,,,,,,,,,,,
,,,,"Piso en calle de Ceuta, Valdeacederas, Madrid",€349.000,,,,,,,,,,,,,,,,,,,,,,,
,,,,"Piso en calle de Cipriano Sancho, Ventas, Madrid",€181.000,,,,,,,,,,,,,,,,,,,,,,,
,,,,"Piso en calle de Ciudad Real, Delicias, Madrid",€519.000,,,,,,,,,,,,,,,,,,,,,,,
,,,,"Piso en calle de Clara del Rey, Prosperidad, Madrid",€1.535.000,,,,,,,,,,,,,,,,,,,,,,,
,,,,"Piso en calle de Claudio Coello, 88, Castellana, Madrid",€1.359.000,,,,,,,,,,,,,,,,,,,,,,,
,,,,"Piso en calle de Claudio Coello, Castellana, Madrid",€5.436.000,,,,,,,,,,,,,,,,,,,,,,,
,,,,"Piso en calle de Claudio Coello, Recoletos, Madrid",€3.689.000,,,,,,,,,,,,,,,,,,,,,,,
,,,,"Piso en calle de Cocheros, Pradolongo, Madrid",€113.000,,,,,,,,,,,,,,,,,,,,,,,
,,,,"Piso en calle de Colón, Malasaña-Universidad, Madrid",€629.000,,,,,,,,,,,,,,,,,,,,,,,
,,,,"Piso en calle de Coslada, 10, Guindalera, Madrid",€650.000,,,,,,,,,,,,,,,,,,,,,,,
,,,,"Piso en calle de Costa Rica, 2, Bernabéu-Hispanoamérica, Madrid",€575.000,,,,,,,,,,,,,,,,,,,,,,,
,,,,"Piso en calle de Covarrubias, Trafalgar, Madrid",€520.000,,,,,,,,,,,,,,,,,,,,,,,
,,,,"Piso en calle de Diego de León, 29, Castellana, Madrid",€770.000,,,,,,,,,,,,,,,,,,,,,,,
,,,,"Piso en calle de Diego de León, Castellana, Madrid",€4.176.000,,,,,,,,,,,,,,,,,,,,,,,
,,,,"Piso en calle de Diego de León, Lista, Madrid",€11.745.000,,,,,,,,,,,,,,,,,,,,,,,
,,,,"Piso en calle de Don Felipe, Malasaña-Universidad, Madrid",€545.000,,,,,,,,,,,,,,,,,,,,,,,
,,,,"Piso en calle de Don Ramón de la Cruz, 38, Recoletos, Madrid",€2.550.000,,,,,,,,,,,,,,,,,,,,,,,
,,,,"Piso en calle de Don Ramón de la Cruz, 90, Goya, Madrid",€750.000,,,,,,,,,,,,,,,,,,,,,,,
,,,,"Piso en calle de Don Ramón de la Cruz, 94, Goya, Madrid",€598.000,,,,,,,,,,,,,,,,,,,,,,,
,,,,"Piso en calle de Don Ramón de la Cruz, 97, Lista, Madrid",€600.000,,,,,,,,,,,,,,,,,,,,,,,
,,,,"Piso en calle de Don Ramón de la Cruz, Goya, Madrid",€1.129.000,,,,,,,,,,,,,,,,,,,,,,,
,,,,"Piso en calle de Don Ramón de la Cruz, Lista, Madrid",€390.000,,,,,,,,,,,,,,,,,,,,,,,
,,,,"Piso en calle de Donoso Cortés, Arapiles, Madrid",€330.000,,,,,,,,,,,,,,,,,,,,,,,
,,,,"Piso en calle de Dulcinea, 42, Cuatro Caminos, Madrid",€595.000,,,,,,,,,,,,,,,,,,,,,,,
,,,,"Piso en calle de Echegaray, Huertas-Cortes, Madrid",€730.000,,,,,,,,,,,,,,,,,,,,,,,
,,,,"Piso en calle de Edgar Neville, 3, Cuatro Caminos, Madrid",€435.000,,,,,,,,,,,,,,,,,,,,,,,
,,,,"Piso en calle de Edgar Neville, Cuatro Caminos, Madrid",€1.925.000,,,,,,,,,,,,,,,,,,,,,,,
,,,,"Piso en calle de Eguilaz, Trafalgar, Madrid",€330.000,,,,,,,,,,,,,,,,,,,,,,,
,,,,"Piso en calle de El Españoleto, Almagro, Madrid",€1.350.000,,,,,,,,,,,,,,,,,,,,,,,
,,,,"Piso en calle de Eloy Gonzalo, Trafalgar, Madrid",€369.000,,,,,,,,,,,,,,,,,,,,,,,
,,,,"Piso en calle de Embajadores, 154, Chopera, Madrid",€190.000,,,,,,,,,,,,,,,,,,,,,,,
,,,,"Piso en calle de Embajadores, 159, Delicias, Madrid",€800.000,,,,,,,,,,,,,,,,,,,,,,,
,,,,"Piso en calle de Embajadores, 96, Acacias, Madrid",€215.000,,,,,,,,,,,,,,,,,,,,,,,
,,,,"Piso en calle de Embajadores, Lavapiés-Embajadores, Madrid",€497.000,,,,,,,,,,,,,,,,,,,,,,,
,,,,"Piso en calle de Emilio Carrere, Arapiles, Madrid",€1.289.000,,,,,,,,,,,,,,,,,,,,,,,
,,,,"Piso en calle de Ercilla, Acacias, Madrid",€925.000,,,,,,,,,,,,,,,,,,,,,,,
,,,,"Piso en calle de Esparteros, Sol, Madrid",€850.000,,,,,,,,,,,,,,,,,,,,,,,
,,,,"Piso en calle de Espronceda, Nuevos Ministerios-Ríos Rosas, Madrid",€955.000,,,,,,,,,,,,,,,,,,,,,,,
,,,,"Piso en calle de Esteban Carros, 59, Entrevías, Madrid",€196.000,,,,,,,,,,,,,,,,,,,,,,,
,,,,"Piso en calle de Eugenia de Montijo, Vista Alegre, Madrid",€135.000,,,,,,,,,,,,,,,,,,,,,,,
,,,,"Piso en calle de Feijóo, Trafalgar, Madrid",€289.400,,,,,,,,,,,,,,,,,,,,,,,
,,,,"Piso en calle de Felipe Álvarez, 18, Casco Histórico de Vallecas, Madrid",€178.000,,,,,,,,,,,,,,,,,,,,,,,
,,,,"Piso en calle de Felipe Campos, El Viso, Madrid",€429.000,,,,,,,,,,,,,,,,,,,,,,,
,,,,"Piso en calle de Fernán González, 37, Ibiza, Madrid",€745.000,,,,,,,,,,,,,,,,,,,,,,,
,,,,"Piso en calle de Fernán González, 54, Ibiza, Madrid",€650.000,,,,,,,,,,,,,,,,,,,,,,,
,,,,"Piso en calle de Fernán González, Ibiza, Madrid",€6.499.000,,,,,,,,,,,,,,,,,,,,,,,
,,,,"Piso en calle de Fernández Caro, Concepción, Madrid",€145.000,,,,,,,,,,,,,,,,,,,,,,,
,,,,"Piso en calle de Fernández de la Hoz, 57, Nuevos Ministerios-Ríos Rosas, Madrid",€439.000,,,,,,,,,,,,,,,,,,,,,,,
,,,,"Piso en calle de Fernández de la Hoz, Almagro, Madrid",€2.540.000,,,,,,,,,,,,,,,,,,,,,,,
,,,,"Piso en calle de Fernández de los Ríos, Arapiles, Madrid",€720.000,,,,,,,,,,,,,,,,,,,,,,,
,,,,"Piso en calle de Fernández de los Ríos, Gaztambide, Madrid",€278.000,,,,,,,,,,,,,,,,,,,,,,,
,,,,"Piso en calle de Fernando el Católico, 44, Gaztambide, Madrid",€435.000,,,,,,,,,,,,,,,,,,,,,,,
,,,,"Piso en calle de Ferraz, 34, Argüelles, Madrid",€370.000,,,,,,,,,,,,,,,,,,,,,,,
,,,,"Piso en calle de Ferraz, Argüelles, Madrid",€605.000,,,,,,,,,,,,,,,,,,,,,,,
,,,,"Piso en calle de Ferraz, s/n, Argüelles, Madrid",€525.000,,,,,,,,,,,,,,,,,,,,,,,
,,,,"Piso en calle de Ferrer del Río, Guindalera, Madrid",€356.000,,,,,,,,,,,,,,,,,,,,,,,
,,,,"Piso en calle de Ferroviarios, Almendrales, Madrid",€780.000,,,,,,,,,,,,,,,,,,,,,,,
,,,,"Piso en calle de Fomento, Palacio, Madrid",€240.000,,,,,,,,,,,,,,,,,,,,,,,
,,,,"Piso en calle de Francisco Navacerrada, Guindalera, Madrid",€179.000,,,,,,,,,,,,,,,,,,,,,,,
,,,,"Piso en calle de Francisco Paíno, 10, Abrantes, Madrid",€119.500,,,,,,,,,,,,,,,,,,,,,,,
,,,,"Piso en calle de Francisco Silvela, 5, Lista, Madrid",€750.000,,,,,,,,,,,,,,,,,,,,,,,
,,,,"Piso en calle de Francisco Silvela, Guindalera, Madrid",€205.000,,,,,,,,,,,,,,,,,,,,,,,
,,,,"Piso en calle de Fray Ceferino González, Lavapiés-Embajadores, Madrid",€200.000,,,,,,,,,,,,,,,,,,,,,,,
,,,,"Piso en calle de Fuencarral, 93, Malasaña-Universidad, Madrid",€374.000,,,,,,,,,,,,,,,,,,,,,,,
,,,,"Piso en calle de Fuencarral, Chueca-Justicia, Madrid",€1.875.000,,,,,,,,,,,,,,,,,,,,,,,
,,,,"Piso en calle de Galileo, Arapiles, Madrid",€1.178.000,,,,,,,,,,,,,,,,,,,,,,,
,,,,"Piso en calle de García de Paredes, Almagro, Madrid",€230.000,,,,,,,,,,,,,,,,,,,,,,,
,,,,"Piso en calle de Gómez de Avellaneda, Pueblo Nuevo, Madrid",€200.000,,,,,,,,,,,,,,,,,,,,,,,
,,,,"Piso en calle de González Sola, Ventilla-Almenara, Madrid",€180.000,,,,,,,,,,,,,,,,,,,,,,,
,,,,"Piso en calle de Goya, 116, Goya, Madrid",€348.000,,,,,,,,,,,,,,,,,,,,,,,
,,,,"Piso en calle de Goya, 19, Recoletos, Madrid",€1.349.000,,,,,,,,,,,,,,,,,,,,,,,
,,,,"Piso en calle de Goya, 38, Recoletos, Madrid",€1.140.000,,,,,,,,,,,,,,,,,,,,,,,
,,,,"Piso en calle de Goya, Goya, Madrid",€1.760.000,,,,,,,,,,,,,,,,,,,,,,,
,,,,"Piso en calle de Goya, Recoletos, Madrid",€10.993.000,,,,,,,,,,,,,,,,,,,,,,,
,,,,"Piso en calle de Gravina, Chueca-Justicia, Madrid",€1.900.000,,,,,,,,,,,,,,,,,,,,,,,
,,,,"Piso en calle de Guatemala, 5, Nueva España, Madrid",€590.000,,,,,,,,,,,,,,,,,,,,,,,
,,,,"Piso en calle de Guzmán el Bueno, 117, Vallehermoso, Madrid",€1.200.000,,,,,,,,,,,,,,,,,,,,,,,
,,,,"Piso en calle de Guzmán el Bueno, 24, Gaztambide, Madrid",€475.000,,,,,,,,,,,,,,,,,,,,,,,
,,,,"Piso en calle de Guzmán el Bueno, 33, Gaztambide, Madrid",€695.000,,,,,,,,,,,,,,,,,,,,,,,
,,,,"Piso en calle de Guzmán el Bueno, 41, Gaztambide, Madrid",€700.000,,,,,,,,,,,,,,,,,,,,,,,
,,,,"Piso en calle de Guzmán el Bueno, 48, Gaztambide, Madrid",€340.000,,,,,,,,,,,,,,,,,,,,,,,
,,,,"Piso en calle de Guzmán el Bueno, Vallehermoso, Madrid",€1.200.000,,,,,,,,,,,,,,,,,,,,,,,
,,,,"Piso en calle de Hartzenbusch, 7, Trafalgar, Madrid",€250.000,,,,,,,,,,,,,,,,,,,,,,,
,,,,"Piso en calle de Hartzenbusch, Trafalgar, Madrid",€315.000,,,,,,,,,,,,,,,,,,,,,,,
,,,,"Piso en calle de Hermosilla, 121, Goya, Madrid",€1.299.000,,,,,,,,,,,,,,,,,,,,,,,
,,,,"Piso en calle de Hermosilla, 132, Fuente del Berro, Madrid",€384.900,,,,,,,,,,,,,,,,,,,,,,,
,,,,"Piso en calle de Hermosilla, Goya, Madrid",€3.218.000,,,,,,,,,,,,,,,,,,,,,,,
,,,,"Piso en calle de Hermosilla, Recoletos, Madrid",€750.000,,,,,,,,,,,,,,,,,,,,,,,
,,,,"Piso en calle de Hernán Cortés, 3, Chueca-Justicia, Madrid",€390.000,,,,,,,,,,,,,,,,,,,,,,,
,,,,"Piso en calle de Hernani, 58, Cuatro Caminos, Madrid",€330.000,,,,,,,,,,,,,,,,,,,,,,,
,,,,"Piso en calle de Hernani, Cuatro Caminos, Madrid",€260.000,,,,,,,,,,,,,,,,,,,,,,,
,,,,"Piso en calle de Higinio Rodríguez, Palomeras Bajas, Madrid",€229.000,,,,,,,,,,,,,,,,,,,,,,,
,,,,"Piso en calle de Hortaleza, Chueca-Justicia, Madrid",€320.000,,,,,,,,,,,,,,,,,,,,,,,
,,,,"Piso en calle de Huesa, 5, Entrevías, Madrid",€170.000,,,,,,,,,,,,,,,,,,,,,,,
,,,,"Piso en calle de Huesca, Cuzco-Castillejos, Madrid",€280.000,,,,,,,,,,,,,,,,,,,,,,,
,,,,"Piso en calle de Ibiza, 30, Ibiza, Madrid",€800.000,,,,,,,,,,,,,,,,,,,,,,,
,,,,"Piso en calle de Ibiza, Ibiza, Madrid",€2.899.000,,,,,,,,,,,,,,,,,,,,,,,
,,,,"Piso en calle de Ilustración, Argüelles, Madrid",€470.000,,,,,,,,,,,,,,,,,,,,,,,
,,,,"Piso en calle de Irún, Argüelles, Madrid",€733.000,,,,,,,,,,,,,,,,,,,,,,,
,,,,"Piso en calle de Isabel la Católica, 11, Palacio, Madrid",€880.000,,,,,,,,,,,,,,,,,,,,,,,
,,,,"Piso en calle de Isabel la Católica, Palacio, Madrid",€298.000,,,,,,,,,,,,,,,,,,,,,,,
,,,,"Piso en calle de Jacinto Verdaguer, Comillas, Madrid",€359.000,,,,,,,,,,,,,,,,,,,,,,,
,,,,"Piso en calle de Jaén, Cuatro Caminos, Madrid",€220.000,,,,,,,,,,,,,,,,,,,,,,,
,,,,"Piso en calle de Jaime el Conquistador, Chopera, Madrid",€842.990,,,,,,,,,,,,,,,,,,,,,,,
,,,,"Piso en calle de Jerónima Llorente, 19, Bellas Vistas, Madrid",€415.000,,,,,,,,,,,,,,,,,,,,,,,
,,,,"Piso en calle de Jerónima Llorente, Bellas Vistas, Madrid",€499.000,,,,,,,,,,,,,,,,,,,,,,,
,,,,"Piso en calle de Jesús del Valle, Malasaña-Universidad, Madrid",€899.000,,,,,,,,,,,,,,,,,,,,,,,
,,,,"Piso en calle de Jesús y María, Lavapiés-Embajadores, Madrid",€300.000,,,,,,,,,,,,,,,,,,,,,,,
,,,,"Piso en calle de Joaquín María López, 20, Arapiles, Madrid",€380.000,,,,,,,,,,,,,,,,,,,,,,,
,,,,"Piso en calle de Joaquín María López, 60, Gaztambide, Madrid",€870.000,,,,,,,,,,,,,,,,,,,,,,,
,,,,"Piso en calle de Joaquín María López, Arapiles, Madrid",€1.324.000,,,,,,,,,,,,,,,,,,,,,,,
,,,,"Piso en calle de Jorge Juan, 13, Recoletos, Madrid",€1.275.000,,,,,,,,,,,,,,,,,,,,,,,
,,,,"Piso en calle de Jorge Juan, 76, Goya, Madrid",€525.000,,,,,,,,,,,,,,,,,,,,,,,
,,,,"Piso en calle de Jorge Juan, Fuente del Berro, Madrid",€690.000,,,,,,,,,,,,,,,,,,,,,,,
,,,,"Piso en calle de Jorge Juan, Goya, Madrid",€3.894.000,,,,,,,,,,,,,,,,,,,,,,,
,,,,"Piso en calle de Jorge Juan, Recoletos, Madrid",€6.000.000,,,,,,,,,,,,,,,,,,,,,,,
,,,,"Piso en calle de José Abascal, Nuevos Ministerios-Ríos Rosas, Madrid",€650.000,,,,,,,,,,,,,,,,,,,,,,,
,,,,"Piso en calle de José María de Castro, Cuatro Caminos, Madrid",€320.000,,,,,,,,,,,,,,,,,,,,,,,
,,,,"Piso en calle de José Ortega y Gasset, 66, Lista, Madrid",€845.000,,,,,,,,,,,,,,,,,,,,,,,
,,,,"Piso en calle de José Ortega y Gasset, Castellana, Madrid",€3.447.000,,,,,,,,,,,,,,,,,,,,,,,
,,,,"Piso en calle de José Ortega y Gasset, Lista, Madrid",€5.895.000,,,,,,,,,,,,,,,,,,,,,,,
,,,,"Piso en calle de Juan Álvarez Mendizábal, 21, Argüelles, Madrid",€375.000,,,,,,,,,,,,,,,,,,,,,,,
,,,,"Piso en calle de Juan Álvarez Mendizábal, 76, Argüelles, Madrid",€670.000,,,,,,,,,,,,,,,,,,,,,,,
,,,,"Piso en calle de Juan Álvarez Mendizábal, Argüelles, Madrid",€299.000,,,,,,,,,,,,,,,,,,,,,,,
,,,,"Piso en calle de Juan de la Hoz, 3, Guindalera, Madrid",€443.000,,,,,,,,,,,,,,,,,,,,,,,
,,,,"Piso en calle de Juan Español, Moscardó, Madrid",€435.000,,,,,,,,,,,,,,,,,,,,,,,
,,,,"Piso en calle de Juan Hurtado de Mendoza, 5, Nueva España, Madrid",€475.000,,,,,,,,,,,,,,,,,,,,,,,
,,,,"Piso en calle de Juan Navarro, San Diego, Madrid",€154.000,,,,,,,,,,,,,,,,,,,,,,,
,,,,"Piso en calle de Juan Pradillo, 18, Bellas Vistas, Madrid",€670.000,,,,,,,,,,,,,,,,,,,,,,,
,,,,"Piso en calle de la Academia, Jerónimos, Madrid",€1.920.000,,,,,,,,,,,,,,,,,,,,,,,
,,,,"Piso en calle de la Anunciación, Niño Jesús, Madrid",€2.345.000,,,,,,,,,,,,,,,,,,,,,,,
,,,,"Piso en calle de la Ballesta, Malasaña-Universidad, Madrid",€3.003.000,,,,,,,,,,,,,,,,,,,,,,,
,,,,"Piso en calle de la Batalla del Salado, Delicias, Madrid",€220.000,,,,,,,,,,,,,,,,,,,,,,,
,,,,"Piso en calle de la Cava Baja, Palacio, Madrid",€570.000,,,,,,,,,,,,,,,,,,,,,,,
,,,,"Piso en calle de la Colegiata, Lavapiés-Embajadores, Madrid",€265.000,,,,,,,,,,,,,,,,,,,,,,,
,,,,"Piso en calle de la Constancia, 19, Prosperidad, Madrid",€395.000,,,,,,,,,,,,,,,,,,,,,,,
,,,,"Piso en calle de la Constancia, Prosperidad, Madrid",€223.000,,,,,,,,,,,,,,,,,,,,,,,
,,,,"Piso en calle de la Coruña, Cuatro Caminos, Madrid",€320.000,,,,,,,,,,,,,,,,,,,,,,,
,,,,"Piso en calle de la Cruz, 13, Huertas-Cortes, Madrid",€299.000,,,,,,,,,,,,,,,,,,,,,,,
,,,,"Piso en calle de la Cruz, Sol, Madrid",€739.000,,,,,,,,,,,,,,,,,,,,,,,
,,,,"Piso en calle de la Duquesa de Tamames, Buena Vista, Madrid",€173.000,,,,,,,,,,,,,,,,,,,,,,,
,,,,"Piso en calle de la Encomienda, Lavapiés-Embajadores, Madrid",€1.200.000,,,,,,,,,,,,,,,,,,,,,,,
,,,,"Piso en calle de la Esperanza, 10, Lavapiés-Embajadores, Madrid",€320.000,,,,,,,,,,,,,,,,,,,,,,,
,,,,"Piso en calle de la Esperanza, Lavapiés-Embajadores, Madrid",€188.209,,,,,,,,,,,,,,,,,,,,,,,
,,,,"Piso en calle de la Estrella, Malasaña-Universidad, Madrid",€635.000,,,,,,,,,,,,,,,,,,,,,,,
,,,,"Piso en calle de la Fuente del Berro, 13, Goya, Madrid",€1.589.000,,,,,,,,,,,,,,,,,,,,,,,
,,,,"Piso en calle de la Fuente del Berro, Goya, Madrid",€755.000,,,,,,,,,,,,,,,,,,,,,,,
,,,,"Piso en calle de la Gaviota, Vista Alegre, Madrid",€240.000,,,,,,,,,,,,,,,,,,,,,,,
,,,,"Piso en calle de la Grandeza Española, Puerta del Ángel, Madrid",€160.000,,,,,,,,,,,,,,,,,,,,,,,
,,,,"Piso en calle de la Industria, Puerta del Ángel, Madrid",€198.000,,,,,,,,,,,,,,,,,,,,,,,
,,,,"Piso en calle de la Infanta Mercedes, 25, Cuatro Caminos, Madrid",€750.000,,,,,,,,,,,,,,,,,,,,,,,
,,,,"Piso en calle de la Isla de Sumatra, Tres Olivos - Valverde, Madrid",€285.000,,,,,,,,,,,,,,,,,,,,,,,
,,,,"Piso en calle de la Laguna, Vista Alegre, Madrid",€170.000,,,,,,,,,,,,,,,,,,,,,,,
,,,,"Piso en calle de la Lechuga, Sol, Madrid",€1.305.000,,,,,,,,,,,,,,,,,,,,,,,
,,,,"Piso en calle de la Madera, 46, Malasaña-Universidad, Madrid",€299.000,,,,,,,,,,,,,,,,,,,,,,,
,,,,"Piso en calle de la Madera, Malasaña-Universidad, Madrid",€520.000,,,,,,,,,,,,,,,,,,,,,,,
,,,,"Piso en calle de la Madera, s/n, Malasaña-Universidad, Madrid",€249.000,,,,,,,,,,,,,,,,,,,,,,,
,,,,"Piso en calle de la Magdalena, Lavapiés-Embajadores, Madrid",€424.500,,,,,,,,,,,,,,,,,,,,,,,
,,,,"Piso en calle de la Montera, Sol, Madrid",€9.066.000,,,,,,,,,,,,,,,,,,,,,,,
,,,,"Piso en calle de la Oca, Vista Alegre, Madrid",€508.500,,,,,,,,,,,,,,,,,,,,,,,
,,,,"Piso en calle de la Palma, 14, Malasaña-Universidad, Madrid",€638.000,,,,,,,,,,,,,,,,,,,,,,,
,,,,"Piso en calle de la Palma, 3, Malasaña-Universidad, Madrid",€690.000,,,,,,,,,,,,,,,,,,,,,,,
,,,,"Piso en calle de la Palma, 39, Malasaña-Universidad, Madrid",€230.000,,,,,,,,,,,,,,,,,,,,,,,
,,,,"Piso en calle de la Palma, Malasaña-Universidad, Madrid",€235.000,,,,,,,,,,,,,,,,,,,,,,,
,,,,"Piso en calle de la Paloma, 7, Palacio, Madrid",€450.000,,,,,,,,,,,,,,,,,,,,,,,
,,,,"Piso en calle de la Paloma, Palacio, Madrid",€265.000,,,,,,,,,,,,,,,,,,,,,,,
,,,,"Piso en calle de la Povedilla, Goya, Madrid",€2.129.000,,,,,,,,,,,,,,,,,,,,,,,
,,,,"Piso en calle de la Primavera, Lavapiés-Embajadores, Madrid",€198.000,,,,,,,,,,,,,,,,,,,,,,,
,,,,"Piso en calle de la Princesa, 2, Malasaña-Universidad, Madrid",€550.000,,,,,,,,,,,,,,,,,,,,,,,
,,,,"Piso en calle de la Princesa, Argüelles, Madrid",€1.300.000,,,,,,,,,,,,,,,,,,,,,,,
,,,,"Piso en calle de la Puebla, Malasaña-Universidad, Madrid",€375.000,,,,,,,,,,,,,,,,,,,,,,,
,,,,"Piso en calle de la Redondilla, Palacio, Madrid",€150.000,,,,,,,,,,,,,,,,,,,,,,,
,,,,"Piso en calle de la Ribera del Manzanares, Casa de Campo, Madrid",€295.000,,,,,,,,,,,,,,,,,,,,,,,
,,,,"Piso en calle de la Serena, 2, Entrevías, Madrid",€169.000,,,,,,,,,,,,,,,,,,,,,,,
,,,,"Piso en calle de la Sierra de Atapuerca, Las Tablas, Madrid",€555.000,,,,,,,,,,,,,,,,,,,,,,,
,,,,"Piso en calle de la Sierra Vieja, Casco Histórico de Vallecas, Madrid",€325.000,,,,,,,,,,,,,,,,,,,,,,,
,,,,"Piso en calle de la Sombrerería, Lavapiés-Embajadores, Madrid",€379.900,,,,,,,,,,,,,,,,,,,,,,,
,,,,"Piso en calle de la Torrecilla del Leal, 22, Lavapiés-Embajadores, Madrid",€189.000,,,,,,,,,,,,,,,,,,,,,,,
,,,,"Piso en calle de la Torrecilla del Leal, 23, Lavapiés-Embajadores, Madrid",€205.000,,,,,,,,,,,,,,,,,,,,,,,
,,,,"Piso en calle de la Torrecilla del Leal, Lavapiés-Embajadores, Madrid",€210.000,,,,,,,,,,,,,,,,,,,,,,,
,,,,"Piso en calle de la Verónica, Huertas-Cortes, Madrid",€280.000,,,,,,,,,,,,,,,,,,,,,,,
,,,,"Piso en calle de la Violetera, Palomeras Bajas, Madrid",€260.000,,,,,,,,,,,,,,,,,,,,,,,
,,,,"Piso en calle de Lagasca, 12, Recoletos, Madrid",€1.400.000,,,,,,,,,,,,,,,,,,,,,,,
,,,,"Piso en calle de Lagasca, 27, Recoletos, Madrid",€1.400.000,,,,,,,,,,,,,,,,,,,,,,,
,,,,"Piso en calle de Lagasca, 35, Recoletos, Madrid",€1.390.000,,,,,,,,,,,,,,,,,,,,,,,
,,,,"Piso en calle de Lagasca, Castellana, Madrid",€3.559.000,,,,,,,,,,,,,,,,,,,,,,,
,,,,"Piso en calle de Lagasca, Recoletos, Madrid",€4.945.000,,,,,,,,,,,,,,,,,,,,,,,
,,,,"Piso en calle de Larra, Chueca-Justicia, Madrid",€575.000,,,,,,,,,,,,,,,,,,,,,,,
,,,,"Piso en calle de las Amazonas, Lavapiés-Embajadores, Madrid",€171.000,,,,,,,,,,,,,,,,,,,,,,,
,,,,"Piso en calle de las Delicias, Palos de la Frontera, Madrid",€335.000,,,,,,,,,,,,,,,,,,,,,,,
,,,,"Piso en calle de las Huertas, 61, Huertas-Cortes, Madrid",€280.000,,,,,,,,,,,,,,,,,,,,,,,
,,,,"Piso en calle de las Huertas, Huertas-Cortes, Madrid",€499.990,,,,,,,,,,,,,,,,,,,,,,,
,,,,"Piso en calle de las Infantas, Chueca-Justicia, Madrid",€1.040.000,,,,,,,,,,,,,,,,,,,,,,,
,,,,"Piso en calle de las Maldonadas, Lavapiés-Embajadores, Madrid",€250.000,,,,,,,,,,,,,,,,,,,,,,,
,,,,"Piso en calle de las Margaritas, Berruguete, Madrid",€156.050,,,,,,,,,,,,,,,,,,,,,,,
,,,,"Piso en calle de las Mártires Concepcionistas, Lista, Madrid",€2.580.000,,,,,,,,,,,,,,,,,,,,,,,
,,,,"Piso en calle de las Mártires Concepcionistas, s/n, Lista, Madrid",€935.000,,,,,,,,,,,,,,,,,,,,,,,
,,,,"Piso en calle de las Minas, Malasaña-Universidad, Madrid",€486.000,,,,,,,,,,,,,,,,,,,,,,,
,,,,"Piso en calle de las Peñuelas, s/n, Acacias, Madrid",€345.000,,,,,,,,,,,,,,,,,,,,,,,
,,,,"Piso en calle de las virtudes, 24, Almagro, Madrid",€275.000,,,,,,,,,,,,,,,,,,,,,,,
,,,,"Piso en calle de las Virtudes, 8, Almagro, Madrid",€259.900,,,,,,,,,,,,,,,,,,,,,,,
,,,,"Piso en calle de Latoneros, Sol, Madrid",€260.000,,,,,,,,,,,,,,,,,,,,,,,
,,,,"Piso en calle de Lavapiés, Lavapiés-Embajadores, Madrid",€199.000,,,,,,,,,,,,,,,,,,,,,,,
,,,,"Piso en calle de Lérida, Cuatro Caminos, Madrid",€630.000,,,,,,,,,,,,,,,,,,,,,,,
,,,,"Piso en calle de Lérida, Madrid, Cuatro Caminos, Madrid",€205.000,,,,,,,,,,,,,,,,,,,,,,,
,,,,"Piso en calle de Linneo, Imperial, Madrid",€527.500,,,,,,,,,,,,,,,,,,,,,,,
,,,,"Piso en calle de Lombía, 5, Goya, Madrid",€449.000,,,,,,,,,,,,,,,,,,,,,,,
,,,,"Piso en calle de Lombía, Goya, Madrid",€490.000,,,,,,,,,,,,,,,,,,,,,,,
,,,,"Piso en calle de Lope de Haro, 15, Berruguete, Madrid",€450.000,,,,,,,,,,,,,,,,,,,,,,,
,,,,"Piso en calle de Lope de Rueda, 19, Goya, Madrid",€1.020.000,,,,,,,,,,,,,,,,,,,,,,,
,,,,"Piso en calle de Lope de Rueda, Goya, Madrid",€719.000,,,,,,,,,,,,,,,,,,,,,,,
,,,,"Piso en calle de Lope de Rueda, Ibiza, Madrid",€1.330.000,,,,,,,,,,,,,,,,,,,,,,,
,,,,"Piso en calle de Lope de Vega, Huertas-Cortes, Madrid",€235.000,,,,,,,,,,,,,,,,,,,,,,,
,,,,"Piso en calle de López de Hoyos, Prosperidad, Madrid",€1.345.000,,,,,,,,,,,,,,,,,,,,,,,
,,,,"Piso en calle de los Abades, Lavapiés-Embajadores, Madrid",€782.900,,,,,,,,,,,,,,,,,,,,,,,
,,,,"Piso en calle de los Andaluces del Pozo, 20, Entrevías, Madrid",€195.000,,,,,,,,,,,,,,,,,,,,,,,
,,,,"Piso en calle de los Artistas, Cuatro Caminos, Madrid",€179.900,,,,,,,,,,,,,,,,,,,,,,,
,,,,"Piso en calle de los Cabestreros, 15, Lavapiés-Embajadores, Madrid",€205.000,,,,,,,,,,,,,,,,,,,,,,,
,,,,"Piso en calle de los Cabestreros, Lavapiés-Embajadores, Madrid",€610.000,,,,,,,,,,,,,,,,,,,,,,,
,,,,"Piso en calle de los Dos Amigos, 5, Malasaña-Universidad, Madrid",€350.000,,,,,,,,,,,,,,,,,,,,,,,
,,,,"Piso en calle de los Estudios, Lavapiés-Embajadores, Madrid",€450.000,,,,,,,,,,,,,,,,,,,,,,,
,,,,"Piso en calle de los Fundadores, Fuente del Berro, Madrid",€195.000,,,,,,,,,,,,,,,,,,,,,,,
,,,,"Piso en calle de los Mancebos, Palacio, Madrid",€410.000,,,,,,,,,,,,,,,,,,,,,,,
,,,,"Piso en calle de los Mineros, Abrantes, Madrid",€130.000,,,,,,,,,,,,,,,,,,,,,,,
,,,,"Piso en calle de los Robles, San Diego, Madrid",€140.000,,,,,,,,,,,,,,,,,,,,,,,
,,,,"Piso en calle de los Tres Peces, Lavapiés-Embajadores, Madrid",€750.000,,,,,,,,,,,,,,,,,,,,,,,
,,,,"Piso en calle de Luciente, Palacio, Madrid",€270.000,,,,,,,,,,,,,,,,,,,,,,,
,,,,"Piso en calle de Lucio del Valle, 16, Vallehermoso, Madrid",€389.000,,,,,,,,,,,,,,,,,,,,,,,
,,,,"Piso en calle de Luis Cabrera, Prosperidad, Madrid",€485.000,,,,,,,,,,,,,,,,,,,,,,,
,,,,"Piso en calle de Luis Villa, Goya, Madrid",€569.000,,,,,,,,,,,,,,,,,,,,,,,
,,,,"Piso en calle de Luisa Fernanda, Argüelles, Madrid",€1.008.000,,,,,,,,,,,,,,,,,,,,,,,
,,,,"Piso en calle de Magallanes, Arapiles, Madrid",€475.000,,,,,,,,,,,,,,,,,,,,,,,
,,,,"Piso en calle de Máiquez, Ibiza, Madrid",€915.000,,,,,,,,,,,,,,,,,,,,,,,
,,,,"Piso en calle de Maldonado, Castellana, Madrid",€1.225.000,,,,,,,,,,,,,,,,,,,,,,,
,,,,"Piso en calle de Maldonado, Lista, Madrid",€260.000,,,,,,,,,,,,,,,,,,,,,,,
,,,,"Piso en calle de Mantuano, Ciudad Jardín, Madrid",€449.000,,,,,,,,,,,,,,,,,,,,,,,
,,,,"Piso en calle de Manuel Arranz, Numancia, Madrid",€129.000,,,,,,,,,,,,,,,,,,,,,,,
,,,,"Piso en calle de Manuel Galindo, Vista Alegre, Madrid",€139.000,,,,,,,,,,,,,,,,,,,,,,,
,,,,"Piso en calle de Manuel Maroto, San Diego, Madrid",€139.000,,,,,,,,,,,,,,,,,,,,,,,
,,,,"Piso en calle de Manuel Noya, 22, Pradolongo, Madrid",€170.500,,,,,,,,,,,,,,,,,,,,,,,
,,,,"Piso en calle de Manuel Silvela, Trafalgar, Madrid",€160.000,,,,,,,,,,,,,,,,,,,,,,,
,,,,"Piso en calle de Manuela Malasaña, Malasaña-Universidad, Madrid",€805.000,,,,,,,,,,,,,,,,,,,,,,,
,,,,"Piso en calle de Maqueda, Aluche, Madrid",€179.900,,,,,,,,,,,,,,,,,,,,,,,
,,,,"Piso en calle de Marcelo Usera, Moscardó, Madrid",€164.000,,,,,,,,,,,,,,,,,,,,,,,
,,,,"Piso en calle de María de Guzmán, Nuevos Ministerios-Ríos Rosas, Madrid",€722.000,,,,,,,,,,,,,,,,,,,,,,,
,,,,"Piso en calle de María Odiaga, Puerta Bonita, Madrid",€164.900,,,,,,,,,,,,,,,,,,,,,,,
,,,,"Piso en calle de María Zayas, Berruguete, Madrid",€145.000,,,,,,,,,,,,,,,,,,,,,,,
,,,,"Piso en calle de Marianela, Bellas Vistas, Madrid",€280.000,,,,,,,,,,,,,,,,,,,,,,,
,,,,"Piso en calle de Martín de los Heros, 6, Argüelles, Madrid",€632.000,,,,,,,,,,,,,,,,,,,,,,,
,,,,"Piso en calle de Martín de los Heros, 72, Argüelles, Madrid",€360.000,,,,,,,,,,,,,,,,,,,,,,,
,,,,"Piso en calle de Martín de los Heros, 82, Argüelles, Madrid",€385.000,,,,,,,,,,,,,,,,,,,,,,,
,,,,"Piso en calle de Martín de los Heros, Argüelles, Madrid",€690.000,,,,,,,,,,,,,,,,,,,,,,,
,,,,"Piso en calle de Martín Soler, Palos de la Frontera, Madrid",€480.000,,,,,,,,,,,,,,,,,,,,,,,
,,,,"Piso en calle de Mazarredo, Imperial, Madrid",€352.000,,,,,,,,,,,,,,,,,,,,,,,
,,,,"Piso en calle de Meléndez Valdés, Gaztambide, Madrid",€1.950.000,,,,,,,,,,,,,,,,,,,,,,,
,,,,"Piso en calle de Melquíades Biencinto, San Diego, Madrid",€125.000,,,,,,,,,,,,,,,,,,,,,,,
,,,,"Piso en calle de Méndez Álvaro, 6, Palos de la Frontera, Madrid",€264.000,,,,,,,,,,,,,,,,,,,,,,,
,,,,"Piso en calle de Méndez Álvaro, Delicias, Madrid",€85.400,,,,,,,,,,,,,,,,,,,,,,,
,,,,"Piso en calle de Méndez Álvaro, Palos de la Frontera, Madrid",€215.000,,,,,,,,,,,,,,,,,,,,,,,
,,,,"Piso en calle de Menorca, 23, Ibiza, Madrid",€740.000,,,,,,,,,,,,,,,,,,,,,,,
,,,,"Piso en calle de Menorca, 6, Ibiza, Madrid",€675.000,,,,,,,,,,,,,,,,,,,,,,,
,,,,"Piso en calle de Mequinenza, 11, Canillejas, Madrid",€620.000,,,,,,,,,,,,,,,,,,,,,,,
,,,,"Piso en calle de Mesonero Romanos, Sol, Madrid",€398.000,,,,,,,,,,,,,,,,,,,,,,,
,,,,"Piso en calle de Miguel Ángel, Almagro, Madrid",€1.590.000,,,,,,,,,,,,,,,,,,,,,,,
,,,,"Piso en calle de Miguel Servet, Lavapiés-Embajadores, Madrid",€185.000,,,,,,,,,,,,,,,,,,,,,,,
,,,,"Piso en calle de Ministriles, Lavapiés-Embajadores, Madrid",€159.000,,,,,,,,,,,,,,,,,,,,,,,
,,,,"Piso en calle de Mira el Sol, 11, Lavapiés-Embajadores, Madrid",€260.000,,,,,,,,,,,,,,,,,,,,,,,
,,,,"Piso en calle de Modesto Lafuente, 28, Nuevos Ministerios-Ríos Rosas, Madrid",€1.220.000,,,,,,,,,,,,,,,,,,,,,,,
,,,,"Piso en calle de Moratín, Huertas-Cortes, Madrid",€1.420.000,,,,,,,,,,,,,,,,,,,,,,,
,,,,"Piso en calle de Murcia, Palos de la Frontera, Madrid",€289.000,,,,,,,,,,,,,,,,,,,,,,,
,,,,"Piso en calle de Narváez, 60, Ibiza, Madrid",€380.000,,,,,,,,,,,,,,,,,,,,,,,
,,,,"Piso en calle de Narváez, 72, Ibiza, Madrid",€820.000,,,,,,,,,,,,,,,,,,,,,,,
,,,,"Piso en calle de Narváez, Ibiza, Madrid",€885.000,,,,,,,,,,,,,,,,,,,,,,,
,,,,"Piso en calle de Núñez de Arce, 17, Huertas-Cortes, Madrid",€692.000,,,,,,,,,,,,,,,,,,,,,,,
,,,,"Piso en calle de Núñez de Balboa, 31, Recoletos, Madrid",€610.000,,,,,,,,,,,,,,,,,,,,,,,
,,,,"Piso en calle de Núñez de Balboa, 40, Recoletos, Madrid",€3.578.000,,,,,,,,,,,,,,,,,,,,,,,
,,,,"Piso en calle de Núñez de Balboa, 61, Castellana, Madrid",€1.800.000,,,,,,,,,,,,,,,,,,,,,,,
,,,,"Piso en calle de Núñez de Balboa, Castellana, Madrid",€5.299.500,,,,,,,,,,,,,,,,,,,,,,,
,,,,"Piso en calle de Núñez de Balboa, Recoletos, Madrid",€40.475.000,,,,,,,,,,,,,,,,,,,,,,,
,,,,"Piso en calle de Núñez Morgado, 15, Castilla, Madrid",€939.000,,,,,,,,,,,,,,,,,,,,,,,
,,,,"Piso en calle de Núñez Morgado, 9, Castilla, Madrid",€990.000,,,,,,,,,,,,,,,,,,,,,,,
,,,,"Piso en calle de Núñez Morgado, Castilla, Madrid",€1.929.000,,,,,,,,,,,,,,,,,,,,,,,
,,,,"Piso en calle de O'Donnell, Ibiza, Madrid",€1.500.000,,,,,,,,,,,,,,,,,,,,,,,
,,,,"Piso en calle de Ofelia Nieto, Berruguete, Madrid",€275.000,,,,,,,,,,,,,,,,,,,,,,,
,,,,"Piso en Calle de Olid, 4, Trafalgar, Madrid",€200.000,,,,,,,,,,,,,,,,,,,,,,,
,,,,"Piso en calle de Orense, Cuatro Caminos, Madrid",€620.000,,,,,,,,,,,,,,,,,,,,,,,
,,,,"Piso en calle de Oruro, Bernabéu-Hispanoamérica, Madrid",€495.000,,,,,,,,,,,,,,,,,,,,,,,
,,,,"Piso en calle de Padilla, 51, Lista, Madrid",€440.000,,,,,,,,,,,,,,,,,,,,,,,
,,,,"Piso en calle de Padilla, Lista, Madrid",€18.102.000,,,,,,,,,,,,,,,,,,,,,,,
,,,,"Piso en calle de Palos de la Frontera, Palos de la Frontera, Madrid",€360.000,,,,,,,,,,,,,,,,,,,,,,,
,,,,"Piso en calle de Pamplona, Bellas Vistas, Madrid",€299.000,,,,,,,,,,,,,,,,,,,,,,,
,,,,"Piso en calle de Pedro Heredia, Fuente del Berro, Madrid",€279.000,,,,,,,,,,,,,,,,,,,,,,,
,,,,"Piso en calle de Pedro Laborde, 14, Portazgo, Madrid",€119.073,,,,,,,,,,,,,,,,,,,,,,,
,,,,"Piso en calle de Pedro Laborde, Portazgo, Madrid",€140.085,,,,,,,,,,,,,,,,,,,,,,,
,,,,"Piso en calle de Pedro Teixeira, Cuatro Caminos, Madrid",€350.000,,,,,,,,,,,,,,,,,,,,,,,
,,,,"Piso en calle de Pedro Tezano, Berruguete, Madrid",€300.000,,,,,,,,,,,,,,,,,,,,,,,
,,,,"Piso en calle de Pelayo, Chueca-Justicia, Madrid",€220.000,,,,,,,,,,,,,,,,,,,,,,,
,,,,"Piso en calle de Peña Ubiña, 18, San Diego, Madrid",€119.000,,,,,,,,,,,,,,,,,,,,,,,
,,,,"Piso en calle de Pizarro, 6, Malasaña-Universidad, Madrid",€235.000,,,,,,,,,,,,,,,,,,,,,,,
,,,,"Piso en calle de Pizarro, 7, Malasaña-Universidad, Madrid",€450.000,,,,,,,,,,,,,,,,,,,,,,,
,,,,"Piso en calle de Ponzano, Nuevos Ministerios-Ríos Rosas, Madrid",€2.160.000,,,,,,,,,,,,,,,,,,,,,,,
,,,,"Piso en calle de Ponzano, s/n, Nuevos Ministerios-Ríos Rosas, Madrid",€359.000,,,,,,,,,,,,,,,,,,,,,,,
,,,,"Piso en calle de Preciados, Sol, Madrid",€360.000,,,,,,,,,,,,,,,,,,,,,,,
,,,,"Piso en calle de Quesada, Trafalgar, Madrid",€407.000,,,,,,,,,,,,,,,,,,,,,,,
,,,,"Piso en calle de Rafael Herrera, 11, Castilla, Madrid",€440.000,,,,,,,,,,,,,,,,,,,,,,,
,,,,"Piso en calle de Raimundo Fernández Villaverde, 16, Nuevos Ministerios-Ríos Rosas, Madrid",€384.750,,,,,,,,,,,,,,,,,,,,,,,
,,,,"Piso en calle de Raimundo Fernández Villaverde, Cuatro Caminos, Madrid",€1.174.000,,,,,,,,,,,,,,,,,,,,,,,
,,,,"Piso en calle de Raimundo Fernández Villaverde, Nuevos Ministerios-Ríos Rosas, Madrid",€615.000,,,,,,,,,,,,,,,,,,,,,,,
,,,,"Piso en calle de Raimundo Lulio, 10, Trafalgar, Madrid",€355.000,,,,,,,,,,,,,,,,,,,,,,,
,,,,"Piso en calle de Rávena, Arcos, Madrid",€300.000,,,,,,,,,,,,,,,,,,,,,,,
,,,,"Piso en calle de Ríos Rosas, 54, Nuevos Ministerios-Ríos Rosas, Madrid",€1.460.000,,,,,,,,,,,,,,,,,,,,,,,
,,,,"Piso en calle de Ríos Rosas, Nuevos Ministerios-Ríos Rosas, Madrid",€1.150.000,,,,,,,,,,,,,,,,,,,,,,,
,,,,"Piso en calle de Roa, Buena Vista, Madrid",€88.300,,,,,,,,,,,,,,,,,,,,,,,
,,,,"Piso en calle de Rodas, 5, Lavapiés-Embajadores, Madrid",€240.000,,,,,,,,,,,,,,,,,,,,,,,
,,,,"Piso en calle de Rodas, Lavapiés-Embajadores, Madrid",€143.000,,,,,,,,,,,,,,,,,,,,,,,
,,,,"Piso en calle de Rodríguez San Pedro, 15, Arapiles, Madrid",€320.000,,,,,,,,,,,,,,,,,,,,,,,
,,,,"Piso en calle de Rodríguez San Pedro, Gaztambide, Madrid",€315.000,,,,,,,,,,,,,,,,,,,,,,,
,,,,"Piso en calle de Rufino Blanco, Fuente del Berro, Madrid",€305.000,,,,,,,,,,,,,,,,,,,,,,,
,,,,"Piso en calle de Rufino González, Simancas, Madrid",€300.000,,,,,,,,,,,,,,,,,,,,,,,
,,,,"Piso en calle de Sagasta, Chueca-Justicia, Madrid",€735.000,,,,,,,,,,,,,,,,,,,,,,,
,,,,"Piso en calle de Sambara, Quintana, Madrid",€439.000,,,,,,,,,,,,,,,,,,,,,,,
,,,,"Piso en calle de San Andrés, Malasaña-Universidad, Madrid",€205.000,,,,,,,,,,,,,,,,,,,,,,,
,,,,"Piso en calle de San Aureliano, 80, Villaverde Alto, Madrid",€212.000,,,,,,,,,,,,,,,,,,,,,,,
,,,,"Piso en calle de San Bernardino, Malasaña-Universidad, Madrid",€350.000,,,,,,,,,,,,,,,,,,,,,,,
,,,,"Piso en calle de San Bernardo, 5, Palacio, Madrid",€870.000,,,,,,,,,,,,,,,,,,,,,,,
,,,,"Piso en calle de San Cayetano, Lavapiés-Embajadores, Madrid",€920.000,,,,,,,,,,,,,,,,,,,,,,,
,,,,"Piso en calle de San Facundo, 16, Portazgo, Madrid",€215.000,,,,,,,,,,,,,,,,,,,,,,,
,,,,"Piso en calle de San Hermenegildo, Malasaña-Universidad, Madrid",€359.000,,,,,,,,,,,,,,,,,,,,,,,
,,,,"Piso en calle de San Ildefonso, 32, Lavapiés-Embajadores, Madrid",€330.000,,,,,,,,,,,,,,,,,,,,,,,
,,,,"Piso en calle de San Isidro Labrador, 5, Palacio, Madrid",€247.000,,,,,,,,,,,,,,,,,,,,,,,
,,,,"Piso en calle de San Isidro Labrador, Palacio, Madrid",€845.000,,,,,,,,,,,,,,,,,,,,,,,
,,,,"Piso en calle de San Lucas, 3, Chueca-Justicia, Madrid",€250.000,,,,,,,,,,,,,,,,,,,,,,,
,,,,"Piso en calle de San Mateo, Chueca-Justicia, Madrid",€495.000,,,,,,,,,,,,,,,,,,,,,,,
,,,,"Piso en calle de San Onofre, Malasaña-Universidad, Madrid",€290.000,,,,,,,,,,,,,,,,,,,,,,,
,,,,"Piso en calle de San Raimundo, Bellas Vistas, Madrid",€449.900,,,,,,,,,,,,,,,,,,,,,,,
,,,,"Piso en calle de San Roque, Malasaña-Universidad, Madrid",€280.000,,,,,,,,,,,,,,,,,,,,,,,
,,,,"Piso en calle de San Valeriano, 25, Bellas Vistas, Madrid",€200.000,,,,,,,,,,,,,,,,,,,,,,,
,,,,"Piso en calle de San Vicente Ferrer, 5, Malasaña-Universidad, Madrid",€695.000,,,,,,,,,,,,,,,,,,,,,,,
,,,,"Piso en calle de San Vicente Ferrer, Malasaña-Universidad, Madrid",€914.800,,,,,,,,,,,,,,,,,,,,,,,
,,,,"Piso en calle de Sánchez Barcáiztegui, 13, Pacífico, Madrid",€222.000,,,,,,,,,,,,,,,,,,,,,,,
,,,,"Piso en calle de Sánchez Barcáiztegui, 6, Pacífico, Madrid",€275.000,,,,,,,,,,,,,,,,,,,,,,,
,,,,"Piso en calle de Sánchez Barcáiztegui, Pacífico, Madrid",€415.000,,,,,,,,,,,,,,,,,,,,,,,
,,,,"Piso en calle de Sancho Dávila, 18, Fuente del Berro, Madrid",€450.000,,,,,,,,,,,,,,,,,,,,,,,
,,,,"Piso en calle de Santa Ana, 12, Lavapiés-Embajadores, Madrid",€340.000,,,,,,,,,,,,,,,,,,,,,,,
,,,,"Piso en calle de Santa Engracia, 72, Almagro, Madrid",€445.000,,,,,,,,,,,,,,,,,,,,,,,
,,,,"Piso en calle de Santa Engracia, Almagro, Madrid",€1.290.000,,,,,,,,,,,,,,,,,,,,,,,
,,,,"Piso en calle de Santa Engracia, Nuevos Ministerios-Ríos Rosas, Madrid",€3.839.000,,,,,,,,,,,,,,,,,,,,,,,
,,,,"Piso en calle de Santa Engracia, Trafalgar, Madrid",€835.000,,,,,,,,,,,,,,,,,,,,,,,
,,,,"Piso en calle de Santa Isabel, 9, Lavapiés-Embajadores, Madrid",€1.385.000,,,,,,,,,,,,,,,,,,,,,,,
,,,,"Piso en calle de Santa Juliana, Bellas Vistas, Madrid",€169.000,,,,,,,,,,,,,,,,,,,,,,,
,,,,"Piso en calle de Santa María, 27, Huertas-Cortes, Madrid",€359.000,,,,,,,,,,,,,,,,,,,,,,,
,,,,"Piso en calle de Santa Teresa, 10, Chueca-Justicia, Madrid",€1.252.000,,,,,,,,,,,,,,,,,,,,,,,
,,,,"Piso en calle de Santa Teresa, Chueca-Justicia, Madrid",€695.000,,,,,,,,,,,,,,,,,,,,,,,
,,,,"Piso en calle de Santiago Bernabéu, 10, El Viso, Madrid",€690.000,,,,,,,,,,,,,,,,,,,,,,,
,,,,"Piso en calle de Santiago Bernabéu, 4, El Viso, Madrid",€570.000,,,,,,,,,,,,,,,,,,,,,,,
,,,,"Piso en calle de Santiago Bernabéu, El Viso, Madrid",€747.000,,,,,,,,,,,,,,,,,,,,,,,
,,,,"Piso en calle de Santiago el Verde, Lavapiés-Embajadores, Madrid",€350.000,,,,,,,,,,,,,,,,,,,,,,,
,,,,"Piso en calle de Sebastián Elcano, Palos de la Frontera, Madrid",€235.000,,,,,,,,,,,,,,,,,,,,,,,
,,,,"Piso en calle de Seco, Adelfas, Madrid",€420.000,,,,,,,,,,,,,,,,,,,,,,,
,,,,"Piso en calle de Segovia, 63, Imperial, Madrid",€286.000,,,,,,,,,,,,,,,,,,,,,,,
,,,,"Piso en calle de Segovia, Imperial, Madrid",€1.125.000,,,,,,,,,,,,,,,,,,,,,,,
,,,,"Piso en calle de Serrano, 65, Castellana, Madrid",€990.000,,,,,,,,,,,,,,,,,,,,,,,
,,,,"Piso en calle de Serrano, Castellana, Madrid",€1.275.000,,,,,,,,,,,,,,,,,,,,,,,
,,,,"Piso en calle de Siena, Quintana, Madrid",€195.000,,,,,,,,,,,,,,,,,,,,,,,
,,,,"Piso en calle de Tablada, s/n, Berruguete, Madrid",€125.000,,,,,,,,,,,,,,,,,,,,,,,
,,,,"Piso en calle de Tarragona, Palos de la Frontera, Madrid",€2.605.000,,,,,,,,,,,,,,,,,,,,,,,
,,,,"Piso en calle de Tiziano, Cuatro Caminos, Madrid",€235.000,,,,,,,,,,,,,,,,,,,,,,,
,,,,"Piso en calle de Toledo, 34, Palacio, Madrid",€530.000,,,,,,,,,,,,,,,,,,,,,,,
,,,,"Piso en calle de Toledo, Acacias, Madrid",€349.900,,,,,,,,,,,,,,,,,,,,,,,
,,,,"Piso en calle de Tomás Bretón, Delicias, Madrid",€240.000,,,,,,,,,,,,,,,,,,,,,,,
,,,,"Piso en calle de Tomás García, San Diego, Madrid",€120.000,,,,,,,,,,,,,,,,,,,,,,,
,,,,"Piso en calle de Torres Miranda, Chopera, Madrid",€399.900,,,,,,,,,,,,,,,,,,,,,,,
,,,,"Piso en calle de Tribulete, 21, Lavapiés-Embajadores, Madrid",€203.000,,,,,,,,,,,,,,,,,,,,,,,
,,,,"Piso en calle de Valencia, s/n, Lavapiés-Embajadores, Madrid",€214.000,,,,,,,,,,,,,,,,,,,,,,,
,,,,"Piso en calle de Valle de Oro, 17, Opañel, Madrid",€200.000,,,,,,,,,,,,,,,,,,,,,,,
,,,,"Piso en calle de Vallehermoso, 90, Arapiles, Madrid",€340.000,,,,,,,,,,,,,,,,,,,,,,,
,,,,"Piso en calle de Vallehermoso, Arapiles, Madrid",€355.000,,,,,,,,,,,,,,,,,,,,,,,
,,,,"Piso en calle de Velarde, Malasaña-Universidad, Madrid",€209.000,,,,,,,,,,,,,,,,,,,,,,,
,,,,"Piso en calle de Velázquez, 117, Castellana, Madrid",€540.000,,,,,,,,,,,,,,,,,,,,,,,
,,,,"Piso en calle de Velázquez, 3, Recoletos, Madrid",€958.000,,,,,,,,,,,,,,,,,,,,,,,
,,,,"Piso en calle de Velázquez, 45, Recoletos, Madrid",€2.238.000,,,,,,,,,,,,,,,,,,,,,,,
,,,,"Piso en calle de Velázquez, 99, Castellana, Madrid",€395.000,,,,,,,,,,,,,,,,,,,,,,,
,,,,"Piso en calle de Velázquez, Castellana, Madrid",€1.649.000,,,,,,,,,,,,,,,,,,,,,,,
,,,,"Piso en calle de Velázquez, Recoletos, Madrid",€4.476.000,,,,,,,,,,,,,,,,,,,,,,,
,,,,"Piso en calle de Ventura Rodríguez, Argüelles, Madrid",€1.199.000,,,,,,,,,,,,,,,,,,,,,,,
,,,,"Piso en calle de Vergara, 10, Palacio, Madrid",€572.000,,,,,,,,,,,,,,,,,,,,,,,
,,,,"Piso en calle de Vergara, Palacio, Madrid",€1.716.000,,,,,,,,,,,,,,,,,,,,,,,
,,,,"Piso en calle de Villaamil, 41, Berruguete, Madrid",€228.000,,,,,,,,,,,,,,,,,,,,,,,
,,,,"Piso en calle de Villaamil, Berruguete, Madrid",€257.500,,,,,,,,,,,,,,,,,,,,,,,
,,,,"Piso en calle de Villafranca, Guindalera, Madrid",€315.000,,,,,,,,,,,,,,,,,,,,,,,
,,,,"Piso en calle de Viriato, Trafalgar, Madrid",€359.000,,,,,,,,,,,,,,,,,,,,,,,
,,,,"Piso en calle de Wad-Ras, Bellas Vistas, Madrid",€284.500,,,,,,,,,,,,,,,,,,,,,,,
,,,,"Piso en calle de Walia, 4, Niño Jesús, Madrid",€680.000,,,,,,,,,,,,,,,,,,,,,,,
,,,,"Piso en calle de Zurbano, Almagro, Madrid",€540.000,,,,,,,,,,,,,,,,,,,,,,,
,,,,"Piso en calle de Zurbarán, 9, Almagro, Madrid",€1.000.000,,,,,,,,,,,,,,,,,,,,,,,
,,,,"Piso en calle del Águila, Palacio, Madrid",€1.747.000,,,,,,,,,,,,,,,,,,,,,,,
,,,,"Piso en calle del Alcalde Sainz de Baranda, 19, Ibiza, Madrid",€1.149.000,,,,,,,,,,,,,,,,,,,,,,,
,,,,"Piso en calle del Alcalde Sainz de Baranda, 20, Ibiza, Madrid",€810.000,,,,,,,,,,,,,,,,,,,,,,,
,,,,"Piso en calle del Alcalde Sainz de Baranda, 24, Ibiza, Madrid",€695.000,,,,,,,,,,,,,,,,,,,,,,,
,,,,"Piso en calle del Alcalde Sainz de Baranda, 41, Ibiza, Madrid",€885.000,,,,,,,,,,,,,,,,,,,,,,,
,,,,"Piso en calle del Alcalde Sainz de Baranda, Ibiza, Madrid",€17.590.000,,,,,,,,,,,,,,,,,,,,,,,
,,,,"Piso en calle del Amor de Dios, 13, Huertas-Cortes, Madrid",€485.000,,,,,,,,,,,,,,,,,,,,,,,
,,,,"Piso en calle del Amparo, 88, Lavapiés-Embajadores, Madrid",€185.000,,,,,,,,,,,,,,,,,,,,,,,
,,,,"Piso en calle del Amparo, Lavapiés-Embajadores, Madrid",€988.800,,,,,,,,,,,,,,,,,,,,,,,
,,,,"Piso en calle del Áncora, 28, Palos de la Frontera, Madrid",€200.000,,,,,,,,,,,,,,,,,,,,,,,
,,,,"Piso en calle del Áncora, Palos de la Frontera, Madrid",€174.900,,,,,,,,,,,,,,,,,,,,,,,
,,,,"Piso en calle del Ave María, Lavapiés-Embajadores, Madrid",€943.400,,,,,,,,,,,,,,,,,,,,,,,
,,,,"Piso en calle del Aviador Zorita, Cuatro Caminos, Madrid",€715.000,,,,,,,,,,,,,,,,,,,,,,,
,,,,"Piso en calle del Barco, Malasaña-Universidad, Madrid",€944.900,,,,,,,,,,,,,,,,,,,,,,,
,,,,"Piso en calle del Caballero de Gracia, Huertas-Cortes, Madrid",€1.200.000,,,,,,,,,,,,,,,,,,,,,,,
,,,,"Piso en calle del Calvario, Lavapiés-Embajadores, Madrid",€210.000,,,,,,,,,,,,,,,,,,,,,,,
,,,,"Piso en calle del Campo de la Paloma, Palomeras sureste, Madrid",€136.150,,,,,,,,,,,,,,,,,,,,,,,
,,,,"Piso en calle del Canchal, Butarque, Madrid",€240.000,,,,,,,,,,,,,,,,,,,,,,,
,,,,"Piso en calle del Capitán Blanco Argibay, Valdeacederas, Madrid",€155.000,,,,,,,,,,,,,,,,,,,,,,,
,,,,"Piso en calle del Cardenal Cisneros, 54, Trafalgar, Madrid",€215.000,,,,,,,,,,,,,,,,,,,,,,,
,,,,"Piso en calle del Cardenal Cisneros, Trafalgar, Madrid",€756.000,,,,,,,,,,,,,,,,,,,,,,,
,,,,"Piso en calle del Cardenal Silíceo, Prosperidad, Madrid",€370.000,,,,,,,,,,,,,,,,,,,,,,,
,,,,"Piso en calle del Concejal Tomás Serrano Guío, Casco Histórico de Barajas, Madrid",€280.000,,,,,,,,,,,,,,,,,,,,,,,
,,,,"Piso en calle del Conde de Aranda, Recoletos, Madrid",€2.955.000,,,,,,,,,,,,,,,,,,,,,,,
,,,,"Piso en calle del Conde de Peñalver, 32, Goya, Madrid",€690.000,,,,,,,,,,,,,,,,,,,,,,,
,,,,"Piso en calle del Conde de Peñalver, 54, Lista, Madrid",€545.000,,,,,,,,,,,,,,,,,,,,,,,
,,,,"Piso en calle del Conde de Peñalver, Goya, Madrid",€3.398.000,,,,,,,,,,,,,,,,,,,,,,,
,,,,"Piso en calle del Conde de Peñalver, Lista, Madrid",€425.000,,,,,,,,,,,,,,,,,,,,,,,
,,,,"Piso en calle del Corregidor Juan de Bobadilla, 31, Vinateros, Madrid",€270.000,,,,,,,,,,,,,,,,,,,,,,,
,,,,"Piso en calle del Desengaño, Malasaña-Universidad, Madrid",€654.000,,,,,,,,,,,,,,,,,,,,,,,
,,,,"Piso en calle del Desengaño, s/n, Malasaña-Universidad, Madrid",€630.000,,,,,,,,,,,,,,,,,,,,,,,
,,,,"Piso en calle del Divino Pastor, 31, Malasaña-Universidad, Madrid",€275.000,,,,,,,,,,,,,,,,,,,,,,,
,,,,"Piso en calle del Divino Pastor, Malasaña-Universidad, Madrid",€720.000,,,,,,,,,,,,,,,,,,,,,,,
,,,,"Piso en calle del Doce de Octubre, Ibiza, Madrid",€1.275.000,,,,,,,,,,,,,,,,,,,,,,,
,,,,"Piso en calle del Doctor Bellido, San Diego, Madrid",€405.000,,,,,,,,,,,,,,,,,,,,,,,
,,,,"Piso en calle del Doctor Castelo, 29, Ibiza, Madrid",€725.000,,,,,,,,,,,,,,,,,,,,,,,
,,,,"Piso en calle del Doctor Castelo, Ibiza, Madrid",€1.717.000,,,,,,,,,,,,,,,,,,,,,,,
,,,,"Piso en calle del Doctor Esquerdo, Estrella, Madrid",€850.000,,,,,,,,,,,,,,,,,,,,,,,
,,,,"Piso en calle del Doctor Esquerdo, Fuente del Berro, Madrid",€1.340.000,,,,,,,,,,,,,,,,,,,,,,,
,,,,"Piso en calle del Doctor Esquerdo, Niño Jesús, Madrid",€1.140.000,,,,,,,,,,,,,,,,,,,,,,,
,,,,"Piso en calle del Doctor Fourquet, Lavapiés-Embajadores, Madrid",€200.000,,,,,,,,,,,,,,,,,,,,,,,
,,,,"Piso en calle del Doctor Sánchez, San Diego, Madrid",€109.000,,,,,,,,,,,,,,,,,,,,,,,
,,,,"Piso en calle del Duque de Alba, Lavapiés-Embajadores, Madrid",€300.000,,,,,,,,,,,,,,,,,,,,,,,
,,,,"Piso en calle del Duque de Osuna, 6, Malasaña-Universidad, Madrid",€550.000,,,,,,,,,,,,,,,,,,,,,,,
,,,,"Piso en calle del Duque de Osuna, Malasaña-Universidad, Madrid",€520.000,,,,,,,,,,,,,,,,,,,,,,,
,,,,"Piso en calle del Duque de Sesto, Goya, Madrid",€675.000,,,,,,,,,,,,,,,,,,,,,,,
,,,,"Piso en calle del Espíritu Santo, Malasaña-Universidad, Madrid",€927.000,,,,,,,,,,,,,,,,,,,,,,,
,,,,"Piso en calle del General Álvarez de Castro, Trafalgar, Madrid",€270.000,,,,,,,,,,,,,,,,,,,,,,,
,,,,"Piso en calle del General Díaz Porlier, 32, Lista, Madrid",€720.000,,,,,,,,,,,,,,,,,,,,,,,
,,,,"Piso en calle del General Díaz Porlier, 38, Goya, Madrid",€685.000,,,,,,,,,,,,,,,,,,,,,,,
,,,,"Piso en calle del General Díaz Porlier, 39, Goya, Madrid",€2.729.900,,,,,,,,,,,,,,,,,,,,,,,
,,,,"Piso en calle del General Díaz Porlier, Goya, Madrid",€16.326.150,,,,,,,,,,,,,,,,,,,,,,,
,,,,"Piso en calle del General Díaz Porlier, Lista, Madrid",€2.189.900,,,,,,,,,,,,,,,,,,,,,,,
,,,,"Piso en calle del General Díaz Porlier, s/n, Lista, Madrid",€2.744.900,,,,,,,,,,,,,,,,,,,,,,,
,,,,"Piso en calle del General Lacy, 6, Palos de la Frontera, Madrid",€220.000,,,,,,,,,,,,,,,,,,,,,,,
,,,,"Piso en calle del General Lacy, Palos de la Frontera, Madrid",€557.800,,,,,,,,,,,,,,,,,,,,,,,
,,,,"Piso en calle del General Margallo, 29, Cuzco-Castillejos, Madrid",€479.000,,,,,,,,,,,,,,,,,,,,,,,
,,,,"Piso en calle del General Oráa, 18, Castellana, Madrid",€800.000,,,,,,,,,,,,,,,,,,,,,,,
,,,,"Piso en calle del General Oráa, 36, Castellana, Madrid",€435.000,,,,,,,,,,,,,,,,,,,,,,,
,,,,"Piso en calle del General Oráa, 40, Castellana, Madrid",€490.000,,,,,,,,,,,,,,,,,,,,,,,
,,,,"Piso en calle del General Oráa, Castellana, Madrid",€858.000,,,,,,,,,,,,,,,,,,,,,,,
,,,,"Piso en calle del General Oráa, Lista, Madrid",€3.526.500,,,,,,,,,,,,,,,,,,,,,,,
,,,,"Piso en calle del General Palanca, 42, Delicias, Madrid",€240.000,,,,,,,,,,,,,,,,,,,,,,,
,,,,"Piso en calle del General Pardiñas, 17, Goya, Madrid",€550.000,,,,,,,,,,,,,,,,,,,,,,,
,,,,"Piso en calle del General Pardiñas, 30, Goya, Madrid",€740.000,,,,,,,,,,,,,,,,,,,,,,,
,,,,"Piso en calle del General Pardiñas, 32, Lista, Madrid",€550.000,,,,,,,,,,,,,,,,,,,,,,,
,,,,"Piso en calle del General Pardiñas, 42, Goya, Madrid",€460.000,,,,,,,,,,,,,,,,,,,,,,,
,,,,"Piso en calle del General Pardiñas, Goya, Madrid",€3.780.000,,,,,,,,,,,,,,,,,,,,,,,
,,,,"Piso en calle del General Pardiñas, Lista, Madrid",€3.753.000,,,,,,,,,,,,,,,,,,,,,,,
,,,,"Piso en calle del General Pintos, Ventilla-Almenara, Madrid",€349.000,,,,,,,,,,,,,,,,,,,,,,,
,,,,"Piso en calle del Gobernador, Huertas-Cortes, Madrid",€420.000,,,,,,,,,,,,,,,,,,,,,,,
,,,,"Piso en calle del Hachero, San Diego, Madrid",€110.000,,,,,,,,,,,,,,,,,,,,,,,
,,,,"Piso en calle del Jardín de San Federico, Goya, Madrid",€970.000,,,,,,,,,,,,,,,,,,,,,,,
,,,,"Piso en calle del León, Huertas-Cortes, Madrid",€545.000,,,,,,,,,,,,,,,,,,,,,,,
,,,,"Piso en calle del Maestro Alonso, Fuente del Berro, Madrid",€395.000,,,,,,,,,,,,,,,,,,,,,,,
,,,,"Piso en calle del Maestro Guerrero, Malasaña-Universidad, Madrid",€339.000,,,,,,,,,,,,,,,,,,,,,,,
,,,,"Piso en calle del Marqués de Cubas, Huertas-Cortes, Madrid",€679.000,,,,,,,,,,,,,,,,,,,,,,,
,,,,"Piso en calle del Marqués de la Ensenada, Chueca-Justicia, Madrid",€395.000,,,,,,,,,,,,,,,,,,,,,,,
,,,,"Piso en calle del Marqués de Santa Ana, Malasaña-Universidad, Madrid",€664.900,,,,,,,,,,,,,,,,,,,,,,,
,,,,"Piso en calle del Marqués de Urquijo, Argüelles, Madrid",€490.000,,,,,,,,,,,,,,,,,,,,,,,
,,,,"Piso en calle del Marqués de Zafra, Fuente del Berro, Madrid",€185.000,,,,,,,,,,,,,,,,,,,,,,,
,,,,"Piso en calle del Marqués Viudo de Pontejos, 2, Sol, Madrid",€480.000,,,,,,,,,,,,,,,,,,,,,,,
,,,,"Piso en calle del Mesón de Paredes, Lavapiés-Embajadores, Madrid",€220.000,,,,,,,,,,,,,,,,,,,,,,,
,,,,"Piso en calle del Mirlo, Campamento, Madrid",€115.500,,,,,,,,,,,,,,,,,,,,,,,
,,,,"Piso en calle del Molino de Viento, Malasaña-Universidad, Madrid",€339.000,,,,,,,,,,,,,,,,,,,,,,,
,,,,"Piso en calle del Monte Esquinza, Almagro, Madrid",€3.800.000,,,,,,,,,,,,,,,,,,,,,,,
,,,,"Piso en calle del Monte Perdido, Palomeras Bajas, Madrid",€89.000,,,,,,,,,,,,,,,,,,,,,,,
,,,,"Piso en calle del Montserrat, Malasaña-Universidad, Madrid",€450.000,,,,,,,,,,,,,,,,,,,,,,,
,,,,"Piso en calle del Nenúfar, 14, Berruguete, Madrid",€260.000,,,,,,,,,,,,,,,,,,,,,,,
,,,,"Piso en calle del Norte, Malasaña-Universidad, Madrid",€308.000,,,,,,,,,,,,,,,,,,,,,,,
,,,,"Piso en calle del Olivar, 15, Lavapiés-Embajadores, Madrid",€675.000,,,,,,,,,,,,,,,,,,,,,,,
,,,,"Piso en calle del Olivar, Lavapiés-Embajadores, Madrid",€250.000,,,,,,,,,,,,,,,,,,,,,,,
,,,,"Piso en calle del Olmo, Lavapiés-Embajadores, Madrid",€260.000,,,,,,,,,,,,,,,,,,,,,,,
,,,,"Piso en calle del Oso, 11, Lavapiés-Embajadores, Madrid",€186.000,,,,,,,,,,,,,,,,,,,,,,,
,,,,"Piso en calle del Oso, Lavapiés-Embajadores, Madrid",€219.000,,,,,,,,,,,,,,,,,,,,,,,
,,,,"Piso en calle del Padre Xifré, Prosperidad, Madrid",€449.000,,,,,,,,,,,,,,,,,,,,,,,
,,,,"Piso en calle del Parque de la Paloma, Zofío, Madrid",€214.500,,,,,,,,,,,,,,,,,,,,,,,
,,,,"Piso en calle del Pez, 7, Malasaña-Universidad, Madrid",€375.000,,,,,,,,,,,,,,,,,,,,,,,
,,,,"Piso en calle del Pez, Malasaña-Universidad, Madrid",€355.000,,,,,,,,,,,,,,,,,,,,,,,
,,,,"Piso en calle del Prado, Huertas-Cortes, Madrid",€1.610.000,,,,,,,,,,,,,,,,,,,,,,,
,,,,"Piso en calle del Príncipe de Vergara, 275, Bernabéu-Hispanoamérica, Madrid",€590.000,,,,,,,,,,,,,,,,,,,,,,,
,,,,"Piso en calle del Príncipe de Vergara, 39, Recoletos, Madrid",€4.145.000,,,,,,,,,,,,,,,,,,,,,,,
,,,,"Piso en calle del Príncipe de Vergara, Bernabéu-Hispanoamérica, Madrid",€549.000,,,,,,,,,,,,,,,,,,,,,,,
,,,,"Piso en calle del Príncipe de Vergara, Castellana, Madrid",€1.530.000,,,,,,,,,,,,,,,,,,,,,,,
,,,,"Piso en calle del Príncipe de Vergara, Ciudad Jardín, Madrid",€829.000,,,,,,,,,,,,,,,,,,,,,,,
,,,,"Piso en calle del Príncipe de Vergara, Nueva España, Madrid",€499.900,,,,,,,,,,,,,,,,,,,,,,,
,,,,"Piso en calle del Príncipe de Vergara, Recoletos, Madrid",€6.632.000,,,,,,,,,,,,,,,,,,,,,,,
,,,,"Piso en calle del Puerto Canfranc, 20, Numancia, Madrid",€186.000,,,,,,,,,,,,,,,,,,,,,,,
,,,,"Piso en calle del Puerto Canfranc, 8, Numancia, Madrid",€139.000,,,,,,,,,,,,,,,,,,,,,,,
,,,,"Piso en calle del Puerto Canfranc, Numancia, Madrid",€69.000,,,,,,,,,,,,,,,,,,,,,,,
,,,,"Piso en calle del Puerto de Almansa, San Diego, Madrid",€170.000,,,,,,,,,,,,,,,,,,,,,,,
,,,,"Piso en calle del Puerto del Bruch, 10, Casco Histórico de Vallecas, Madrid",€179.000,,,,,,,,,,,,,,,,,,,,,,,
,,,,"Piso en calle del Reloj, Palacio, Madrid",€620.000,,,,,,,,,,,,,,,,,,,,,,,
,,,,"Piso en calle del Salitre, Lavapiés-Embajadores, Madrid",€1.161.000,,,,,,,,,,,,,,,,,,,,,,,
,,,,"Piso en calle del Sombrerete, Lavapiés-Embajadores, Madrid",€185.300,,,,,,,,,,,,,,,,,,,,,,,
,,,,"Piso en calle del Sorgo, Valdeacederas, Madrid",€280.000,,,,,,,,,,,,,,,,,,,,,,,
,,,,"Piso en calle del Talco, 50, Villaverde Alto, Madrid",€209.000,,,,,,,,,,,,,,,,,,,,,,,
,,,,"Piso en calle del Tesoro, Malasaña-Universidad, Madrid",€260.000,,,,,,,,,,,,,,,,,,,,,,,
,,,,"Piso en calle del Vizconde de Arlessón, San Diego, Madrid",€242.000,,,,,,,,,,,,,,,,,,,,,,,
,,,,"Piso en calle deyanira, 59, Rejas, Madrid",€200.000,,,,,,,,,,,,,,,,,,,,,,,
,,,,"Piso en calle diego leon, 42, Castellana, Madrid",€370.000,,,,,,,,,,,,,,,,,,,,,,,
,,,,"Piso en calle Divino Vallés, Delicias, Madrid",€245.000,,,,,,,,,,,,,,,,,,,,,,,
,,,,"Piso en calle Doctor Fourquet, 29, Lavapiés-Embajadores, Madrid",€345.000,,,,,,,,,,,,,,,,,,,,,,,
,,,,"Piso en calle Dulcinea, 10, Cuatro Caminos, Madrid",€550.000,,,,,,,,,,,,,,,,,,,,,,,
,,,,"Piso en calle Duque de Osuna, 6, Malasaña-Universidad, Madrid",€525.000,,,,,,,,,,,,,,,,,,,,,,,
,,,,"Piso en calle Eduardo Minguito, 6, Los Rosales, Madrid",€155.899,,,,,,,,,,,,,,,,,,,,,,,
,,,,"Piso en calle El Españoleto, 23, Almagro, Madrid",€450.000,,,,,,,,,,,,,,,,,,,,,,,
,,,,"Piso en calle Emilio Ferrari, 62, Pueblo Nuevo, Madrid",€250.000,,,,,,,,,,,,,,,,,,,,,,,
,,,,"Piso en calle Empedrada, 25, Casco Histórico de Barajas, Madrid",€287.000,,,,,,,,,,,,,,,,,,,,,,,
,,,,"Piso en calle Enrique Velasco, Numancia, Madrid",€290.000,,,,,,,,,,,,,,,,,,,,,,,
,,,,"Piso en calle Escosura, Arapiles, Madrid",€430.000,,,,,,,,,,,,,,,,,,,,,,,
,,,,"Piso en calle Eugenio salazar, 45, Ciudad Jardín, Madrid",€520.000,,,,,,,,,,,,,,,,,,,,,,,
,,,,"Piso en calle Fuerte de Navidad, Águilas, Madrid",€439.000,,,,,,,,,,,,,,,,,,,,,,,
,,,,"Piso en calle Geología, Villaverde Alto, Madrid",€160.000,,,,,,,,,,,,,,,,,,,,,,,
,,,,"Piso en calle Goya, 113, Goya, Madrid",€545.000,,,,,,,,,,,,,,,,,,,,,,,
,,,,"Piso en calle Grañón, Las Tablas, Madrid",€375.000,,,,,,,,,,,,,,,,,,,,,,,
,,,,"Piso en calle Hermanos de Pablo, Quintana, Madrid",€168.000,,,,,,,,,,,,,,,,,,,,,,,
,,,,"Piso en calle hermosilla, Goya, Madrid",€875.000,,,,,,,,,,,,,,,,,,,,,,,
,,,,"Piso en calle imagen, 99, San Diego, Madrid",€142.000,,,,,,,,,,,,,,,,,,,,,,,
,,,,"Piso en calle Infantas, Chueca-Justicia, Madrid",€770.000,,,,,,,,,,,,,,,,,,,,,,,
,,,,"Piso en calle Isidra Jiménez, Pradolongo, Madrid",€159.900,,,,,,,,,,,,,,,,,,,,,,,
,,,,"Piso en calle Luis Villa, 6, Goya, Madrid",€580.000,,,,,,,,,,,,,,,,,,,,,,,
,,,,"Piso en calle Manuel Aleixandre, 14, Legazpi, Madrid",€320.000,,,,,,,,,,,,,,,,,,,,,,,
,,,,"Piso en calle Marcelino Castillo, Aluche, Madrid",€200.000,,,,,,,,,,,,,,,,,,,,,,,
,,,,"Piso en calle Menorca, 39, Ibiza, Madrid",€480.000,,,,,,,,,,,,,,,,,,,,,,,
,,,,"Piso en calle Menorca, s/n, Ibiza, Madrid",€475.000,,,,,,,,,,,,,,,,,,,,,,,
,,,,"Piso en calle moratines, 2, Acacias, Madrid",€390.000,,,,,,,,,,,,,,,,,,,,,,,
,,,,"Piso en calle Narváez, 30, Ibiza, Madrid",€885.000,,,,,,,,,,,,,,,,,,,,,,,
,,,,"Piso en calle Nicolás Godoy, Almendrales, Madrid",€247.590,,,,,,,,,,,,,,,,,,,,,,,
,,,,"Piso en calle Padre Xifre, 3, Prosperidad, Madrid",€449.000,,,,,,,,,,,,,,,,,,,,,,,
,,,,"Piso en calle picaza, 13, Aluche, Madrid",€185.000,,,,,,,,,,,,,,,,,,,,,,,
,,,,"Piso en calle Pico de los Artilleros, Vinateros, Madrid",€160.000,,,,,,,,,,,,,,,,,,,,,,,
,,,,"Piso en calle Picos de Europa, 37, Numancia, Madrid",€183.000,,,,,,,,,,,,,,,,,,,,,,,
,,,,"Piso en calle Polibea, Concepción, Madrid",€240.000,,,,,,,,,,,,,,,,,,,,,,,
,,,,"Piso en calle Potosi, Bernabéu-Hispanoamérica, Madrid",€360.000,,,,,,,,,,,,,,,,,,,,,,,
,,,,"Piso en calle Prudencio Álvaro, Quintana, Madrid",€159.000,,,,,,,,,,,,,,,,,,,,,,,
,,,,"Piso en calle Puerto de Cardoso, Palomeras Bajas, Madrid",€225.000,,,,,,,,,,,,,,,,,,,,,,,
,,,,"Piso en calle Reguera de Tomateros, 49, Entrevías, Madrid",€194.500,,,,,,,,,,,,,,,,,,,,,,,
,,,,"Piso en calle Rufino Blanco, 26, Fuente del Berro, Madrid",€305.000,,,,,,,,,,,,,,,,,,,,,,,
,,,,"Piso en calle San Graciano, 3, Moscardó, Madrid",€380.000,,,,,,,,,,,,,,,,,,,,,,,
,,,,"Piso en calle Santa Clara, 4, Palacio, Madrid",€630.000,,,,,,,,,,,,,,,,,,,,,,,
,,,,"Piso en calle Santa María Reina, 12 de Octubre-Orcasur, Madrid",€147.556,,,,,,,,,,,,,,,,,,,,,,,
,,,,"Piso en calle Serrano, Castellana, Madrid",€1.680.000,,,,,,,,,,,,,,,,,,,,,,,
,,,,"Piso en calle Tomás Meabe, Comillas, Madrid",€278.000,,,,,,,,,,,,,,,,,,,,,,,
,,,,"Piso en calle Topete, Bellas Vistas, Madrid",€298.900,,,,,,,,,,,,,,,,,,,,,,,
,,,,"Piso en calle vargas, Nuevos Ministerios-Ríos Rosas, Madrid",€330.000,,,,,,,,,,,,,,,,,,,,,,,
,,,,"Piso en calle Velázquez, 115, Castellana, Madrid",€410.000,,,,,,,,,,,,,,,,,,,,,,,
,,,,"Piso en calle Vicente Camarón, Puerta del Ángel, Madrid",€335.000,,,,,,,,,,,,,,,,,,,,,,,
,,,,"Piso en calle Villaveza, Villaverde Alto, Madrid",€170.000,,,,,,,,,,,,,,,,,,,,,,,
,,,,"Piso en calle Virgen de las Viñas, 11, Santa Eugenia, Madrid",€146.600,,,,,,,,,,,,,,,,,,,,,,,
,,,,"Piso en Carnero, 4, Lavapiés-Embajadores, Madrid",€250.000,,,,,,,,,,,,,,,,,,,,,,,
,,,,"Piso en Carrera de San Francisco, 5, Palacio, Madrid",€230.000,,,,,,,,,,,,,,,,,,,,,,,
,,,,"Piso en casco histórico de barajas, Casco Histórico de Barajas, Madrid",€360.000,,,,,,,,,,,,,,,,,,,,,,,
,,,,"Piso en Casco Histórico de Vicálvaro, Madrid",€159.000,,,,,,,,,,,,,,,,,,,,,,,
,,,,"Piso en Castellana, Madrid",€26.497.000,,,,,,,,,,,,,,,,,,,,,,,
,,,,"Piso en Castilla, Madrid",€380.000,,,,,,,,,,,,,,,,,,,,,,,
,,,,"Piso en Chueca-Justicia, Madrid",€3.790.000,,,,,,,,,,,,,,,,,,,,,,,
,,,,"Piso en Concepción, Madrid",€507.000,,,,,,,,,,,,,,,,,,,,,,,
,,,,"Piso en Corredera Alta de San Pablo, Malasaña-Universidad, Madrid",€340.000,,,,,,,,,,,,,,,,,,,,,,,
,,,,"Piso en costanilla de los Desamparados, Huertas-Cortes, Madrid",€267.000,,,,,,,,,,,,,,,,,,,,,,,
,,,,"Piso en costanilla de San Andrés, Palacio, Madrid",€280.000,,,,,,,,,,,,,,,,,,,,,,,
,,,,"Piso en Cruz, Sol, Madrid",€500.000,,,,,,,,,,,,,,,,,,,,,,,
,,,,"Piso en Cuatro Caminos, Madrid",€831.000,,,,,,,,,,,,,,,,,,,,,,,
,,,,"Piso en Cuzco-Castillejos, Madrid",€229.500,,,,,,,,,,,,,,,,,,,,,,,
,,,,"Piso en de Embajadores, 89, Delicias, Madrid",€280.000,,,,,,,,,,,,,,,,,,,,,,,
,,,,"Piso en de Fernán González, Ibiza, Madrid",€959.000,,,,,,,,,,,,,,,,,,,,,,,
,,,,"Piso en de Francisco Silvela, Lista, Madrid",€699.000,,,,,,,,,,,,,,,,,,,,,,,
,,,,"Piso en de Ibiza, Ibiza, Madrid",€850.000,,,,,,,,,,,,,,,,,,,,,,,
,,,,"Piso en de la Dirección, Berruguete, Madrid",€420.000,,,,,,,,,,,,,,,,,,,,,,,
,,,,"Piso en del Doctor Federico Rubio y Galí, Bellas Vistas, Madrid",€399.000,,,,,,,,,,,,,,,,,,,,,,,
,,,,"Piso en del Duque de Osuna, Malasaña-Universidad, Madrid",€525.000,,,,,,,,,,,,,,,,,,,,,,,
,,,,"Piso en Delicias, Madrid",€474.000,,,,,,,,,,,,,,,,,,,,,,,
,,,,"Piso en Diego de León, Guindalera, Madrid",€1.179.000,,,,,,,,,,,,,,,,,,,,,,,
,,,,"Piso en El Viso, Madrid",€2.644.000,,,,,,,,,,,,,,,,,,,,,,,
,,,,"Piso en embajadores, Lavapiés-Embajadores, Madrid",€497.000,,,,,,,,,,,,,,,,,,,,,,,
,,,,"Piso en Entrevías, Madrid",€170.000,,,,,,,,,,,,,,,,,,,,,,,
,,,,"Piso en francisco silvela, 56, Guindalera, Madrid",€250.000,,,,,,,,,,,,,,,,,,,,,,,
,,,,"Piso en francisco silvela, 60, Guindalera, Madrid",€270.000,,,,,,,,,,,,,,,,,,,,,,,
,,,,"Piso en Fuente del Berro, Madrid",€1.475.000,,,,,,,,,,,,,,,,,,,,,,,
,,,,"Piso en Gaztambide, Madrid",€1.213.000,,,,,,,,,,,,,,,,,,,,,,,
,,,,"Piso en Goya, Madrid",€16.888.900,,,,,,,,,,,,,,,,,,,,,,,
,,,,"Piso en Gravina, Chueca-Justicia, Madrid",€650.000,,,,,,,,,,,,,,,,,,,,,,,
,,,,"Piso en Guindalera, Madrid",€365.000,,,,,,,,,,,,,,,,,,,,,,,
,,,,"Piso en Huertas-Cortes, Madrid",€3.422.900,,,,,,,,,,,,,,,,,,,,,,,
,,,,"Piso en Humilladero, 7, Palacio, Madrid",€435.000,,,,,,,,,,,,,,,,,,,,,,,
,,,,"Piso en Ibiza, Madrid",€14.587.000,,,,,,,,,,,,,,,,,,,,,,,
,,,,"Piso en Ibiza, s/n, Ibiza, Madrid",€900.000,,,,,,,,,,,,,,,,,,,,,,,
,,,,"Piso en Imperial, Madrid",€320.000,,,,,,,,,,,,,,,,,,,,,,,
,,,,"Piso en Jerónimos, Madrid",€8.635.000,,,,,,,,,,,,,,,,,,,,,,,
,,,,"Piso en La Palma, Sol, Madrid",€449.000,,,,,,,,,,,,,,,,,,,,,,,
,,,,"Piso en La Paz, Madrid",€890.000,,,,,,,,,,,,,,,,,,,,,,,
,,,,"Piso en Lavapies Emabajadores, Lavapiés-Embajadores, Madrid",€157.000,,,,,,,,,,,,,,,,,,,,,,,
,,,,"Piso en Lavapies Embajadores, Lavapiés-Embajadores, Madrid",€230.000,,,,,,,,,,,,,,,,,,,,,,,
,,,,"Piso en Lavapiés-Embajadores, Madrid",€5.211.000,,,,,,,,,,,,,,,,,,,,,,,
,,,,"Piso en Lista, Madrid",€24.750.000,,,,,,,,,,,,,,,,,,,,,,,
,,,,"Piso en Malasaña-Universidad, Madrid",€8.849.005,,,,,,,,,,,,,,,,,,,,,,,
,,,,"Piso en Manuel Maroto, 76, San Diego, Madrid",€135.000,,,,,,,,,,,,,,,,,,,,,,,
,,,,"Piso en Montera, Sol, Madrid",€919.000,,,,,,,,,,,,,,,,,,,,,,,
,,,,"Piso en Moscardó, Madrid",€200.000,,,,,,,,,,,,,,,,,,,,,,,
,,,,"Piso en naranjo, Berruguete, Madrid",€195.000,,,,,,,,,,,,,,,,,,,,,,,
,,,,"Piso en Niño Jesús, Madrid",€1.910.000,,,,,,,,,,,,,,,,,,,,,,,
,,,,"Piso en Nueva España, Madrid",€590.000,,,,,,,,,,,,,,,,,,,,,,,
,,,,"Piso en Nuevos Ministerios-Ríos Rosas, Madrid",€395.000,,,,,,,,,,,,,,,,,,,,,,,
,,,,"Piso en Numancia, Madrid",€329.000,,,,,,,,,,,,,,,,,,,,,,,
,,,,"Piso en Olivo, Aravaca, Madrid",€230.000,,,,,,,,,,,,,,,,,,,,,,,
,,,,"Piso en Pacífico, Madrid",€310.000,,,,,,,,,,,,,,,,,,,,,,,
,,,,"Piso en Palacio, Madrid",€4.431.616,,,,,,,,,,,,,,,,,,,,,,,
,,,,"Piso en Paloma, Palacio, Madrid",€450.000,,,,,,,,,,,,,,,,,,,,,,,
,,,,"Piso en Palomeras Bajas, Madrid",€430.000,,,,,,,,,,,,,,,,,,,,,,,
,,,,"Piso en Palomeras sureste, Madrid",€328.000,,,,,,,,,,,,,,,,,,,,,,,
,,,,"Piso en Palos de la Frontera, Madrid",€315.000,,,,,,,,,,,,,,,,,,,,,,,
,,,,"Piso en pasaje de Áncora, Palos de la Frontera, Madrid",€220.000,,,,,,,,,,,,,,,,,,,,,,,
,,,,"Piso en paseo de Federico García Lorca, Casco Histórico de Vallecas, Madrid",€215.000,,,,,,,,,,,,,,,,,,,,,,,
,,,,"Piso en paseo de la Castellana, 173, Cuzco-Castillejos, Madrid",€1.075.000,,,,,,,,,,,,,,,,,,,,,,,
,,,,"Piso en paseo de la Dirección, Berruguete, Madrid",€430.000,,,,,,,,,,,,,,,,,,,,,,,
,,,,"Piso en paseo de la Esperanza, Acacias, Madrid",€1.434.000,,,,,,,,,,,,,,,,,,,,,,,
,,,,"Piso en paseo de la Reina Cristina, Jerónimos, Madrid",€375.000,,,,,,,,,,,,,,,,,,,,,,,
,,,,"Piso en paseo de la Reina Cristina, Pacífico, Madrid",€1.125.000,,,,,,,,,,,,,,,,,,,,,,,
,,,,"Piso en paseo de las Acacias, Acacias, Madrid",€108.000,,,,,,,,,,,,,,,,,,,,,,,
,,,,"Piso en paseo de las delicias, 79, Delicias, Madrid",€165.000,,,,,,,,,,,,,,,,,,,,,,,
,,,,"Piso en paseo de las Delicias, Delicias, Madrid",€1.363.400,,,,,,,,,,,,,,,,,,,,,,,
,,,,"Piso en paseo de las Delicias, Palos de la Frontera, Madrid",€438.000,,,,,,,,,,,,,,,,,,,,,,,
,,,,"Piso en paseo de las Delicias, s/n, Delicias, Madrid",€240.000,,,,,,,,,,,,,,,,,,,,,,,
,,,,"Piso en paseo de las Yeserías, Acacias, Madrid",€275.000,,,,,,,,,,,,,,,,,,,,,,,
,,,,"Piso en paseo de los Pontones, 11, Imperial, Madrid",€615.000,,,,,,,,,,,,,,,,,,,,,,,
,,,,"Piso en paseo de los Pontones, Imperial, Madrid",€950.000,,,,,,,,,,,,,,,,,,,,,,,
,,,,"Piso en paseo de Marcelino Camacho, Vista Alegre, Madrid",€125.000,,,,,,,,,,,,,,,,,,,,,,,
,,,,"Piso en paseo de San Francisco de Sales, Vallehermoso, Madrid",€3.256.130,,,,,,,,,,,,,,,,,,,,,,,
,,,,"Piso en paseo de Santa María de la Cabeza, 17, Palos de la Frontera, Madrid",€465.000,,,,,,,,,,,,,,,,,,,,,,,
,,,,"Piso en paseo de Santa María de la Cabeza, Palos de la Frontera, Madrid",€782.000,,,,,,,,,,,,,,,,,,,,,,,
,,,,"Piso en paseo del General Martínez Campos, Almagro, Madrid",€2.190.000,,,,,,,,,,,,,,,,,,,,,,,
,,,,"Piso en paseo del Prado, Huertas-Cortes, Madrid",€235.000,,,,,,,,,,,,,,,,,,,,,,,
,,,,"Piso en paseo Infanta Isabel, 23, Jerónimos, Madrid",€617.000,,,,,,,,,,,,,,,,,,,,,,,
,,,,"Piso en plaza de Carlos Cambronero, 5, Malasaña-Universidad, Madrid",€300.000,,,,,,,,,,,,,,,,,,,,,,,
,,,,"Piso en plaza de Chueca, 3, Chueca-Justicia, Madrid",€290.000,,,,,,,,,,,,,,,,,,,,,,,
,,,,"Piso en plaza de España, Argüelles, Madrid",€598.000,,,,,,,,,,,,,,,,,,,,,,,
,,,,"Piso en plaza de la R. Dominicana, Nueva España, Madrid",€650.000,,,,,,,,,,,,,,,,,,,,,,,
,,,,"Piso en plaza de Lavapiés, Lavapiés-Embajadores, Madrid",€200.000,,,,,,,,,,,,,,,,,,,,,,,
,,,,"Piso en plaza de Manuel Becerra, Goya, Madrid",€299.900,,,,,,,,,,,,,,,,,,,,,,,
,,,,"Piso en plaza de Olavide, Trafalgar, Madrid",€1.190.000,,,,,,,,,,,,,,,,,,,,,,,
,,,,"Piso en plaza de Ribadeo, 4, Pilar, Madrid",€126.800,,,,,,,,,,,,,,,,,,,,,,,
,,,,"Piso en plaza Lavapiés, Lavapiés-Embajadores, Madrid",€340.000,,,,,,,,,,,,,,,,,,,,,,,
,,,,"Piso en plaza Memoria Vinculante, Orcasitas, Madrid",€110.000,,,,,,,,,,,,,,,,,,,,,,,
,,,,"Piso en Pradolongo, Madrid",€311.000,,,,,,,,,,,,,,,,,,,,,,,
,,,,"Piso en Preciados, 33, Sol, Madrid",€350.000,,,,,,,,,,,,,,,,,,,,,,,
,,,,"Piso en Príncipe de Vergara, 289, Nueva España, Madrid",€550.000,,,,,,,,,,,,,,,,,,,,,,,
,,,,"Piso en Puerta Bonita, Madrid",€394.000,,,,,,,,,,,,,,,,,,,,,,,
,,,,"Piso en Puerta del Ángel, Madrid",€168.000,,,,,,,,,,,,,,,,,,,,,,,
,,,,"Piso en puerta del Sol, Sol, Madrid",€316.000,,,,,,,,,,,,,,,,,,,,,,,
,,,,"Piso en Quintana, Madrid",€195.000,,,,,,,,,,,,,,,,,,,,,,,
,,,,"Piso en Recoletos, Madrid",€42.126.000,,,,,,,,,,,,,,,,,,,,,,,
,,,,"Piso en ronda de Atocha, Palos de la Frontera, Madrid",€1.546.400,,,,,,,,,,,,,,,,,,,,,,,
,,,,"Piso en ronda de Segovia, 33, Palacio, Madrid",€214.166,,,,,,,,,,,,,,,,,,,,,,,
,,,,"Piso en ronda de Segovia, Imperial, Madrid",€977.500,,,,,,,,,,,,,,,,,,,,,,,
,,,,"Piso en ronda de Toledo, Acacias, Madrid",€225.000,,,,,,,,,,,,,,,,,,,,,,,
,,,,"Piso en ronda del Sur, 187, Entrevías, Madrid",€168.000,,,,,,,,,,,,,,,,,,,,,,,
,,,,"Piso en Sainz De Baranda, 53, Niño Jesús, Madrid",€780.000,,,,,,,,,,,,,,,,,,,,,,,
,,,,"Piso en San Diego, Madrid",€351.000,,,,,,,,,,,,,,,,,,,,,,,
,,,,"Piso en Simancas, Madrid",€320.000,,,,,,,,,,,,,,,,,,,,,,,
,,,,"Piso en Sol, Madrid",€6.590.000,,,,,,,,,,,,,,,,,,,,,,,
,,,,"Piso en toledo, 46, Palacio, Madrid",€450.000,,,,,,,,,,,,,,,,,,,,,,,
,,,,"Piso en Trafalgar, Madrid",€650.000,,,,,,,,,,,,,,,,,,,,,,,
,,,,"Piso en travesía del Doctor Sánchez, San Diego, Madrid",€145.000,,,,,,,,,,,,,,,,,,,,,,,
,,,,"Piso en travesía del Reloj, Palacio, Madrid",€514.000,,,,,,,,,,,,,,,,,,,,,,,
,,,,"Piso en Valdeacederas, Madrid",€295.000,,,,,,,,,,,,,,,,,,,,,,,
,,,,"Piso en Valdebernardo - Valderrivas, Madrid",€722.500,,,,,,,,,,,,,,,,,,,,,,,
,,,,"Piso en Velazquez, Castellana, Madrid",€585.000,,,,,,,,,,,,,,,,,,,,,,,
,,,,"Piso en Ventas, Madrid",€229.000,,,,,,,,,,,,,,,,,,,,,,,
,,,,"Piso en Vinateros, Madrid",€325.000,,,,,,,,,,,,,,,,,,,,,,,
,,,ND,"Ático en Trafalgar, Madrid",€950.000,,,,,,,,,,,,,,,,,,,,,,,
,,,,"Casa o chalet independiente en Ambroz, Madrid",€399.000,,,,,,,,,,,,,,,,,,,,,,,
,,,,"Casa o chalet independiente en Ángel Beato, 22, Peñagrande, Madrid",€7.775.000,,,,,,,,,,,,,,,,,,,,,,,
,,,,"Casa o chalet independiente en Aravaca, Madrid",€4.000.000,,,,,,,,,,,,,,,,,,,,,,,
,,,,"Casa o chalet independiente en avenida Albufera, 64, Numancia, Madrid",€150.000,,,,,,,,,,,,,,,,,,,,,,,
,,,,"Casa o chalet independiente en avenida Carondelet, Conde Orgaz-Piovera, Madrid",€4.000.000,,,,,,,,,,,,,,,,,,,,,,,
,,,,"Casa o chalet independiente en avenida de Alfonso XIII, 174, Nueva España, Madrid",€2.900.000,,,,,,,,,,,,,,,,,,,,,,,
,,,,"Casa o chalet independiente en avenida de Fuentelarreina, Ciudad Universitaria, Madrid",€2.200.000,,,,,,,,,,,,,,,,,,,,,,,
,,,,"Casa o chalet independiente en avenida de Fuentelarreina, s/n, Ciudad Universitaria, Madrid",€2.200.000,,,,,,,,,,,,,,,,,,,,,,,
,,,,"Casa o chalet independiente en avenida de Juan Andrés, Valdezarza, Madrid",€725.000,,,,,,,,,,,,,,,,,,,,,,,
,,,,"Casa o chalet independiente en avenida de Miraflores, Ciudad Universitaria, Madrid",€2.000.000,,,,,,,,,,,,,,,,,,,,,,,
,,,,"Casa o chalet independiente en avenida de Ramón y Cajal, 16, Ciudad Jardín, Madrid",€2.000.000,,,,,,,,,,,,,,,,,,,,,,,
,,,,"Casa o chalet independiente en avenida de Valdemarín, Valdemarín, Madrid",€4.450.000,,,,,,,,,,,,,,,,,,,,,,,
,,,,"Casa o chalet independiente en avenida del Papa Negro, 1, Conde Orgaz-Piovera, Madrid",€3.800.000,,,,,,,,,,,,,,,,,,,,,,,
,,,,"Casa o chalet independiente en avenida Fuentelarreina, Ciudad Universitaria, Madrid",€2.200.000,,,,,,,,,,,,,,,,,,,,,,,
,,,,"Casa o chalet independiente en avenida Fuentelarreyna, Ciudad Universitaria, Madrid",€2.250.000,,,,,,,,,,,,,,,,,,,,,,,
,,,,"Casa o chalet independiente en Bellas Vistas, Madrid",€1.950.000,,,,,,,,,,,,,,,,,,,,,,,
,,,,"Casa o chalet independiente en calle Alsasua, 6, Aravaca, Madrid",€17.640.000,,,,,,,,,,,,,,,,,,,,,,,
,,,,"Casa o chalet independiente en calle Angel Beato, s/n, Peñagrande, Madrid",€2.200.000,,,,,,,,,,,,,,,,,,,,,,,
,,,,"Casa o chalet independiente en calle Araiz, Aravaca, Madrid",€1.200.000,,,,,,,,,,,,,,,,,,,,,,,
,,,,"Casa o chalet independiente en calle Barrial, Aravaca, Madrid",€3.100.000,,,,,,,,,,,,,,,,,,,,,,,
,,,,"Casa o chalet independiente en calle Benita Ávila, 36, Canillas, Madrid",€850.000,,,,,,,,,,,,,,,,,,,,,,,
,,,,"Casa o chalet independiente en calle Benita Ávila, Canillas, Madrid",€850.000,,,,,,,,,,,,,,,,,,,,,,,
,,,,"Casa o chalet independiente en calle Cacabelos, Valdebebas - Valdefuentes, Madrid",€1.200.000,,,,,,,,,,,,,,,,,,,,,,,
,,,,"Casa o chalet independiente en calle castillo de aysa, Conde Orgaz-Piovera, Madrid",€5.500.000,,,,,,,,,,,,,,,,,,,,,,,
,,,,"Casa o chalet independiente en calle Conde de Eleta, Vista Alegre, Madrid",€375.000,,,,,,,,,,,,,,,,,,,,,,,
,,,,"Casa o chalet independiente en calle de Álvaro Caballero, 9, El Plantío, Madrid",€1.250.000,,,,,,,,,,,,,,,,,,,,,,,
,,,,"Casa o chalet independiente en calle de Argentona, Valdemarín, Madrid",€2.100.000,,,,,,,,,,,,,,,,,,,,,,,
,,,,"Casa o chalet independiente en calle de Basilio de Prado, Peñagrande, Madrid",€1.815.000,,,,,,,,,,,,,,,,,,,,,,,
,,,,"Casa o chalet independiente en calle de Bolarque, Aravaca, Madrid",€5.350.000,,,,,,,,,,,,,,,,,,,,,,,
,,,,"Casa o chalet independiente en calle de Cartagena, 110, Guindalera, Madrid",€260.000,,,,,,,,,,,,,,,,,,,,,,,
,,,,"Casa o chalet independiente en calle de Eladio López Vilches, Costillares, Madrid",€720.000,,,,,,,,,,,,,,,,,,,,,,,
,,,,"Casa o chalet independiente en calle de Goitia, s/n, Concepción, Madrid",€1.600.000,,,,,,,,,,,,,,,,,,,,,,,
,,,,"Casa o chalet independiente en calle de Guecho, El Plantío, Madrid",€16.250.000,,,,,,,,,,,,,,,,,,,,,,,
,,,,"Casa o chalet independiente en calle de Guerrero y Mendoza, Ciudad Jardín, Madrid",€7.425.000,,,,,,,,,,,,,,,,,,,,,,,
,,,,"Casa o chalet independiente en calle de Guisando, Ciudad Universitaria, Madrid",€3.890.000,,,,,,,,,,,,,,,,,,,,,,,
,,,,"Casa o chalet independiente en calle de Guisando, s/n, Ciudad Universitaria, Madrid",€4.000.000,,,,,,,,,,,,,,,,,,,,,,,
,,,,"Casa o chalet independiente en calle de Joaquín Jorge Alarcón, Peñagrande, Madrid",€1.750.000,,,,,,,,,,,,,,,,,,,,,,,
,,,,"Casa o chalet independiente en calle de Juan de Urbieta, Niño Jesús, Madrid",€2.150.000,,,,,,,,,,,,,,,,,,,,,,,
,,,,"Casa o chalet independiente en calle de la Bahía de Santander, Campo de las Naciones-Corralejos, Madrid",€920.000,,,,,,,,,,,,,,,,,,,,,,,
,,,,"Casa o chalet independiente en calle de la Charca Verde, Ciudad Jardín, Madrid",€2.395.000,,,,,,,,,,,,,,,,,,,,,,,
,,,,"Casa o chalet independiente en calle de la Isla de Nelson, 34, Valdezarza, Madrid",€575.000,,,,,,,,,,,,,,,,,,,,,,,
,,,,"Casa o chalet independiente en calle de la Isla de Oza, Ciudad Universitaria, Madrid",€1.325.000,,,,,,,,,,,,,,,,,,,,,,,
,,,,"Casa o chalet independiente en calle de las Islas Bikini, Peñagrande, Madrid",€1.680.000,,,,,,,,,,,,,,,,,,,,,,,
,,,,"Casa o chalet independiente en calle de las Palomeras, San Diego, Madrid",€260.000,,,,,,,,,,,,,,,,,,,,,,,
,,,,"Casa o chalet independiente en calle de Levante, Castilla, Madrid",€2.610.000,,,,,,,,,,,,,,,,,,,,,,,
,,,,"Casa o chalet independiente en calle de López Puigcerver, Ciudad Universitaria, Madrid",€2.500.000,,,,,,,,,,,,,,,,,,,,,,,
,,,,"Casa o chalet independiente en calle de los Carrascales, s/n, Pradolongo, Madrid",€887.000,,,,,,,,,,,,,,,,,,,,,,,
,,,,"Casa o chalet independiente en calle de Luis de la Mata, Palomas, Madrid",€2.300.000,,,,,,,,,,,,,,,,,,,,,,,
,,,,"Casa o chalet independiente en calle de Manipa, Concepción, Madrid",€1.300.000,,,,,,,,,,,,,,,,,,,,,,,
,,,,"Casa o chalet independiente en calle de Mercedes Fórmica, Fuente del Berro, Madrid",€2.400.000,,,,,,,,,,,,,,,,,,,,,,,
,,,,"Casa o chalet independiente en calle de Nuria, Mirasierra, Madrid",€2.475.000,,,,,,,,,,,,,,,,,,,,,,,
,,,,"Casa o chalet independiente en calle de Pardo Bazán, Bernabéu-Hispanoamérica, Madrid",€2.000.000,,,,,,,,,,,,,,,,,,,,,,,
,,,,"Casa o chalet independiente en calle de Pérez Cidón, 7, Concepción, Madrid",€2.600.000,,,,,,,,,,,,,,,,,,,,,,,
,,,,"Casa o chalet independiente en calle de Pérez Cidón, Concepción, Madrid",€5.200.000,,,,,,,,,,,,,,,,,,,,,,,
,,,,"Casa o chalet independiente en calle de Torrebeleña, Fuentelarreina, Madrid",€2.200.000,,,,,,,,,,,,,,,,,,,,,,,
,,,,"Casa o chalet independiente en calle de Vedra, 47, Entrevías, Madrid",€195.000,,,,,,,,,,,,,,,,,,,,,,,
,,,,"Casa o chalet independiente en calle de Vitruvio, El Viso, Madrid",€6.600.000,,,,,,,,,,,,,,,,,,,,,,,
,,,,"Casa o chalet independiente en calle de Zumárraga, El Plantío, Madrid",€2.950.000,,,,,,,,,,,,,,,,,,,,,,,
,,,,"Casa o chalet independiente en calle del Genil, El Viso, Madrid",€6.950.000,,,,,,,,,,,,,,,,,,,,,,,
,,,,"Casa o chalet independiente en calle del Maestro Ripoll, El Viso, Madrid",€8.600.000,,,,,,,,,,,,,,,,,,,,,,,
,,,,"Casa o chalet independiente en calle del Marqués de Villabrágima, Peñagrande, Madrid",€1.990.000,,,,,,,,,,,,,,,,,,,,,,,
,,,,"Casa o chalet independiente en calle del Monte Perdido, 47, San Diego, Madrid",€725.000,,,,,,,,,,,,,,,,,,,,,,,
,,,,"Casa o chalet independiente en calle del Nacimiento, Simancas, Madrid",€190.000,,,,,,,,,,,,,,,,,,,,,,,
,,,,"Casa o chalet independiente en calle del Pinar del Rey, Pinar del Rey, Madrid",€800.000,,,,,,,,,,,,,,,,,,,,,,,
,,,,"Casa o chalet independiente en calle del Portal, 43, Simancas, Madrid",€285.000,,,,,,,,,,,,,,,,,,,,,,,
,,,,"Casa o chalet independiente en calle del Zenit, Aravaca, Madrid",€3.500.000,,,,,,,,,,,,,,,,,,,,,,,
,,,,"Casa o chalet independiente en calle Francisco Lizcano, Buena Vista, Madrid",€1.590.000,,,,,,,,,,,,,,,,,,,,,,,
,,,,"Casa o chalet independiente en calle Gallegos, 6, Casco Histórico de Vicálvaro, Madrid",€700.000,,,,,,,,,,,,,,,,,,,,,,,
,,,,"Casa o chalet independiente en calle Grama, 25, Valdebebas - Valdefuentes, Madrid",€1.250.000,,,,,,,,,,,,,,,,,,,,,,,
,,,,"Casa o chalet independiente en calle Guecho, El Plantío, Madrid",€8.400.000,,,,,,,,,,,,,,,,,,,,,,,
,,,,"Casa o chalet independiente en calle Jimena Menéndez Pidal, 26, Valdemarín, Madrid",€9.000.000,,,,,,,,,,,,,,,,,,,,,,,
,,,,"Casa o chalet independiente en calle Lamiaco, El Plantío, Madrid",€9.900.000,,,,,,,,,,,,,,,,,,,,,,,
,,,,"Casa o chalet independiente en calle Montejurra, s/n, Ventas, Madrid",€260.000,,,,,,,,,,,,,,,,,,,,,,,
,,,,"Casa o chalet independiente en calle Monteverde, Alameda de Osuna, Madrid",€1.225.000,,,,,,,,,,,,,,,,,,,,,,,
,,,,"Casa o chalet independiente en calle Navalmanzano, Ciudad Universitaria, Madrid",€1.600.000,,,,,,,,,,,,,,,,,,,,,,,
,,,,"Casa o chalet independiente en calle Paradores, 3, El Plantío, Madrid",€2.800.000,,,,,,,,,,,,,,,,,,,,,,,
,,,,"Casa o chalet independiente en calle Paradores, El Plantío, Madrid",€2.500.000,,,,,,,,,,,,,,,,,,,,,,,
,,,,"Casa o chalet independiente en calle Peguerinos, Ciudad Universitaria, Madrid",€3.900.000,,,,,,,,,,,,,,,,,,,,,,,
,,,,"Casa o chalet independiente en calle Princesa Micomicona, Tres Olivos - Valverde, Madrid",€1.975.000,,,,,,,,,,,,,,,,,,,,,,,
,,,,"Casa o chalet independiente en calle Puebla de Sanabria, 25, Villaverde Alto, Madrid",€520.000,,,,,,,,,,,,,,,,,,,,,,,
,,,,"Casa o chalet independiente en calle Serramagna, Conde Orgaz-Piovera, Madrid",€5.500.000,,,,,,,,,,,,,,,,,,,,,,,
,,,,"Casa o chalet independiente en calle Siguero, Fuentelarreina, Madrid",€3.000.000,,,,,,,,,,,,,,,,,,,,,,,
,,,,"Casa o chalet independiente en calle Teresa Orozco, 12, Aravaca, Madrid",€3.600.000,,,,,,,,,,,,,,,,,,,,,,,
,,,,"Casa o chalet independiente en calle Triunfo, 28011, Puerta del Ángel, Madrid",€279.000,,,,,,,,,,,,,,,,,,,,,,,
,,,,"Casa o chalet independiente en calle Valdivieso, 8, Aravaca, Madrid",€480.000,,,,,,,,,,,,,,,,,,,,,,,
,,,,"Casa o chalet independiente en calle Vellón, 19, Peñagrande, Madrid",€490.000,,,,,,,,,,,,,,,,,,,,,,,
,,,,"Casa o chalet independiente en calle Venta Vieja, 7, El Plantío, Madrid",€2.380.000,,,,,,,,,,,,,,,,,,,,,,,
,,,,"Casa o chalet independiente en calle Venta Vieja, El Plantío, Madrid",€1.900.000,,,,,,,,,,,,,,,,,,,,,,,
,,,,"Casa o chalet independiente en camino Viejo de Burgos, Valdebebas - Valdefuentes, Madrid",€620.000,,,,,,,,,,,,,,,,,,,,,,,
,,,,"Casa o chalet independiente en Campo de las Naciones-Corralejos, Madrid",€1.375.000,,,,,,,,,,,,,,,,,,,,,,,
,,,,"Casa o chalet independiente en Canillas, Madrid",€1.700.000,,,,,,,,,,,,,,,,,,,,,,,
,,,,"Casa o chalet independiente en Ciudad Jardín, Madrid",€5.830.000,,,,,,,,,,,,,,,,,,,,,,,
,,,,"Casa o chalet independiente en Ciudad Universitaria, Madrid",€20.115.000,,,,,,,,,,,,,,,,,,,,,,,
,,,,"Casa o chalet independiente en Concepción, Madrid",€2.600.000,,,,,,,,,,,,,,,,,,,,,,,
,,,,"Casa o chalet independiente en Conde Orgaz-Piovera, Madrid",€38.960.000,,,,,,,,,,,,,,,,,,,,,,,
,,,,"Casa o chalet independiente en El Plantío, Madrid",€45.930.000,,,,,,,,,,,,,,,,,,,,,,,
,,,,"Casa o chalet independiente en El Viso, Madrid",€40.400.000,,,,,,,,,,,,,,,,,,,,,,,
,,,,"Casa o chalet independiente en Fernandez Cid, 19, Peñagrande, Madrid",€948.000,,,,,,,,,,,,,,,,,,,,,,,
,,,,"Casa o chalet independiente en Fuente del Berro, Madrid",€9.850.000,,,,,,,,,,,,,,,,,,,,,,,
,,,,"Casa o chalet independiente en fuente larreina, Ciudad Universitaria, Madrid",€2.250.000,,,,,,,,,,,,,,,,,,,,,,,
,,,,"Casa o chalet independiente en Fuentelarreina, Madrid",€11.790.000,,,,,,,,,,,,,,,,,,,,,,,
,,,,"Casa o chalet independiente en Guerrero y Mendoza, Ciudad Jardín, Madrid",€2.475.000,,,,,,,,,,,,,,,,,,,,,,,
,,,,"Casa o chalet independiente en Guindalera, Madrid",€3.000.000,,,,,,,,,,,,,,,,,,,,,,,
,,,,"Casa o chalet independiente en Horche, 3, Aravaca, Madrid",€3.650.000,,,,,,,,,,,,,,,,,,,,,,,
,,,,"Casa o chalet independiente en Mirasierra, Madrid",€2.850.000,,,,,,,,,,,,,,,,,,,,,,,
,,,,"Casa o chalet independiente en Montecarmelo, Madrid",€1.195.000,,,,,,,,,,,,,,,,,,,,,,,
,,,,"Casa o chalet independiente en Niño Jesús, Madrid",€6.245.000,,,,,,,,,,,,,,,,,,,,,,,
,,,,"Casa o chalet independiente en Nueva España, Madrid",€36.200.000,,,,,,,,,,,,,,,,,,,,,,,
,,,,"Casa o chalet independiente en Palomas, Madrid",€1.850.000,,,,,,,,,,,,,,,,,,,,,,,
,,,,"Casa o chalet independiente en Paradores, El Plantío, Madrid",€3.100.000,,,,,,,,,,,,,,,,,,,,,,,
,,,,"Casa o chalet independiente en paseo de La Habana, Nueva España, Madrid",€2.950.000,,,,,,,,,,,,,,,,,,,,,,,
,,,,"Casa o chalet independiente en paseo del Marqués de Monistrol, Casa de Campo, Madrid",€360.000,,,,,,,,,,,,,,,,,,,,,,,
,,,,"Casa o chalet independiente en Peñagrande, Madrid",€13.163.000,,,,,,,,,,,,,,,,,,,,,,,
,,,,"Casa o chalet independiente en Pinar del Rey, Madrid",€1.420.000,,,,,,,,,,,,,,,,,,,,,,,
,,,,"Casa o chalet independiente en plaza de la Charca Verde, Ciudad Jardín, Madrid",€2.000.000,,,,,,,,,,,,,,,,,,,,,,,
,,,,"Casa o chalet independiente en Rejas, Madrid",€1.620.000,,,,,,,,,,,,,,,,,,,,,,,
,,,,"Casa o chalet independiente en ronda Abubilla, Conde Orgaz-Piovera, Madrid",€3.195.000,,,,,,,,,,,,,,,,,,,,,,,
,,,,"Casa o chalet independiente en Valdebebas - Valdefuentes, Madrid",€1.600.000,,,,,,,,,,,,,,,,,,,,,,,
,,,,"Casa o chalet independiente en Valdemarín, Madrid",€13.950.000,,,,,,,,,,,,,,,,,,,,,,,
,,,,"Casa o chalet independiente en Valdezarza, Madrid",€575.000,,,,,,,,,,,,,,,,,,,,,,,
,,,,"Casa o chalet independiente en Vista Alegre, Madrid",€400.000,,,,,,,,,,,,,,,,,,,,,,,
,,,,"Casa o chalet independiente en Zumarraga, El Plantío, Madrid",€2.950.000,,,,,,,,,,,,,,,,,,,,,,,
,,,,"Casa rural en calle del Pico Veleta, Numancia, Madrid",€106.000,,,,,,,,,,,,,,,,,,,,,,,
,,,,"Chalet adosado en Alameda de Osuna, Madrid",€2.120.000,,,,,,,,,,,,,,,,,,,,,,,
,,,,"Chalet adosado en Almanzora, 32, Aravaca, Madrid",€5.190.000,,,,,,,,,,,,,,,,,,,,,,,
,,,,"Chalet adosado en Aluche, Madrid",€537.550,,,,,,,,,,,,,,,,,,,,,,,
,,,,"Chalet adosado en Aravaca, Madrid",€10.482.000,,,,,,,,,,,,,,,,,,,,,,,
,,,,"Chalet adosado en avenida de los Prunos, Palomas, Madrid",€3.295.000,,,,,,,,,,,,,,,,,,,,,,,
,,,,"Chalet adosado en avenida del Padre Cipriano, 17, El Pardo, Madrid",€815.000,,,,,,,,,,,,,,,,,,,,,,,
,,,,"Chalet adosado en avenida del Papa Negro, Conde Orgaz-Piovera, Madrid",€3.780.000,,,,,,,,,,,,,,,,,,,,,,,
,,,,"Chalet adosado en Babilonia, 36, Campo de las Naciones-Corralejos, Madrid",€1.220.000,,,,,,,,,,,,,,,,,,,,,,,
,,,,"Chalet adosado en Bernabéu-Hispanoamérica, Madrid",€11.840.000,,,,,,,,,,,,,,,,,,,,,,,
,,,,"Chalet adosado en calle Agustín Lara, Aravaca, Madrid",€3.600.000,,,,,,,,,,,,,,,,,,,,,,,
,,,,"Chalet adosado en calle Antonio Lanzuela, 9, Valdeacederas, Madrid",€654.000,,,,,,,,,,,,,,,,,,,,,,,
,,,,"Chalet adosado en calle Arbucias, Montecarmelo, Madrid",€865.000,,,,,,,,,,,,,,,,,,,,,,,
,,,,"Chalet adosado en calle Ascensión Bielsa, Numancia, Madrid",€330.000,,,,,,,,,,,,,,,,,,,,,,,
,,,,"Chalet adosado en calle Aurelio de la Torre, 20, El Plantío, Madrid",€870.000,,,,,,,,,,,,,,,,,,,,,,,
,,,,"Chalet adosado en calle Bande, Campo de las Naciones-Corralejos, Madrid",€1.038.000,,,,,,,,,,,,,,,,,,,,,,,
,,,,"Chalet adosado en calle Bandera, San Isidro, Madrid",€538.950,,,,,,,,,,,,,,,,,,,,,,,
,,,,"Chalet adosado en calle Candelaria Mora, 16, Legazpi, Madrid",€320.000,,,,,,,,,,,,,,,,,,,,,,,
,,,,"Chalet adosado en calle Concejal Vitorino Granizo, 2, El Cañaveral, Madrid",€1.028.968,,,,,,,,,,,,,,,,,,,,,,,
,,,,"Chalet adosado en calle de Ampelido, Puerta del Ángel, Madrid",€365.000,,,,,,,,,,,,,,,,,,,,,,,
,,,,"Chalet adosado en calle de Arroyofresno, Ciudad Universitaria, Madrid",€3.990.000,,,,,,,,,,,,,,,,,,,,,,,
,,,,"Chalet adosado en calle de Blanes, Campo de las Naciones-Corralejos, Madrid",€1.375.000,,,,,,,,,,,,,,,,,,,,,,,
,,,,"Chalet adosado en calle de Bruno Abúndez, Palomeras sureste, Madrid",€357.000,,,,,,,,,,,,,,,,,,,,,,,
,,,,"Chalet adosado en calle de Estanislao Gómez, Palomas, Madrid",€1.250.000,,,,,,,,,,,,,,,,,,,,,,,
,,,,"Chalet adosado en calle de Federico Grases, 57, Puerta Bonita, Madrid",€800.000,,,,,,,,,,,,,,,,,,,,,,,
,,,,"Chalet adosado en calle de Flamisell, 9, Ciudad Universitaria, Madrid",€725.000,,,,,,,,,,,,,,,,,,,,,,,
,,,,"Chalet adosado en calle de Flamisell, Ciudad Universitaria, Madrid",€725.000,,,,,,,,,,,,,,,,,,,,,,,
,,,,"Chalet adosado en calle de Gallur, Los Cármenes, Madrid",€310.000,,,,,,,,,,,,,,,,,,,,,,,
,,,,"Chalet adosado en calle de Gomeznarro, 101, Canillas, Madrid",€367.000,,,,,,,,,,,,,,,,,,,,,,,
,,,,"Chalet adosado en calle de Gomeznarro, Canillas, Madrid",€669.900,,,,,,,,,,,,,,,,,,,,,,,
,,,,"Chalet adosado en calle de González Soto, Numancia, Madrid",€600.000,,,,,,,,,,,,,,,,,,,,,,,
,,,,"Chalet adosado en calle de José Rizal, Conde Orgaz-Piovera, Madrid",€2.500.000,,,,,,,,,,,,,,,,,,,,,,,
,,,,"Chalet adosado en calle de la Aurora, Valdezarza, Madrid",€880.000,,,,,,,,,,,,,,,,,,,,,,,
,,,,"Chalet adosado en calle de la Bahía de Santander, Campo de las Naciones-Corralejos, Madrid",€1.150.000,,,,,,,,,,,,,,,,,,,,,,,
,,,,"Chalet adosado en calle de la Estafeta, San Fermín, Madrid",€299.000,,,,,,,,,,,,,,,,,,,,,,,
,,,,"Chalet adosado en calle de la Isla de Alegranza, 51, Ciudad Universitaria, Madrid",€2.150.000,,,,,,,,,,,,,,,,,,,,,,,
,,,,"Chalet adosado en calle de las Celindas, 16, Bernabéu-Hispanoamérica, Madrid",€3.885.000,,,,,,,,,,,,,,,,,,,,,,,
,,,,"Chalet adosado en calle de las Celindas, Bernabéu-Hispanoamérica, Madrid",€1.200.000,,,,,,,,,,,,,,,,,,,,,,,
,,,,"Chalet adosado en calle de las Petunias, Palomas, Madrid",€1.425.000,,,,,,,,,,,,,,,,,,,,,,,
,,,,"Chalet adosado en calle de las Poderosas, 13, Casco Histórico de Barajas, Madrid",€160.000,,,,,,,,,,,,,,,,,,,,,,,
,,,,"Chalet adosado en calle de las Poderosas, Casco Histórico de Barajas, Madrid",€420.000,,,,,,,,,,,,,,,,,,,,,,,
,,,,"Chalet adosado en calle de los Arfe, Concepción, Madrid",€675.000,,,,,,,,,,,,,,,,,,,,,,,
,,,,"Chalet adosado en calle de los Hermanos Gascón, 7, Valdebebas - Valdefuentes, Madrid",€1.290.000,,,,,,,,,,,,,,,,,,,,,,,
,,,,"Chalet adosado en calle de los Monasterios de Suso y Yuso, Montecarmelo, Madrid",€1.450.000,,,,,,,,,,,,,,,,,,,,,,,
,,,,"Chalet adosado en calle de Machaquito, Conde Orgaz-Piovera, Madrid",€1.890.000,,,,,,,,,,,,,,,,,,,,,,,
,,,,"Chalet adosado en calle de Manipa, 43, Concepción, Madrid",€719.900,,,,,,,,,,,,,,,,,,,,,,,
,,,,"Chalet adosado en calle de Manipa, 7, Concepción, Madrid",€550.000,,,,,,,,,,,,,,,,,,,,,,,
,,,,"Chalet adosado en calle de Manipa, Concepción, Madrid",€699.000,,,,,,,,,,,,,,,,,,,,,,,
,,,,"Chalet adosado en calle de Margarita Xirgu, 18, Valdebebas - Valdefuentes, Madrid",€1.290.000,,,,,,,,,,,,,,,,,,,,,,,
,,,,"Chalet adosado en calle de Mataró, Tres Olivos - Valverde, Madrid",€345.000,,,,,,,,,,,,,,,,,,,,,,,
,,,,"Chalet adosado en calle de Mercedes Fórmica, Fuente del Berro, Madrid",€2.400.000,,,,,,,,,,,,,,,,,,,,,,,
,,,,"Chalet adosado en calle de Mestanza, Entrevías, Madrid",€225.500,,,,,,,,,,,,,,,,,,,,,,,
,,,,"Chalet adosado en calle de Noviembre, 28, Rejas, Madrid",€500.000,,,,,,,,,,,,,,,,,,,,,,,
,,,,"Chalet adosado en calle de Prat, Casco Histórico de Vicálvaro, Madrid",€368.000,,,,,,,,,,,,,,,,,,,,,,,
,,,,"Chalet adosado en calle de Rafael Villa, 5 ----b, El Plantío, Madrid",€762.000,,,,,,,,,,,,,,,,,,,,,,,
,,,,"Chalet adosado en calle de Rafael Villa, El Plantío, Madrid",€1.524.000,,,,,,,,,,,,,,,,,,,,,,,
,,,,"Chalet adosado en calle de Sambara, Quintana, Madrid",€398.000,,,,,,,,,,,,,,,,,,,,,,,
,,,,"Chalet adosado en calle de Santa Ana Alta, 12, Tres Olivos - Valverde, Madrid",€499.000,,,,,,,,,,,,,,,,,,,,,,,
,,,,"Chalet adosado en calle de Santa Ana Alta, Tres Olivos - Valverde, Madrid",€330.000,,,,,,,,,,,,,,,,,,,,,,,
,,,,"Chalet adosado en calle de Sierra Gádor, Casco Histórico de Vallecas, Madrid",€679.000,,,,,,,,,,,,,,,,,,,,,,,
,,,,"Chalet adosado en calle de Toscana, Arcos, Madrid",€848.000,,,,,,,,,,,,,,,,,,,,,,,
,,,,"Chalet adosado en calle de Vedra, 6, Entrevías, Madrid",€280.000,,,,,,,,,,,,,,,,,,,,,,,
,,,,"Chalet adosado en calle de Vedra, Entrevías, Madrid",€560.000,,,,,,,,,,,,,,,,,,,,,,,
,,,,"Chalet adosado en calle del Canal del Bósforo, Canillejas, Madrid",€353.000,,,,,,,,,,,,,,,,,,,,,,,
,,,,"Chalet adosado en calle del General Marva, Moscardó, Madrid",€336.000,,,,,,,,,,,,,,,,,,,,,,,
,,,,"Chalet adosado en calle del Mistral, Timón, Madrid",€1.090.000,,,,,,,,,,,,,,,,,,,,,,,
,,,,"Chalet adosado en calle del Sotillo, Conde Orgaz-Piovera, Madrid",€4.500.000,,,,,,,,,,,,,,,,,,,,,,,
,,,,"Chalet adosado en calle Deva, Orcasitas, Madrid",€290.000,,,,,,,,,,,,,,,,,,,,,,,
,,,,"Chalet adosado en calle Duquesa de Castrejón, 7, Colina, Madrid",€940.000,,,,,,,,,,,,,,,,,,,,,,,
,,,,"Chalet adosado en calle Duquesa de Castrejón, Colina, Madrid",€1.200.000,,,,,,,,,,,,,,,,,,,,,,,
,,,,"Chalet adosado en calle Enrique Granados, Puerta del Ángel, Madrid",€1.300.000,,,,,,,,,,,,,,,,,,,,,,,
,,,,"Chalet adosado en calle Estudio, Aravaca, Madrid",€2.100.000,,,,,,,,,,,,,,,,,,,,,,,
,,,,"Chalet adosado en calle Islas Británicas, 17, Tres Olivos - Valverde, Madrid",€359.000,,,,,,,,,,,,,,,,,,,,,,,
,,,,"Chalet adosado en calle Julián Camarillo, 56, Simancas, Madrid",€5.119.600,,,,,,,,,,,,,,,,,,,,,,,
,,,,"Chalet adosado en calle Lesaca, Orcasitas, Madrid",€275.000,,,,,,,,,,,,,,,,,,,,,,,
,,,,"Chalet adosado en calle Manuel Gascón, Pinar del Rey, Madrid",€1.420.000,,,,,,,,,,,,,,,,,,,,,,,
,,,,"Chalet adosado en calle Maragatería, 65, Valdebebas - Valdefuentes, Madrid",€1.375.000,,,,,,,,,,,,,,,,,,,,,,,
,,,,"Chalet adosado en calle Marqués de Casa Tilly, s/n, El Cañaveral, Madrid",€1.140.000,,,,,,,,,,,,,,,,,,,,,,,
,,,,"Chalet adosado en calle Matachel, Butarque, Madrid",€780.000,,,,,,,,,,,,,,,,,,,,,,,
,,,,"Chalet adosado en calle Mayo, Rejas, Madrid",€650.000,,,,,,,,,,,,,,,,,,,,,,,
,,,,"Chalet adosado en calle Pandora, 12, Simancas, Madrid",€885.000,,,,,,,,,,,,,,,,,,,,,,,
,,,,"Chalet adosado en calle Pastrana, 13, Salvador, Madrid",€1.350.000,,,,,,,,,,,,,,,,,,,,,,,
,,,,"Chalet adosado en calle Peña Dorada, Mirasierra, Madrid",€1.290.000,,,,,,,,,,,,,,,,,,,,,,,
,,,,"Chalet adosado en calle Pilar de Andrade. 23 -, 25, El Plantío, Madrid",€3.624.276,,,,,,,,,,,,,,,,,,,,,,,
,,,,"Chalet adosado en calle Puebla de Sanabria, 17 n, Villaverde Alto, Madrid",€425.000,,,,,,,,,,,,,,,,,,,,,,,
,,,,"Chalet adosado en calle Puebla de Sanabria, 25, Villaverde Alto, Madrid",€490.000,,,,,,,,,,,,,,,,,,,,,,,
,,,,"Chalet adosado en calle Reventón, 8, Ciudad Jardín, Madrid",€750.000,,,,,,,,,,,,,,,,,,,,,,,
,,,,"Chalet adosado en calle Sirrach, Aravaca, Madrid",€3.310.000,,,,,,,,,,,,,,,,,,,,,,,
,,,,"Chalet adosado en calle Somontín, 51, Apóstol Santiago, Madrid",€390.000,,,,,,,,,,,,,,,,,,,,,,,
,,,,"Chalet adosado en calle Tintas, Vista Alegre, Madrid",€599.000,,,,,,,,,,,,,,,,,,,,,,,
,,,,"Chalet adosado en calle Villarta, 79, Entrevías, Madrid",€219.860,,,,,,,,,,,,,,,,,,,,,,,
,,,,"Chalet adosado en camino del Barrial, s/n, Aravaca, Madrid",€1.095.000,,,,,,,,,,,,,,,,,,,,,,,
,,,,"Chalet adosado en camino Viejo de Leganés, 57, Puerta Bonita, Madrid",€800.000,,,,,,,,,,,,,,,,,,,,,,,
,,,,"Chalet adosado en Campo de las Naciones-Corralejos, Madrid",€1.375.000,,,,,,,,,,,,,,,,,,,,,,,
,,,,"Chalet adosado en Canillas, Madrid",€4.550.000,,,,,,,,,,,,,,,,,,,,,,,
,,,,"Chalet adosado en Canillejas, Madrid",€950.000,,,,,,,,,,,,,,,,,,,,,,,
,,,,"Chalet adosado en Casa de Campo, Madrid",€950.000,,,,,,,,,,,,,,,,,,,,,,,
,,,,"Chalet adosado en Casco Histórico de Vicálvaro, Madrid",€817.000,,,,,,,,,,,,,,,,,,,,,,,
,,,,"Chalet adosado en Ciudad Jardín, Madrid",€6.400.000,,,,,,,,,,,,,,,,,,,,,,,
,,,,"Chalet adosado en Comillas, Madrid",€538.990,,,,,,,,,,,,,,,,,,,,,,,
,,,,"Chalet adosado en Conde Orgaz-Piovera, Madrid",€24.765.000,,,,,,,,,,,,,,,,,,,,,,,
,,,,"Chalet adosado en El Plantío, Madrid",€2.040.000,,,,,,,,,,,,,,,,,,,,,,,
,,,,"Chalet adosado en El Viso, Madrid",€13.490.000,,,,,,,,,,,,,,,,,,,,,,,
,,,,"Chalet adosado en Ensanche de Vallecas - La Gavia, Madrid",€500.000,,,,,,,,,,,,,,,,,,,,,,,
,,,,"Chalet adosado en Entrevías, Madrid",€185.000,,,,,,,,,,,,,,,,,,,,,,,
,,,,"Chalet adosado en Fuente del Berro, Madrid",€2.400.000,,,,,,,,,,,,,,,,,,,,,,,
,,,,"Chalet adosado en Gloria Fuertes, 59, Arroyo del Fresno, Madrid",€2.634.000,,,,,,,,,,,,,,,,,,,,,,,
,,,,"Chalet adosado en Los Cármenes, Madrid",€1.077.400,,,,,,,,,,,,,,,,,,,,,,,
,,,,"Chalet adosado en Nueva España, Madrid",€17.700.000,,,,,,,,,,,,,,,,,,,,,,,
,,,,"Chalet adosado en Otoño, 4, Rejas, Madrid",€649.900,,,,,,,,,,,,,,,,,,,,,,,
,,,,"Chalet adosado en Palomas, Madrid",€5.935.000,,,,,,,,,,,,,,,,,,,,,,,
,,,,"Chalet adosado en paseo de La Habana, Nueva España, Madrid",€17.700.000,,,,,,,,,,,,,,,,,,,,,,,
,,,,"Chalet adosado en paseo de los Cerezos, Bernabéu-Hispanoamérica, Madrid",€3.970.000,,,,,,,,,,,,,,,,,,,,,,,
,,,,"Chalet adosado en paseo del Comandante Fortea, Casa de Campo, Madrid",€1.700.000,,,,,,,,,,,,,,,,,,,,,,,
,,,,"Chalet adosado en paseo del Marqués de Monistrol, 114, Casa de Campo, Madrid",€890.000,,,,,,,,,,,,,,,,,,,,,,,
,,,,"Chalet adosado en paseo Olivos, 15, Puerta del Ángel, Madrid",€380.000,,,,,,,,,,,,,,,,,,,,,,,
,,,,"Chalet adosado en Peñagrande, Madrid",€4.345.000,,,,,,,,,,,,,,,,,,,,,,,
,,,,"Chalet adosado en Puerta del Ángel, Madrid",€539.900,,,,,,,,,,,,,,,,,,,,,,,
,,,,"Chalet adosado en ronda de Cala Basa, Conde Orgaz-Piovera, Madrid",€8.875.000,,,,,,,,,,,,,,,,,,,,,,,
,,,,"Chalet adosado en Salvador, Madrid",€3.626.000,,,,,,,,,,,,,,,,,,,,,,,
,,,,"Chalet adosado en Tobago, Salvador, Madrid",€1.050.000,,,,,,,,,,,,,,,,,,,,,,,
,,,,"Chalet adosado en travesía los Nueve, Valdeacederas, Madrid",€299.000,,,,,,,,,,,,,,,,,,,,,,,
,,,,"Chalet adosado en Tres Olivos - Valverde, Madrid",€1.669.900,,,,,,,,,,,,,,,,,,,,,,,
,,,,"Chalet en avenida Casa Quemada, El Plantío, Madrid",€2.926.000,,,,,,,,,,,,,,,,,,,,,,,
,,,,"Chalet en Bernabéu-Hispanoamérica, Madrid",€1.985.000,,,,,,,,,,,,,,,,,,,,,,,
,,,,"Chalet en calle de Cestona, Orcasitas, Madrid",€375.000,,,,,,,,,,,,,,,,,,,,,,,
,,,,"Chalet en calle de Guecho, El Plantío, Madrid",€4.200.000,,,,,,,,,,,,,,,,,,,,,,,
,,,,"Chalet en calle de Inocencio Fernández, Peñagrande, Madrid",€749.000,,,,,,,,,,,,,,,,,,,,,,,
,,,,"Chalet en calle de las Petunias, Palomas, Madrid",€1.425.000,,,,,,,,,,,,,,,,,,,,,,,
,,,,"Chalet en calle de Vedra, Entrevías, Madrid",€120.000,,,,,,,,,,,,,,,,,,,,,,,
,,,,"Chalet en El Plantío, Madrid",€2.950.000,,,,,,,,,,,,,,,,,,,,,,,
,,,,"Chalet en Fuente del Berro, Madrid",€2.350.000,,,,,,,,,,,,,,,,,,,,,,,
,,,,"Chalet en Valdemarín, Madrid",€2.750.000,,,,,,,,,,,,,,,,,,,,,,,
,,,,"Chalet pareado en Alameda de Osuna, Madrid",€895.000,,,,,,,,,,,,,,,,,,,,,,,
,,,,"Chalet pareado en Anillo Verde Ciclista, 2 -10, Ciudad Universitaria, Madrid",€1.960.000,,,,,,,,,,,,,,,,,,,,,,,
,,,,"Chalet pareado en Aravaca, Madrid",€10.900.000,,,,,,,,,,,,,,,,,,,,,,,
,,,,"Chalet pareado en avenida de Fuentelarreina, Ciudad Universitaria, Madrid",€1.695.000,,,,,,,,,,,,,,,,,,,,,,,
,,,,"Chalet pareado en avenida de Jaca, s/n, Canillejas, Madrid",€1.260.000,,,,,,,,,,,,,,,,,,,,,,,
,,,,"Chalet pareado en avenida del Arroyo del Santo, Palomas, Madrid",€2.300.000,,,,,,,,,,,,,,,,,,,,,,,
,,,,"Chalet pareado en avenida del Papa Negro, Conde Orgaz-Piovera, Madrid",€2.300.000,,,,,,,,,,,,,,,,,,,,,,,
,,,,"Chalet pareado en Basilio De Prado, s/n, Peñagrande, Madrid",€1.499.000,,,,,,,,,,,,,,,,,,,,,,,
,,,,"Chalet pareado en Bernabéu-Hispanoamérica, Madrid",€17.695.000,,,,,,,,,,,,,,,,,,,,,,,
,,,,"Chalet pareado en calle Cacabelos, Valdebebas - Valdefuentes, Madrid",€1.290.000,,,,,,,,,,,,,,,,,,,,,,,
,,,,"Chalet pareado en calle Carlos Aurioles, San Diego, Madrid",€112.000,,,,,,,,,,,,,,,,,,,,,,,
,,,,"Chalet pareado en calle Conde Orgaz, s/n, Conde Orgaz-Piovera, Madrid",€1.700.000,,,,,,,,,,,,,,,,,,,,,,,
,,,,"Chalet pareado en calle de Antonio Sancha, Alameda de Osuna, Madrid",€895.000,,,,,,,,,,,,,,,,,,,,,,,
,,,,"Chalet pareado en calle de Argentona, Valdemarín, Madrid",€2.100.000,,,,,,,,,,,,,,,,,,,,,,,
,,,,"Chalet pareado en calle de Arturo Soria, San Juan Bautista, Madrid",€1.700.000,,,,,,,,,,,,,,,,,,,,,,,
,,,,"Chalet pareado en calle de Babilonia, 26, Campo de las Naciones-Corralejos, Madrid",€1.260.000,,,,,,,,,,,,,,,,,,,,,,,
,,,,"Chalet pareado en calle de Bueso de Pineda, 59 a, Conde Orgaz-Piovera, Madrid",€1.800.000,,,,,,,,,,,,,,,,,,,,,,,
,,,,"Chalet pareado en calle de Bueso de Pineda, 76, Conde Orgaz-Piovera, Madrid",€2.495.000,,,,,,,,,,,,,,,,,,,,,,,
,,,,"Chalet pareado en calle de Cardencha, 12, Campamento, Madrid",€710.000,,,,,,,,,,,,,,,,,,,,,,,
,,,,"Chalet pareado en calle de Cercis, Valdemarín, Madrid",€1.990.000,,,,,,,,,,,,,,,,,,,,,,,
,,,,"Chalet pareado en calle de Collado del Piornal, 4, Mirasierra, Madrid",€1.790.000,,,,,,,,,,,,,,,,,,,,,,,
,,,,"Chalet pareado en calle de Eduardo Mazón, Palomas, Madrid",€3.660.000,,,,,,,,,,,,,,,,,,,,,,,
,,,,"Chalet pareado en calle de Gabriel y Galán, Ciudad Jardín, Madrid",€1.750.000,,,,,,,,,,,,,,,,,,,,,,,
,,,,"Chalet pareado en calle de Gomeznarro, Canillas, Madrid",€399.500,,,,,,,,,,,,,,,,,,,,,,,
,,,,"Chalet pareado en calle de Javier de Miguel, Palomeras Bajas, Madrid",€475.000,,,,,,,,,,,,,,,,,,,,,,,
,,,,"Chalet pareado en calle de la Madre de Dios, Nueva España, Madrid",€1.595.000,,,,,,,,,,,,,,,,,,,,,,,
,,,,"Chalet pareado en calle de las Islas de Cabo Verde, Peñagrande, Madrid",€190.000,,,,,,,,,,,,,,,,,,,,,,,
,,,,"Chalet pareado en calle de las Islas Marshall, Peñagrande, Madrid",€1.375.000,,,,,,,,,,,,,,,,,,,,,,,
,,,,"Chalet pareado en calle de Orfeo, Canillejas, Madrid",€2.560.000,,,,,,,,,,,,,,,,,,,,,,,
,,,,"Chalet pareado en calle de Puerto de Santa María, Conde Orgaz-Piovera, Madrid",€1.550.000,,,,,,,,,,,,,,,,,,,,,,,
,,,,"Chalet pareado en calle de Rafael Villa, El Plantío, Madrid",€3.056.000,,,,,,,,,,,,,,,,,,,,,,,
,,,,"Chalet pareado en calle de Tablada, 48, Berruguete, Madrid",€200.000,,,,,,,,,,,,,,,,,,,,,,,
,,,,"Chalet pareado en calle de Teseo, Salvador, Madrid",€1.350.000,,,,,,,,,,,,,,,,,,,,,,,
,,,,"Chalet pareado en calle de Vainilla, Campamento, Madrid",€680.000,,,,,,,,,,,,,,,,,,,,,,,
,,,,"Chalet pareado en calle de Zacarías Homs, s/n, Canillas, Madrid",€2.500.000,,,,,,,,,,,,,,,,,,,,,,,
,,,,"Chalet pareado en calle del Cerro del Castañar, Mirasierra, Madrid",€1.900.000,,,,,,,,,,,,,,,,,,,,,,,
,,,,"Chalet pareado en calle del Erial de la Abuela, El Cañaveral, Madrid",€683.000,,,,,,,,,,,,,,,,,,,,,,,
,,,,"Chalet pareado en calle del Marqués de Villabrágima, Peñagrande, Madrid",€1.300.000,,,,,,,,,,,,,,,,,,,,,,,
,,,,"Chalet pareado en calle del Nervión, El Viso, Madrid",€2.850.000,,,,,,,,,,,,,,,,,,,,,,,
,,,,"Chalet pareado en calle del Oria, 16, El Viso, Madrid",€3.150.000,,,,,,,,,,,,,,,,,,,,,,,
,,,,"Chalet pareado en calle del Urumea, El Viso, Madrid",€3.000.000,,,,,,,,,,,,,,,,,,,,,,,
,,,,"Chalet pareado en calle Eduardo Terán, Canillejas, Madrid",€1.260.000,,,,,,,,,,,,,,,,,,,,,,,
,,,,"Chalet pareado en calle Primera, Bernabéu-Hispanoamérica, Madrid",€4.900.000,,,,,,,,,,,,,,,,,,,,,,,
,,,,"Chalet pareado en calle Serramagna, Conde Orgaz-Piovera, Madrid",€3.100.000,,,,,,,,,,,,,,,,,,,,,,,
,,,,"Chalet pareado en calle Suertes de la Villa, 102, El Cañaveral, Madrid",€1.435.000,,,,,,,,,,,,,,,,,,,,,,,
,,,,"Chalet pareado en calle Tercera, 5, Bernabéu-Hispanoamérica, Madrid",€1.850.000,,,,,,,,,,,,,,,,,,,,,,,
,,,,"Chalet pareado en calle Tercera, Bernabéu-Hispanoamérica, Madrid",€1.850.000,,,,,,,,,,,,,,,,,,,,,,,
,,,,"Chalet pareado en calle Tramontana, Timón, Madrid",€949.000,,,,,,,,,,,,,,,,,,,,,,,
,,,,"Chalet pareado en calle Valdemarin, 3, Valdemarín, Madrid",€4.594.000,,,,,,,,,,,,,,,,,,,,,,,
,,,,"Chalet pareado en camino Lavadero, 4, Valdemarín, Madrid",€4.135.000,,,,,,,,,,,,,,,,,,,,,,,
,,,,"Chalet pareado en Campo de las Naciones-Corralejos, Madrid",€1.190.000,,,,,,,,,,,,,,,,,,,,,,,
,,,,"Chalet pareado en Canillas, Madrid",€16.538.000,,,,,,,,,,,,,,,,,,,,,,,
,,,,"Chalet pareado en Canillejas, Madrid",€3.800.000,,,,,,,,,,,,,,,,,,,,,,,
,,,,"Chalet pareado en Castilla, Madrid",€2.200.000,,,,,,,,,,,,,,,,,,,,,,,
,,,,"Chalet pareado en Ciudad Jardín, Madrid",€3.500.000,,,,,,,,,,,,,,,,,,,,,,,
,,,,"Chalet pareado en Ciudad Universitaria, Madrid",€4.185.000,,,,,,,,,,,,,,,,,,,,,,,
,,,,"Chalet pareado en Concepción, Madrid",€850.000,,,,,,,,,,,,,,,,,,,,,,,
,,,,"Chalet pareado en Conde Orgaz-Piovera, Madrid",€24.829.000,,,,,,,,,,,,,,,,,,,,,,,
,,,,"Chalet pareado en El Plantío, Madrid",€4.730.000,,,,,,,,,,,,,,,,,,,,,,,
,,,,"Chalet pareado en Fuente del Berro, Madrid",€4.900.000,,,,,,,,,,,,,,,,,,,,,,,
,,,,"Chalet pareado en Fuentelarreina, Madrid",€2.200.000,,,,,,,,,,,,,,,,,,,,,,,
,,,,"Chalet pareado en gabriel y galan, Ciudad Jardín, Madrid",€1.750.000,,,,,,,,,,,,,,,,,,,,,,,
,,,,"Chalet pareado en isla de cuba, s/n, Palomas, Madrid",€1.690.000,,,,,,,,,,,,,,,,,,,,,,,
,,,,"Chalet pareado en Mirasierra, Madrid",€1.790.000,,,,,,,,,,,,,,,,,,,,,,,
,,,,"Chalet pareado en Nueva España, Madrid",€12.740.000,,,,,,,,,,,,,,,,,,,,,,,
,,,,"Chalet pareado en Palomas, Madrid",€2.820.000,,,,,,,,,,,,,,,,,,,,,,,
,,,,"Chalet pareado en paseo de los Jacintos, Bernabéu-Hispanoamérica, Madrid",€6.200.000,,,,,,,,,,,,,,,,,,,,,,,
,,,,"Chalet pareado en paseo del Marqués de Monistrol, 100, Casa de Campo, Madrid",€375.000,,,,,,,,,,,,,,,,,,,,,,,
,,,,"Chalet pareado en Peñagrande, Madrid",€17.520.000,,,,,,,,,,,,,,,,,,,,,,,
,,,,"Chalet pareado en Pinar del Rey, Madrid",€1.595.000,,,,,,,,,,,,,,,,,,,,,,,
,,,,"Chalet pareado en plaza Golmayo, Pinar del Rey, Madrid",€1.450.000,,,,,,,,,,,,,,,,,,,,,,,
,,,,"Chalet pareado en Rejas, Madrid",€895.000,,,,,,,,,,,,,,,,,,,,,,,
,,,,"Chalet pareado en ronda de Sobradiel, Conde Orgaz-Piovera, Madrid",€3.980.000,,,,,,,,,,,,,,,,,,,,,,,
,,,,"Chalet pareado en Salvador, Madrid",€1.450.000,,,,,,,,,,,,,,,,,,,,,,,
,,,,"Chalet pareado en Teresa Orozco, 12, Aravaca, Madrid",€3.600.000,,,,,,,,,,,,,,,,,,,,,,,
,,,,"Chalet pareado en Timón, Madrid",€2.499.000,,,,,,,,,,,,,,,,,,,,,,,
,,,,"Chalet pareado en travesía Antonio López Torres, 2, Valdebebas - Valdefuentes, Madrid",€1.150.000,,,,,,,,,,,,,,,,,,,,,,,
,,,,"Chalet pareado en Tres Olivos - Valverde, Madrid",€450.000,,,,,,,,,,,,,,,,,,,,,,,
,,,,"Chalet pareado en Valdeacederas, Madrid",€550.000,,,,,,,,,,,,,,,,,,,,,,,
,,,,"Chalet pareado en Valdebebas - Valdefuentes, Madrid",€775.000,,,,,,,,,,,,,,,,,,,,,,,
,,,,"Chalet pareado en Valdemarín, Madrid",€11.000.000,,,,,,,,,,,,,,,,,,,,,,,
,,,,"Chalet pareado en Zacarías Homs, 16, Canillas, Madrid",€2.200.000,,,,,,,,,,,,,,,,,,,,,,,
,,,,"Dúplex en calle de Gallur, Los Cármenes, Madrid",€112.000,,,,,,,,,,,,,,,,,,,,,,,
,,,,"Dúplex en calle de Méndez Álvaro, Palos de la Frontera, Madrid",€569.000,,,,,,,,,,,,,,,,,,,,,,,
,,,,"Piso en avenida de Abrantes, Abrantes, Madrid",€271.000,,,,,,,,,,,,,,,,,,,,,,,
,,,,"Piso en avenida de Carabanchel Alto, Buena Vista, Madrid",€193.200,,,,,,,,,,,,,,,,,,,,,,,
,,,,"Piso en avenida de los Rosales, Butarque, Madrid",€286.000,,,,,,,,,,,,,,,,,,,,,,,
,,,,"Piso en avenida de Manoteras, 30 -32, Virgen del Cortijo - Manoteras, Madrid",€178.000,,,,,,,,,,,,,,,,,,,,,,,
,,,,"Piso en avenida de Oporto, Abrantes, Madrid",€152.900,,,,,,,,,,,,,,,,,,,,,,,
,,,,"Piso en avenida de Peña Prieta, Numancia, Madrid",€140.000,,,,,,,,,,,,,,,,,,,,,,,
,,,,"Piso en avenida de Rafaela Ybarra, Orcasitas, Madrid",€138.600,,,,,,,,,,,,,,,,,,,,,,,
,,,,"Piso en avenida de Ramón y Cajal, Ciudad Jardín, Madrid",€449.000,,,,,,,,,,,,,,,,,,,,,,,
,,,,"Piso en avenida de San Fermín, San Fermín, Madrid",€152.900,,,,,,,,,,,,,,,,,,,,,,,
,,,,"Piso en avenida del Cardenal Herrera Oria, Tres Olivos - Valverde, Madrid",€230.000,,,,,,,,,,,,,,,,,,,,,,,
,,,,"Piso en Buena Vista, Madrid",€189.000,,,,,,,,,,,,,,,,,,,,,,,
,,,,"Piso en calle Alcaudón, San Isidro, Madrid",€75.000,,,,,,,,,,,,,,,,,,,,,,,
,,,,"Piso en calle Alción, San Isidro, Madrid",€125.000,,,,,,,,,,,,,,,,,,,,,,,
,,,,"Piso en calle Alfaro, 17, Vista Alegre, Madrid",€102.000,,,,,,,,,,,,,,,,,,,,,,,
,,,,"Piso en calle Almendralejo, 2, San Isidro, Madrid",€115.000,,,,,,,,,,,,,,,,,,,,,,,
,,,,"Piso en calle Angelillo, Palomeras sureste, Madrid",€178.500,,,,,,,,,,,,,,,,,,,,,,,
,,,,"Piso en calle Arechavaleta, Los Ángeles, Madrid",€117.000,,,,,,,,,,,,,,,,,,,,,,,
,,,,"Piso en calle Azagra, Pinar del Rey, Madrid",€136.000,,,,,,,,,,,,,,,,,,,,,,,
,,,,"Piso en calle Besolla, Abrantes, Madrid",€100.200,,,,,,,,,,,,,,,,,,,,,,,
,,,,"Piso en calle Buendía, 23, Entrevías, Madrid",€80.700,,,,,,,,,,,,,,,,,,,,,,,
,,,,"Piso en calle Calamina, Villaverde Alto, Madrid",€82.600,,,,,,,,,,,,,,,,,,,,,,,
,,,,"Piso en calle Carlos Domingo, Aluche, Madrid",€125.200,,,,,,,,,,,,,,,,,,,,,,,
,,,,"Piso en calle Carlos Heredero, 7 -1, Puerta Bonita, Madrid",€100.000,,,,,,,,,,,,,,,,,,,,,,,
,,,,"Piso en calle Ceferino Rodríguez, 17, Valdeacederas, Madrid",€371.000,,,,,,,,,,,,,,,,,,,,,,,
,,,,"Piso en calle Clara Campoamor, Puerta Bonita, Madrid",€106.600,,,,,,,,,,,,,,,,,,,,,,,
,,,,"Piso en calle Conde de Eleta, Vista Alegre, Madrid",€199.000,,,,,,,,,,,,,,,,,,,,,,,
,,,,"Piso en calle de Albaida, s/n, Hellín, Madrid",€155.000,,,,,,,,,,,,,,,,,,,,,,,
,,,,"Piso en calle de Albares de la Ribera, Puerta Bonita, Madrid",€60.600,,,,,,,,,,,,,,,,,,,,,,,
,,,,"Piso en calle de Alejandro Sánchez, Opañel, Madrid",€338.000,,,,,,,,,,,,,,,,,,,,,,,
,,,,"Piso en calle de Alenza, 7, Nuevos Ministerios-Ríos Rosas, Madrid",€920.000,,,,,,,,,,,,,,,,,,,,,,,
,,,,"Piso en calle de Alfonso XIII, Numancia, Madrid",€190.400,,,,,,,,,,,,,,,,,,,,,,,
,,,,"Piso en calle de Alzola, Orcasitas, Madrid",€103.000,,,,,,,,,,,,,,,,,,,,,,,
,,,,"Piso en calle de Antonio Acuña, Goya, Madrid",€1.295.000,,,,,,,,,,,,,,,,,,,,,,,
,,,,"Piso en calle de Antonio López Aguado, La Paz, Madrid",€580.000,,,,,,,,,,,,,,,,,,,,,,,
,,,,"Piso en calle de Antonio López, Almendrales, Madrid",€398.000,,,,,,,,,,,,,,,,,,,,,,,
,,,,"Piso en calle de Antonio Ponz, Pueblo Nuevo, Madrid",€154.000,,,,,,,,,,,,,,,,,,,,,,,
,,,,"Piso en calle de Arlanza, Comillas, Madrid",€87.500,,,,,,,,,,,,,,,,,,,,,,,
,,,,"Piso en calle de Arturo Soria, Costillares, Madrid",€475.000,,,,,,,,,,,,,,,,,,,,,,,
,,,,"Piso en calle de Atocha, Sol, Madrid",€460.000,,,,,,,,,,,,,,,,,,,,,,,
,,,,"Piso en calle de Baltasar Santos, Numancia, Madrid",€225.000,,,,,,,,,,,,,,,,,,,,,,,
,,,,"Piso en calle de Belzunegui, 12, Puerta Bonita, Madrid",€148.800,,,,,,,,,,,,,,,,,,,,,,,
,,,,"Piso en calle de Beniferri, 75, San Cristóbal, Madrid",€66.000,,,,,,,,,,,,,,,,,,,,,,,
,,,,"Piso en calle de Beniferri, San Cristóbal, Madrid",€86.300,,,,,,,,,,,,,,,,,,,,,,,
,,,,"Piso en calle de Benimamet, San Cristóbal, Madrid",€73.000,,,,,,,,,,,,,,,,,,,,,,,
,,,,"Piso en calle de Benita López, Los Rosales, Madrid",€74.600,,,,,,,,,,,,,,,,,,,,,,,
,,,,"Piso en calle de Blasco de Garay, Arapiles, Madrid",€625.000,,,,,,,,,,,,,,,,,,,,,,,
,,,,"Piso en calle de Bretón de los Herreros, 17 -1, Nuevos Ministerios-Ríos Rosas, Madrid",€529.000,,,,,,,,,,,,,,,,,,,,,,,
,,,,"Piso en calle de Cáceres, Delicias, Madrid",€397.000,,,,,,,,,,,,,,,,,,,,,,,
,,,,"Piso en calle de Camarena, Aluche, Madrid",€198.000,,,,,,,,,,,,,,,,,,,,,,,
,,,,"Piso en calle de Carcastillo, 23, Puerta Bonita, Madrid",€165.000,,,,,,,,,,,,,,,,,,,,,,,
,,,,"Piso en calle de Carlos Dabán, 20, San Isidro, Madrid",€537.200,,,,,,,,,,,,,,,,,,,,,,,
,,,,"Piso en calle de Carracedo, Campamento, Madrid",€108.300,,,,,,,,,,,,,,,,,,,,,,,
,,,,"Piso en calle de Cartagena, Prosperidad, Madrid",€260.000,,,,,,,,,,,,,,,,,,,,,,,
,,,,"Piso en calle de Cártama, Palomeras sureste, Madrid",€162.200,,,,,,,,,,,,,,,,,,,,,,,
,,,,"Piso en calle de Castelló, Castellana, Madrid",€1.329.000,,,,,,,,,,,,,,,,,,,,,,,
,,,,"Piso en calle de Cazorla, Entrevías, Madrid",€77.300,,,,,,,,,,,,,,,,,,,,,,,
,,,,"Piso en calle de Cebreros, Lucero, Madrid",€333.000,,,,,,,,,,,,,,,,,,,,,,,
,,,,"Piso en calle de Centenera, Pueblo Nuevo, Madrid",€565.465,,,,,,,,,,,,,,,,,,,,,,,
,,,,"Piso en calle de Cuevas, Valdeacederas, Madrid",€204.000,,,,,,,,,,,,,,,,,,,,,,,
,,,,"Piso en calle de Dolores Barranco, Almendrales, Madrid",€169.000,,,,,,,,,,,,,,,,,,,,,,,
,,,,"Piso en calle de El Yesero, Palomeras sureste, Madrid",€419.000,,,,,,,,,,,,,,,,,,,,,,,
,,,,"Piso en calle de Embajadores, Lavapiés-Embajadores, Madrid",€151.900,,,,,,,,,,,,,,,,,,,,,,,
,,,,"Piso en calle de Emilio Ferrari, Pueblo Nuevo, Madrid",€192.000,,,,,,,,,,,,,,,,,,,,,,,
,,,,"Piso en calle de Fuencarral, Chueca-Justicia, Madrid",€1.079.000,,,,,,,,,,,,,,,,,,,,,,,
,,,,"Piso en calle de Gabriel Ruiz, Pradolongo, Madrid",€95.900,,,,,,,,,,,,,,,,,,,,,,,
,,,,"Piso en calle de Galileo, Arapiles, Madrid",€550.000,,,,,,,,,,,,,,,,,,,,,,,
,,,,"Piso en calle de Gallur, Los Cármenes, Madrid",€231.200,,,,,,,,,,,,,,,,,,,,,,,
,,,,"Piso en calle de Gaztambide, Gaztambide, Madrid",€318.000,,,,,,,,,,,,,,,,,,,,,,,
,,,,"Piso en calle de Godella, s/n, San Cristóbal, Madrid",€80.000,,,,,,,,,,,,,,,,,,,,,,,
,,,,"Piso en calle de Godella, San Cristóbal, Madrid",€152.094,,,,,,,,,,,,,,,,,,,,,,,
,,,,"Piso en calle de González Feito, 12 de Octubre-Orcasur, Madrid",€141.000,,,,,,,,,,,,,,,,,,,,,,,
,,,,"Piso en calle de Gravina, Chueca-Justicia, Madrid",€890.000,,,,,,,,,,,,,,,,,,,,,,,
,,,,"Piso en calle de Gregorio Ortiz, Villaverde Alto, Madrid",€70.900,,,,,,,,,,,,,,,,,,,,,,,
,,,,"Piso en calle de Ilustración, Argüelles, Madrid",€226.550,,,,,,,,,,,,,,,,,,,,,,,
,,,,"Piso en calle de Joaquín Lorenzo, Peñagrande, Madrid",€4.699.500,,,,,,,,,,,,,,,,,,,,,,,
,,,,"Piso en calle de José del Pino Jiménez, Villaverde Alto, Madrid",€151.000,,,,,,,,,,,,,,,,,,,,,,,
,,,,"Piso en calle de José Pérez, 1, Los Ángeles, Madrid",€126.900,,,,,,,,,,,,,,,,,,,,,,,
,,,,"Piso en calle de Juan de Vera, Delicias, Madrid",€256.400,,,,,,,,,,,,,,,,,,,,,,,
,,,,"Piso en calle de Juanita, Vista Alegre, Madrid",€103.000,,,,,,,,,,,,,,,,,,,,,,,
,,,,"Piso en calle de la Cerrajería, Amposta, Madrid",€86.000,,,,,,,,,,,,,,,,,,,,,,,
,,,,"Piso en calle de la Cordillera de Cuera, San Diego, Madrid",€144.000,,,,,,,,,,,,,,,,,,,,,,,
,,,,"Piso en calle de la Dulzura, Los Rosales, Madrid",€217.000,,,,,,,,,,,,,,,,,,,,,,,
,,,,"Piso en calle de la Encomienda de Palacios, Fontarrón, Madrid",€232.000,,,,,,,,,,,,,,,,,,,,,,,
,,,,"Piso en calle de la Imagen, San Diego, Madrid",€78.700,,,,,,,,,,,,,,,,,,,,,,,
,,,,"Piso en calle de la Libertad, Chueca-Justicia, Madrid",€710.000,,,,,,,,,,,,,,,,,,,,,,,
,,,,"Piso en calle de la Madera, Malasaña-Universidad, Madrid",€460.000,,,,,,,,,,,,,,,,,,,,,,,
,,,,"Piso en calle de la Marroquina, 21, Marroquina, Madrid",€152.000,,,,,,,,,,,,,,,,,,,,,,,
,,,,"Piso en calle de la Miosotis, Valdeacederas, Madrid",€240.000,,,,,,,,,,,,,,,,,,,,,,,
,,,,"Piso en calle de La Solana de Opañel, 15 -1, Opañel, Madrid",€299.000,,,,,,,,,,,,,,,,,,,,,,,
,,,,"Piso en calle de la Unanimidad, Los Rosales, Madrid",€78.900,,,,,,,,,,,,,,,,,,,,,,,
,,,,"Piso en calle de las Delicias, Palos de la Frontera, Madrid",€207.000,,,,,,,,,,,,,,,,,,,,,,,
,,,,"Piso en calle de Lope de Vega, Huertas-Cortes, Madrid",€1.330.000,,,,,,,,,,,,,,,,,,,,,,,
,,,,"Piso en calle de López de Hoyos, Colina, Madrid",€460.000,,,,,,,,,,,,,,,,,,,,,,,
,,,,"Piso en calle de los Cacereños, 50, Villaverde Alto, Madrid",€81.100,,,,,,,,,,,,,,,,,,,,,,,
,,,,"Piso en calle de los Herbolarios, Arcos, Madrid",€129.000,,,,,,,,,,,,,,,,,,,,,,,
,,,,"Piso en calle de los Lenceros, Amposta, Madrid",€95.500,,,,,,,,,,,,,,,,,,,,,,,
,,,,"Piso en calle de los Libreros, Malasaña-Universidad, Madrid",€660.000,,,,,,,,,,,,,,,,,,,,,,,
,,,,"Piso en calle de los Picos de Europa, Numancia, Madrid",€64.000,,,,,,,,,,,,,,,,,,,,,,,
,,,,"Piso en calle de los Robles, San Diego, Madrid",€118.450,,,,,,,,,,,,,,,,,,,,,,,
,,,,"Piso en calle de Luis Marín, Palomeras sureste, Madrid",€305.500,,,,,,,,,,,,,,,,,,,,,,,
,,,,"Piso en calle de Luis Piernas, Ventas, Madrid",€250.000,,,,,,,,,,,,,,,,,,,,,,,
,,,,"Piso en calle de Marcelo Usera, 153, Zofío, Madrid",€91.000,,,,,,,,,,,,,,,,,,,,,,,
,,,,"Piso en calle de María Antonia, Moscardó, Madrid",€111.400,,,,,,,,,,,,,,,,,,,,,,,
,,,,"Piso en calle de Mariano Benlliure, San Diego, Madrid",€164.000,,,,,,,,,,,,,,,,,,,,,,,
,,,,"Piso en calle de Martínez de la Riva, San Diego, Madrid",€129.000,,,,,,,,,,,,,,,,,,,,,,,
,,,,"Piso en calle de Mesena, 80, Pinar del Rey, Madrid",€5.136.100,,,,,,,,,,,,,,,,,,,,,,,
,,,,"Piso en calle de Mesena, 82, Pinar del Rey, Madrid",€2.576.900,,,,,,,,,,,,,,,,,,,,,,,
,,,,"Piso en calle de Mestanza, 11, Entrevías, Madrid",€105.000,,,,,,,,,,,,,,,,,,,,,,,
,,,,"Piso en calle de Ministriles, Lavapiés-Embajadores, Madrid",€148.000,,,,,,,,,,,,,,,,,,,,,,,
,,,,"Piso en calle de Monroy, Águilas, Madrid",€174.500,,,,,,,,,,,,,,,,,,,,,,,
,,,,"Piso en calle de Moratalla, Pinar del Rey, Madrid",€229.000,,,,,,,,,,,,,,,,,,,,,,,
,,,,"Piso en calle de Nicolasa Gómez, s/n, Canillejas, Madrid",€225.000,,,,,,,,,,,,,,,,,,,,,,,
,,,,"Piso en calle de Nuestra Señora del Perpetuo Socorro, s/n, Palomeras Bajas, Madrid",€146.000,,,,,,,,,,,,,,,,,,,,,,,
,,,,"Piso en calle de Parvillas Altas, Villaverde Alto, Madrid",€99.500,,,,,,,,,,,,,,,,,,,,,,,
,,,,"Piso en calle de Pedro Heredia, Fuente del Berro, Madrid",€263.200,,,,,,,,,,,,,,,,,,,,,,,
,,,,"Piso en calle de Peironcely, Entrevías, Madrid",€138.000,,,,,,,,,,,,,,,,,,,,,,,
,,,,"Piso en calle de Peña de la Atalaya, 125, San Diego, Madrid",€93.300,,,,,,,,,,,,,,,,,,,,,,,
,,,,"Piso en calle de Peña de la Atalaya, San Diego, Madrid",€205.000,,,,,,,,,,,,,,,,,,,,,,,
,,,,"Piso en calle de Peña Ubiña, San Diego, Madrid",€119.000,,,,,,,,,,,,,,,,,,,,,,,
,,,,"Piso en calle de Puentelarra, Santa Eugenia, Madrid",€235.400,,,,,,,,,,,,,,,,,,,,,,,
,,,,"Piso en calle de Rafael Fernández Hijicos, Palomeras sureste, Madrid",€75.000,,,,,,,,,,,,,,,,,,,,,,,
,,,,"Piso en calle de Ramón Luján, Moscardó, Madrid",€314.000,,,,,,,,,,,,,,,,,,,,,,,
,,,,"Piso en calle de Ramón Serrano, 26 -38, Vista Alegre, Madrid",€165.000,,,,,,,,,,,,,,,,,,,,,,,
,,,,"Piso en calle de Rocafort, San Cristóbal, Madrid",€125.400,,,,,,,,,,,,,,,,,,,,,,,
,,,,"Piso en calle de Rodas, Lavapiés-Embajadores, Madrid",€195.000,,,,,,,,,,,,,,,,,,,,,,,
,,,,"Piso en calle de Rodríguez Espinosa, Palomeras Bajas, Madrid",€70.000,,,,,,,,,,,,,,,,,,,,,,,
,,,,"Piso en calle de Sáhara, Los Rosales, Madrid",€105.500,,,,,,,,,,,,,,,,,,,,,,,
,,,,"Piso en calle de San Anselmo, Palomeras Bajas, Madrid",€89.000,,,,,,,,,,,,,,,,,,,,,,,
,,,,"Piso en calle de San Dalmacio, Villaverde Alto, Madrid",€49.900,,,,,,,,,,,,,,,,,,,,,,,
,,,,"Piso en calle de San Eugenio, Lavapiés-Embajadores, Madrid",€273.200,,,,,,,,,,,,,,,,,,,,,,,
,,,,"Piso en calle de San Ildefonso, Lavapiés-Embajadores, Madrid",€79.900,,,,,,,,,,,,,,,,,,,,,,,
,,,,"Piso en calle de San Juan de Mata, Lucero, Madrid",€133.100,,,,,,,,,,,,,,,,,,,,,,,
,,,,"Piso en calle de San Marino, Rosas, Madrid",€140.200,,,,,,,,,,,,,,,,,,,,,,,
,,,,"Piso en calle de Santa Ana, Lavapiés-Embajadores, Madrid",€680.000,,,,,,,,,,,,,,,,,,,,,,,
,,,,"Piso en calle de Santurce, Pueblo Nuevo, Madrid",€143.200,,,,,,,,,,,,,,,,,,,,,,,
,,,,"Piso en calle de Saturnino Tejera, Vista Alegre, Madrid",€105.000,,,,,,,,,,,,,,,,,,,,,,,
,,,,"Piso en calle de Seseña, Aluche, Madrid",€148.000,,,,,,,,,,,,,,,,,,,,,,,
,,,,"Piso en calle de Siena, Quintana, Madrid",€195.000,,,,,,,,,,,,,,,,,,,,,,,
,,,,"Piso en calle de Sierra Elvira, 32, Numancia, Madrid",€100.000,,,,,,,,,,,,,,,,,,,,,,,
,,,,"Piso en calle de Sierra Elvira, Numancia, Madrid",€110.500,,,,,,,,,,,,,,,,,,,,,,,
,,,,"Piso en calle de Silva, 25, Malasaña-Universidad, Madrid",€370.000,,,,,,,,,,,,,,,,,,,,,,,
,,,,"Piso en calle de Sor María de Ágreda, s/n, Ventas, Madrid",€180.000,,,,,,,,,,,,,,,,,,,,,,,
,,,,"Piso en calle de Tembleque, Aluche, Madrid",€198.000,,,,,,,,,,,,,,,,,,,,,,,
,,,,"Piso en calle de Tomás Esteban, San Diego, Madrid",€67.000,,,,,,,,,,,,,,,,,,,,,,,
,,,,"Piso en calle de Tomás García, San Diego, Madrid",€162.000,,,,,,,,,,,,,,,,,,,,,,,
,,,,"Piso en calle de Uceda, Palomeras Bajas, Madrid",€423.500,,,,,,,,,,,,,,,,,,,,,,,
,,,,"Piso en calle de Valdesaz, Casco Histórico de Vallecas, Madrid",€175.000,,,,,,,,,,,,,,,,,,,,,,,
,,,,"Piso en calle de Villafuerte, Los Rosales, Madrid",€63.000,,,,,,,,,,,,,,,,,,,,,,,
,,,,"Piso en calle de Villamanín, Lucero, Madrid",€749.000,,,,,,,,,,,,,,,,,,,,,,,
,,,,"Piso en calle de Zaida, San Isidro, Madrid",€112.000,,,,,,,,,,,,,,,,,,,,,,,
,,,,"Piso en calle del Amor de Dios, 21 -5, Huertas-Cortes, Madrid",€380.000,,,,,,,,,,,,,,,,,,,,,,,
,,,,"Piso en calle del Áncora, Palos de la Frontera, Madrid",€438.000,,,,,,,,,,,,,,,,,,,,,,,
,,,,"Piso en calle del Bario, Butarque, Madrid",€442.400,,,,,,,,,,,,,,,,,,,,,,,
,,,,"Piso en calle del Cerro Blanco, Zofío, Madrid",€65.400,,,,,,,,,,,,,,,,,,,,,,,
,,,,"Piso en calle del Corregidor Juan de Bobadilla, 22, Vinateros, Madrid",€269.500,,,,,,,,,,,,,,,,,,,,,,,
,,,,"Piso en calle del Corregidor Juan de Bobadilla, Vinateros, Madrid",€269.500,,,,,,,,,,,,,,,,,,,,,,,
,,,,"Piso en calle del Corregidor Señor de la Elipa, Marroquina, Madrid",€152.000,,,,,,,,,,,,,,,,,,,,,,,
,,,,"Piso en calle del Doctor Jerónimo Iborra, Puerta Bonita, Madrid",€70.050,,,,,,,,,,,,,,,,,,,,,,,
,,,,"Piso en calle del Doctor Juan José López Ibor, Peñagrande, Madrid",€4.370.000,,,,,,,,,,,,,,,,,,,,,,,
,,,,"Piso en calle del Doctor Sánchez, s/n, San Diego, Madrid",€115.000,,,,,,,,,,,,,,,,,,,,,,,
,,,,"Piso en calle del Doctor Tolosa Latour, 12 de Octubre-Orcasur, Madrid",€140.700,,,,,,,,,,,,,,,,,,,,,,,
,,,,"Piso en calle del Jardín de San Federico, Goya, Madrid",€960.000,,,,,,,,,,,,,,,,,,,,,,,
,,,,"Piso en calle del Lago Iseo, 4, Casco Histórico de Vicálvaro, Madrid",€101.300,,,,,,,,,,,,,,,,,,,,,,,
,,,,"Piso en calle del Marqués de Villamejor, Castellana, Madrid",€2.750.000,,,,,,,,,,,,,,,,,,,,,,,
,,,,"Piso en calle del Monte Esquinza, 7, Almagro, Madrid",€650.000,,,,,,,,,,,,,,,,,,,,,,,
,,,,"Piso en calle del Pico Cejo, Numancia, Madrid",€308.000,,,,,,,,,,,,,,,,,,,,,,,
,,,,"Piso en calle del Poeta Blas de Otero, Ventas, Madrid",€147.600,,,,,,,,,,,,,,,,,,,,,,,
,,,,"Piso en calle del Puerto de Balbarán, Palomeras Bajas, Madrid",€136.457,,,,,,,,,,,,,,,,,,,,,,,
,,,,"Piso en calle del Puerto de Lumbreras, Casco Histórico de Vallecas, Madrid",€240.800,,,,,,,,,,,,,,,,,,,,,,,
,,,,"Piso en calle del Puerto del Bruch, Casco Histórico de Vallecas, Madrid",€61.000,,,,,,,,,,,,,,,,,,,,,,,
,,,,"Piso en calle del Puerto del Rey, Numancia, Madrid",€2.519.500,,,,,,,,,,,,,,,,,,,,,,,
,,,,"Piso en calle del Río Orinoco, 34, Portazgo, Madrid",€88.000,,,,,,,,,,,,,,,,,,,,,,,
,,,,"Piso en calle Dodge, 2, Orcasitas, Madrid",€240.000,,,,,,,,,,,,,,,,,,,,,,,
,,,,"Piso en calle Ebanistería, Amposta, Madrid",€171.000,,,,,,,,,,,,,,,,,,,,,,,
,,,,"Piso en calle Emilio Raboso, San Diego, Madrid",€52.400,,,,,,,,,,,,,,,,,,,,,,,
,,,,"Piso en calle Enrique Moyano, Comillas, Madrid",€92.000,,,,,,,,,,,,,,,,,,,,,,,
,,,,"Piso en calle Ezequiel Peñalver, Aeropuerto, Madrid",€210.000,,,,,,,,,,,,,,,,,,,,,,,
,,,,"Piso en calle Francisco Guzmán, 10, Puerta Bonita, Madrid",€123.200,,,,,,,,,,,,,,,,,,,,,,,
,,,,"Piso en calle Germán Pérez Carrasco, Quintana, Madrid",€253.800,,,,,,,,,,,,,,,,,,,,,,,
,,,,"Piso en calle González Arias, Pradolongo, Madrid",€94.200,,,,,,,,,,,,,,,,,,,,,,,
,,,,"Piso en calle Guadalcázar, 16, Entrevías, Madrid",€89.100,,,,,,,,,,,,,,,,,,,,,,,
,,,,"Piso en calle Guadalcázar, Entrevías, Madrid",€201.400,,,,,,,,,,,,,,,,,,,,,,,
,,,,"Piso en calle Guitarra, Buena Vista, Madrid",€168.500,,,,,,,,,,,,,,,,,,,,,,,
,,,,"Piso en calle Gutiérrez y Michel, Ensanche de Vallecas - La Gavia, Madrid",€106.600,,,,,,,,,,,,,,,,,,,,,,,
,,,,"Piso en calle Horcajo, Villaverde Alto, Madrid",€143.000,,,,,,,,,,,,,,,,,,,,,,,
,,,,"Piso en calle Inocencia Sánchez, Buena Vista, Madrid",€115.000,,,,,,,,,,,,,,,,,,,,,,,
,,,,"Piso en calle Lagunas de Neila, Villaverde Alto, Madrid",€570.000,,,,,,,,,,,,,,,,,,,,,,,
,,,,"Piso en calle Lardero, Ambroz, Madrid",€136.500,,,,,,,,,,,,,,,,,,,,,,,
,,,,"Piso en calle Litos, Los Ángeles, Madrid",€139.200,,,,,,,,,,,,,,,,,,,,,,,
,,,,"Piso en calle Manuel Cano, Casco Histórico de Vallecas, Madrid",€104.700,,,,,,,,,,,,,,,,,,,,,,,
,,,,"Piso en calle Marianistas, Buena Vista, Madrid",€82.700,,,,,,,,,,,,,,,,,,,,,,,
,,,,"Piso en calle Marina Vega, Zofío, Madrid",€104.000,,,,,,,,,,,,,,,,,,,,,,,
,,,,"Piso en calle Marmolistas, Arcos, Madrid",€24.000,,,,,,,,,,,,,,,,,,,,,,,
,,,,"Piso en calle Mendívil, Numancia, Madrid",€366.000,,,,,,,,,,,,,,,,,,,,,,,
,,,,"Piso en calle Moncada, San Cristóbal, Madrid",€62.000,,,,,,,,,,,,,,,,,,,,,,,
,,,,"Piso en calle Morenés Arteaga, Opañel, Madrid",€140.000,,,,,,,,,,,,,,,,,,,,,,,
,,,,"Piso en calle Nicolás Godoy, Almendrales, Madrid",€471.500,,,,,,,,,,,,,,,,,,,,,,,
,,,,"Piso en calle Ontanilla, Abrantes, Madrid",€266.300,,,,,,,,,,,,,,,,,,,,,,,
,,,,"Piso en calle Padul, 12 de Octubre-Orcasur, Madrid",€194.400,,,,,,,,,,,,,,,,,,,,,,,
,,,,"Piso en calle Peña de Oroel, Casco Histórico de Vallecas, Madrid",€98.200,,,,,,,,,,,,,,,,,,,,,,,
,,,,"Piso en calle Peralejo, San Fermín, Madrid",€164.000,,,,,,,,,,,,,,,,,,,,,,,
,,,,"Piso en calle Pico de la Cierva, Casco Histórico de Vallecas, Madrid",€93.100,,,,,,,,,,,,,,,,,,,,,,,
,,,,"Piso en calle Pico de los Artilleros, Vinateros, Madrid",€226.000,,,,,,,,,,,,,,,,,,,,,,,
,,,,"Piso en calle Pinos Alta, Valdeacederas, Madrid",€241.000,,,,,,,,,,,,,,,,,,,,,,,
,,,,"Piso en calle Puebla de Sanabria, Villaverde Alto, Madrid",€166.600,,,,,,,,,,,,,,,,,,,,,,,
,,,,"Piso en calle Puerto de Porzuna, Casco Histórico de Vallecas, Madrid",€135.000,,,,,,,,,,,,,,,,,,,,,,,
,,,,"Piso en calle Recesvinto, 84, San Isidro, Madrid",€151.000,,,,,,,,,,,,,,,,,,,,,,,
,,,,"Piso en calle San Ambrosio, San Isidro, Madrid",€118.500,,,,,,,,,,,,,,,,,,,,,,,
,,,,"Piso en calle San Basilio, Pradolongo, Madrid",€180.000,,,,,,,,,,,,,,,,,,,,,,,
,,,,"Piso en calle San Herculano, 5, Canillejas, Madrid",€135.900,,,,,,,,,,,,,,,,,,,,,,,
,,,,"Piso en calle Siderurgia, Amposta, Madrid",€141.200,,,,,,,,,,,,,,,,,,,,,,,
,,,,"Piso en calle Sierra de Alquife, 30, San Diego, Madrid",€111.000,,,,,,,,,,,,,,,,,,,,,,,
,,,,"Piso en calle Sierra Madrona, Numancia, Madrid",€159.300,,,,,,,,,,,,,,,,,,,,,,,
,,,,"Piso en calle Sorgo, Valdeacederas, Madrid",€96.900,,,,,,,,,,,,,,,,,,,,,,,
,,,,"Piso en calle Tomelloso, Almendrales, Madrid",€282.200,,,,,,,,,,,,,,,,,,,,,,,
,,,,"Piso en calle Tordo, San Isidro, Madrid",€208.100,,,,,,,,,,,,,,,,,,,,,,,
,,,,"Piso en calle Tortajada, Villaverde Alto, Madrid",€140.000,,,,,,,,,,,,,,,,,,,,,,,
,,,,"Piso en calle Virgen de las Viñas, Santa Eugenia, Madrid",€293.200,,,,,,,,,,,,,,,,,,,,,,,
,,,,"Piso en calle Yuste, s/n, Entrevías, Madrid",€134.000,,,,,,,,,,,,,,,,,,,,,,,
,,,,"Piso en camino de Valderribas, Numancia, Madrid",€124.000,,,,,,,,,,,,,,,,,,,,,,,
,,,,"Piso en camino Viejo de Leganés, Opañel, Madrid",€294.000,,,,,,,,,,,,,,,,,,,,,,,
,,,,"Piso en Casco Histórico de Vallecas, Madrid",€118.000,,,,,,,,,,,,,,,,,,,,,,,
,,,,"Piso en Castellana, Madrid",€1.800.000,,,,,,,,,,,,,,,,,,,,,,,
,,,,"Piso en Comillas, Madrid",€345.000,,,,,,,,,,,,,,,,,,,,,,,
,,,,"Piso en Cuzco-Castillejos, Madrid",€650.000,,,,,,,,,,,,,,,,,,,,,,,
,,,,"Piso en Delicias, Madrid",€229.000,,,,,,,,,,,,,,,,,,,,,,,
,,,,"Piso en Entrevías, Madrid",€161.000,,,,,,,,,,,,,,,,,,,,,,,
,,,,"Piso en Fontarrón, Madrid",€227.900,,,,,,,,,,,,,,,,,,,,,,,
,,,,"Piso en Fuente del Berro, Madrid",€897.000,,,,,,,,,,,,,,,,,,,,,,,
,,,,"Piso en Goya, Madrid",€2.843.900,,,,,,,,,,,,,,,,,,,,,,,
,,,,"Piso en Ibiza, Madrid",€1.829.000,,,,,,,,,,,,,,,,,,,,,,,
,,,,"Piso en Lavapiés-Embajadores, Madrid",€629.000,,,,,,,,,,,,,,,,,,,,,,,
,,,,"Piso en Los Rosales, Madrid",€255.900,,,,,,,,,,,,,,,,,,,,,,,
,,,,"Piso en Lucero, Madrid",€127.000,,,,,,,,,,,,,,,,,,,,,,,
,,,,"Piso en Marroquina, Madrid",€151.500,,,,,,,,,,,,,,,,,,,,,,,
,,,,"Piso en Media Legua, Madrid",€192.000,,,,,,,,,,,,,,,,,,,,,,,
,,,,"Piso en Nueva España, Madrid",€1.480.000,,,,,,,,,,,,,,,,,,,,,,,
,,,,"Piso en Numancia, Madrid",€258.400,,,,,,,,,,,,,,,,,,,,,,,
,,,,"Piso en paseo de Ginebra, Rosas, Madrid",€305.000,,,,,,,,,,,,,,,,,,,,,,,
,,,,"Piso en paseo de la Dirección, Berruguete, Madrid",€570.000,,,,,,,,,,,,,,,,,,,,,,,
,,,,"Piso en paseo de la Reina Cristina, Jerónimos, Madrid",€599.900,,,,,,,,,,,,,,,,,,,,,,,
,,,,"Piso en paseo de las Delicias, Delicias, Madrid",€177.300,,,,,,,,,,,,,,,,,,,,,,,
,,,,"Piso en paseo de San Francisco de Sales, Vallehermoso, Madrid",€8.598.040,,,,,,,,,,,,,,,,,,,,,,,
,,,,"Piso en paseo Imperial, Imperial, Madrid",€168.800,,,,,,,,,,,,,,,,,,,,,,,
,,,,"Piso en plaza de Carlos Cambronero, Malasaña-Universidad, Madrid",€214.500,,,,,,,,,,,,,,,,,,,,,,,
,,,,"Piso en plaza de la Sierra Carbonera, San Diego, Madrid",€96.700,,,,,,,,,,,,,,,,,,,,,,,
,,,,"Piso en plaza de Ribadeo, Pilar, Madrid",€253.600,,,,,,,,,,,,,,,,,,,,,,,
,,,,"Piso en plaza de Santa Teresita, Puerta del Ángel, Madrid",€230.000,,,,,,,,,,,,,,,,,,,,,,,
,,,,"Piso en plaza Mayor de Villaverde, Villaverde Alto, Madrid",€1.728.000,,,,,,,,,,,,,,,,,,,,,,,
,,,,"Piso en plaza Mil Delegados, Orcasitas, Madrid",€114.900,,,,,,,,,,,,,,,,,,,,,,,
,,,,"Piso en plaza Pinazo, San Cristóbal, Madrid",€108.100,,,,,,,,,,,,,,,,,,,,,,,
,,,,"Piso en Puerta Bonita, Madrid",€119.000,,,,,,,,,,,,,,,,,,,,,,,
,,,,"Piso en Puerta del Ángel, Madrid",€658.000,,,,,,,,,,,,,,,,,,,,,,,
,,,,"Piso en Recoletos, Madrid",€1.729.000,,,,,,,,,,,,,,,,,,,,,,,
,,,,"Piso en ronda del Sur, Entrevías, Madrid",€103.000,,,,,,,,,,,,,,,,,,,,,,,
,,,,"Piso en Rosas, Madrid",€305.000,,,,,,,,,,,,,,,,,,,,,,,
,,,,"Piso en San Cristóbal, Madrid",€166.000,,,,,,,,,,,,,,,,,,,,,,,
,,,,"Piso en San Diego, Madrid",€115.000,,,,,,,,,,,,,,,,,,,,,,,
,,,,"Piso en Trafalgar, Madrid",€1.650.000,,,,,,,,,,,,,,,,,,,,,,,
,,,,"Piso en travesía de Palomeras, San Diego, Madrid",€70.900,,,,,,,,,,,,,,,,,,,,,,,
,,,,"Piso en Ventas, Madrid",€275.000,,,,,,,,,,,,,,,,,,,,,,,
,,,,"Piso en Villaverde Alto, Madrid",€299.865,,,,,,,,,,,,,,,,,,,,,,,
,,,,"Piso en Vista Alegre, Madrid",€280.000,,,,,,,,,,,,,,,,,,,,,,,